<?xml version="1.0" encoding="UTF-8"?>
<gpx xmlns="http://www.topografix.com/GPX/1/1" xmlns:gpsies="https://www.gpsies.com/GPX/1/0" creator="AllTrails https://www.alltrails.com/ - 12k NONO OFICIAL 2021" version="1.1" xmlns:xsi="http://www.w3.org/2001/XMLSchema-instance" xsi:schemaLocation="http://www.topografix.com/GPX/1/1 http://www.topografix.com/GPX/1/1/gpx.xsd https://www.gpsies.com/GPX/1/0 https://www.gpsies.com/gpsies.xsd">
  <metadata>
    <name>12k NONO OFICIAL 2021</name>
    <link href="https://www.gpsies.com/">
      <text>12k NONO OFICIAL 2021 on AllTrails</text>
    </link>
    <time>2021-05-14T16:21:35Z</time>
  </metadata>
  <trk>
    <name>12k NONO OFICIAL 2021 on AllTrails</name>
    <trkseg>
      <trkpt lat="-31.7969902" lon="-65.0029676">
        <ele>886.00000</ele>
      </trkpt>
      <trkpt lat="-31.7963992" lon="-65.0028305">
        <ele>885.00000</ele>
      </trkpt>
      <trkpt lat="-31.7958071" lon="-65.0026692">
        <ele>888.00000</ele>
      </trkpt>
      <trkpt lat="-31.7950279" lon="-65.0025038">
        <ele>886.00000</ele>
      </trkpt>
      <trkpt lat="-31.7941806" lon="-65.0023222">
        <ele>888.00000</ele>
      </trkpt>
      <trkpt lat="-31.7940884" lon="-65.0013678">
        <ele>890.00000</ele>
      </trkpt>
      <trkpt lat="-31.7939828" lon="-65.0004771">
        <ele>890.00000</ele>
      </trkpt>
      <trkpt lat="-31.7938189" lon="-64.9992406">
        <ele>888.00000</ele>
      </trkpt>
      <trkpt lat="-31.7937027" lon="-64.9981131">
        <ele>885.00000</ele>
      </trkpt>
      <trkpt lat="-31.7936756" lon="-64.9969800">
        <ele>888.00000</ele>
      </trkpt>
      <trkpt lat="-31.7936552" lon="-64.9964927">
        <ele>888.00000</ele>
      </trkpt>
      <trkpt lat="-31.7937716" lon="-64.9961343">
        <ele>887.00000</ele>
      </trkpt>
      <trkpt lat="-31.7939711" lon="-64.9954889">
        <ele>883.00000</ele>
      </trkpt>
      <trkpt lat="-31.7942451" lon="-64.9948938">
        <ele>886.00000</ele>
      </trkpt>
      <trkpt lat="-31.7944061" lon="-64.9943502">
        <ele>889.00000</ele>
      </trkpt>
      <trkpt lat="-31.7945533" lon="-64.9937945">
        <ele>884.00000</ele>
      </trkpt>
      <trkpt lat="-31.7947365" lon="-64.9930061">
        <ele>885.00000</ele>
      </trkpt>
      <trkpt lat="-31.7949283" lon="-64.9921404">
        <ele>890.00000</ele>
      </trkpt>
      <trkpt lat="-31.7951270" lon="-64.9914961">
        <ele>895.00000</ele>
      </trkpt>
      <trkpt lat="-31.7952671" lon="-64.9909678">
        <ele>895.00000</ele>
      </trkpt>
      <trkpt lat="-31.7955616" lon="-64.9898362">
        <ele>908.00000</ele>
      </trkpt>
      <trkpt lat="-31.7957945" lon="-64.9890107">
        <ele>903.00000</ele>
      </trkpt>
      <trkpt lat="-31.7963939" lon="-64.9864568">
        <ele>902.00000</ele>
      </trkpt>
      <trkpt lat="-31.7967404" lon="-64.9848221">
        <ele>909.00000</ele>
      </trkpt>
      <trkpt lat="-31.7973259" lon="-64.9840224">
        <ele>904.00000</ele>
      </trkpt>
      <trkpt lat="-31.7979845" lon="-64.9831175">
        <ele>900.00000</ele>
      </trkpt>
      <trkpt lat="-31.7982241" lon="-64.9829927">
        <ele>899.00000</ele>
      </trkpt>
      <trkpt lat="-31.7984192" lon="-64.9828195">
        <ele>897.00000</ele>
      </trkpt>
      <trkpt lat="-31.7987002" lon="-64.9826080">
        <ele>895.00000</ele>
      </trkpt>
      <trkpt lat="-31.7989262" lon="-64.9822576">
        <ele>900.00000</ele>
      </trkpt>
      <trkpt lat="-31.7989262" lon="-64.9822456">
        <ele>900.00000</ele>
      </trkpt>
      <trkpt lat="-31.7989364" lon="-64.9822013">
        <ele>900.00000</ele>
      </trkpt>
      <trkpt lat="-31.7989981" lon="-64.9815811">
        <ele>902.00000</ele>
      </trkpt>
      <trkpt lat="-31.7989879" lon="-64.9810011">
        <ele>903.00000</ele>
      </trkpt>
      <trkpt lat="-31.7988955" lon="-64.9806346">
        <ele>907.00000</ele>
      </trkpt>
      <trkpt lat="-31.7987792" lon="-64.9795545">
        <ele>907.00000</ele>
      </trkpt>
      <trkpt lat="-31.7986698" lon="-64.9785581">
        <ele>907.00000</ele>
      </trkpt>
      <trkpt lat="-31.7986219" lon="-64.9782802">
        <ele>909.00000</ele>
      </trkpt>
      <trkpt lat="-31.7986699" lon="-64.9773274">
        <ele>917.00000</ele>
      </trkpt>
      <trkpt lat="-31.7986870" lon="-64.9770213">
        <ele>916.00000</ele>
      </trkpt>
      <trkpt lat="-31.7984303" lon="-64.9769931">
        <ele>916.00000</ele>
      </trkpt>
      <trkpt lat="-31.7980563" lon="-64.9769528">
        <ele>916.00000</ele>
      </trkpt>
      <trkpt lat="-31.7965405" lon="-64.9768197">
        <ele>918.00000</ele>
      </trkpt>
      <trkpt lat="-31.7958497" lon="-64.9767512">
        <ele>909.00000</ele>
      </trkpt>
      <trkpt lat="-31.7957022" lon="-64.9767915">
        <ele>907.00000</ele>
      </trkpt>
      <trkpt lat="-31.7955790" lon="-64.9769243">
        <ele>905.00000</ele>
      </trkpt>
      <trkpt lat="-31.7955687" lon="-64.9769324">
        <ele>905.00000</ele>
      </trkpt>
      <trkpt lat="-31.7953873" lon="-64.9771055">
        <ele>902.00000</ele>
      </trkpt>
      <trkpt lat="-31.7952710" lon="-64.9769789">
        <ele>900.00000</ele>
      </trkpt>
      <trkpt lat="-31.7950812" lon="-64.9767437">
        <ele>899.00000</ele>
      </trkpt>
      <trkpt lat="-31.7949819" lon="-64.9766752">
        <ele>898.00000</ele>
      </trkpt>
      <trkpt lat="-31.7949682" lon="-64.9766631">
        <ele>899.00000</ele>
      </trkpt>
      <trkpt lat="-31.7949408" lon="-64.9766430">
        <ele>899.00000</ele>
      </trkpt>
      <trkpt lat="-31.7949237" lon="-64.9766349">
        <ele>899.00000</ele>
      </trkpt>
      <trkpt lat="-31.7949134" lon="-64.9766269">
        <ele>899.00000</ele>
      </trkpt>
      <trkpt lat="-31.7948963" lon="-64.9766148">
        <ele>899.00000</ele>
      </trkpt>
      <trkpt lat="-31.7948826" lon="-64.9766067">
        <ele>899.00000</ele>
      </trkpt>
      <trkpt lat="-31.7948587" lon="-64.9765947">
        <ele>899.00000</ele>
      </trkpt>
      <trkpt lat="-31.7948484" lon="-64.9765866">
        <ele>899.00000</ele>
      </trkpt>
      <trkpt lat="-31.7948279" lon="-64.9765705">
        <ele>899.00000</ele>
      </trkpt>
      <trkpt lat="-31.7948039" lon="-64.9765584">
        <ele>899.00000</ele>
      </trkpt>
      <trkpt lat="-31.7947834" lon="-64.9765423">
        <ele>899.00000</ele>
      </trkpt>
      <trkpt lat="-31.7947731" lon="-64.9765181">
        <ele>900.00000</ele>
      </trkpt>
      <trkpt lat="-31.7947697" lon="-64.9765101">
        <ele>900.00000</ele>
      </trkpt>
      <trkpt lat="-31.7947526" lon="-64.9764859">
        <ele>900.00000</ele>
      </trkpt>
      <trkpt lat="-31.7947457" lon="-64.9764738">
        <ele>900.00000</ele>
      </trkpt>
      <trkpt lat="-31.7947423" lon="-64.9764698">
        <ele>900.00000</ele>
      </trkpt>
      <trkpt lat="-31.7947286" lon="-64.9764456">
        <ele>900.00000</ele>
      </trkpt>
      <trkpt lat="-31.7947184" lon="-64.9764295">
        <ele>900.00000</ele>
      </trkpt>
      <trkpt lat="-31.7947047" lon="-64.9764054">
        <ele>900.00000</ele>
      </trkpt>
      <trkpt lat="-31.7946910" lon="-64.9763732">
        <ele>900.00000</ele>
      </trkpt>
      <trkpt lat="-31.7946807" lon="-64.9763490">
        <ele>901.00000</ele>
      </trkpt>
      <trkpt lat="-31.7946670" lon="-64.9763168">
        <ele>901.00000</ele>
      </trkpt>
      <trkpt lat="-31.7946533" lon="-64.9763007">
        <ele>901.00000</ele>
      </trkpt>
      <trkpt lat="-31.7946225" lon="-64.9762725">
        <ele>901.00000</ele>
      </trkpt>
      <trkpt lat="-31.7946225" lon="-64.9762523">
        <ele>901.00000</ele>
      </trkpt>
      <trkpt lat="-31.7946225" lon="-64.9762040">
        <ele>901.00000</ele>
      </trkpt>
      <trkpt lat="-31.7946225" lon="-64.9761919">
        <ele>901.00000</ele>
      </trkpt>
      <trkpt lat="-31.7946191" lon="-64.9761597">
        <ele>902.00000</ele>
      </trkpt>
      <trkpt lat="-31.7946123" lon="-64.9761275">
        <ele>902.00000</ele>
      </trkpt>
      <trkpt lat="-31.7945986" lon="-64.9760912">
        <ele>902.00000</ele>
      </trkpt>
      <trkpt lat="-31.7945849" lon="-64.9760631">
        <ele>902.00000</ele>
      </trkpt>
      <trkpt lat="-31.7945712" lon="-64.9760349">
        <ele>903.00000</ele>
      </trkpt>
      <trkpt lat="-31.7945609" lon="-64.9760188">
        <ele>903.00000</ele>
      </trkpt>
      <trkpt lat="-31.7945609" lon="-64.9760067">
        <ele>903.00000</ele>
      </trkpt>
      <trkpt lat="-31.7945575" lon="-64.9759704">
        <ele>903.00000</ele>
      </trkpt>
      <trkpt lat="-31.7945575" lon="-64.9759664">
        <ele>903.00000</ele>
      </trkpt>
      <trkpt lat="-31.7945609" lon="-64.9758939">
        <ele>904.00000</ele>
      </trkpt>
      <trkpt lat="-31.7945678" lon="-64.9758577">
        <ele>904.00000</ele>
      </trkpt>
      <trkpt lat="-31.7945746" lon="-64.9758456">
        <ele>904.00000</ele>
      </trkpt>
      <trkpt lat="-31.7945815" lon="-64.9758214">
        <ele>904.00000</ele>
      </trkpt>
      <trkpt lat="-31.7945815" lon="-64.9757932">
        <ele>904.00000</ele>
      </trkpt>
      <trkpt lat="-31.7945849" lon="-64.9757691">
        <ele>904.00000</ele>
      </trkpt>
      <trkpt lat="-31.7945849" lon="-64.9757369">
        <ele>904.00000</ele>
      </trkpt>
      <trkpt lat="-31.7945849" lon="-64.9757127">
        <ele>904.00000</ele>
      </trkpt>
      <trkpt lat="-31.7945849" lon="-64.9756724">
        <ele>904.00000</ele>
      </trkpt>
      <trkpt lat="-31.7945849" lon="-64.9756281">
        <ele>904.00000</ele>
      </trkpt>
      <trkpt lat="-31.7945849" lon="-64.9756241">
        <ele>904.00000</ele>
      </trkpt>
      <trkpt lat="-31.7945952" lon="-64.9756080">
        <ele>904.00000</ele>
      </trkpt>
      <trkpt lat="-31.7946089" lon="-64.9755718">
        <ele>903.00000</ele>
      </trkpt>
      <trkpt lat="-31.7946294" lon="-64.9755436">
        <ele>903.00000</ele>
      </trkpt>
      <trkpt lat="-31.7946363" lon="-64.9755275">
        <ele>903.00000</ele>
      </trkpt>
      <trkpt lat="-31.7946397" lon="-64.9755234">
        <ele>903.00000</ele>
      </trkpt>
      <trkpt lat="-31.7946500" lon="-64.9755073">
        <ele>903.00000</ele>
      </trkpt>
      <trkpt lat="-31.7946602" lon="-64.9754952">
        <ele>903.00000</ele>
      </trkpt>
      <trkpt lat="-31.7946671" lon="-64.9754791">
        <ele>903.00000</ele>
      </trkpt>
      <trkpt lat="-31.7946808" lon="-64.9754590">
        <ele>903.00000</ele>
      </trkpt>
      <trkpt lat="-31.7946945" lon="-64.9754429">
        <ele>903.00000</ele>
      </trkpt>
      <trkpt lat="-31.7947081" lon="-64.9754147">
        <ele>903.00000</ele>
      </trkpt>
      <trkpt lat="-31.7947184" lon="-64.9754066">
        <ele>903.00000</ele>
      </trkpt>
      <trkpt lat="-31.7947287" lon="-64.9754026">
        <ele>903.00000</ele>
      </trkpt>
      <trkpt lat="-31.7947492" lon="-64.9753865">
        <ele>903.00000</ele>
      </trkpt>
      <trkpt lat="-31.7947526" lon="-64.9753704">
        <ele>903.00000</ele>
      </trkpt>
      <trkpt lat="-31.7947561" lon="-64.9753422">
        <ele>903.00000</ele>
      </trkpt>
      <trkpt lat="-31.7947561" lon="-64.9753221">
        <ele>903.00000</ele>
      </trkpt>
      <trkpt lat="-31.7947561" lon="-64.9753100">
        <ele>903.00000</ele>
      </trkpt>
      <trkpt lat="-31.7947629" lon="-64.9752818">
        <ele>903.00000</ele>
      </trkpt>
      <trkpt lat="-31.7947663" lon="-64.9752536">
        <ele>903.00000</ele>
      </trkpt>
      <trkpt lat="-31.7947663" lon="-64.9752456">
        <ele>903.00000</ele>
      </trkpt>
      <trkpt lat="-31.7947766" lon="-64.9752174">
        <ele>903.00000</ele>
      </trkpt>
      <trkpt lat="-31.7947835" lon="-64.9751972">
        <ele>903.00000</ele>
      </trkpt>
      <trkpt lat="-31.7947937" lon="-64.9751570">
        <ele>903.00000</ele>
      </trkpt>
      <trkpt lat="-31.7948006" lon="-64.9751449">
        <ele>903.00000</ele>
      </trkpt>
      <trkpt lat="-31.7948143" lon="-64.9751248">
        <ele>903.00000</ele>
      </trkpt>
      <trkpt lat="-31.7948382" lon="-64.9751006">
        <ele>903.00000</ele>
      </trkpt>
      <trkpt lat="-31.7948622" lon="-64.9750805">
        <ele>903.00000</ele>
      </trkpt>
      <trkpt lat="-31.7948827" lon="-64.9750684">
        <ele>903.00000</ele>
      </trkpt>
      <trkpt lat="-31.7948998" lon="-64.9750482">
        <ele>903.00000</ele>
      </trkpt>
      <trkpt lat="-31.7949135" lon="-64.9750402">
        <ele>903.00000</ele>
      </trkpt>
      <trkpt lat="-31.7949409" lon="-64.9750120">
        <ele>903.00000</ele>
      </trkpt>
      <trkpt lat="-31.7949478" lon="-64.9750080">
        <ele>903.00000</ele>
      </trkpt>
      <trkpt lat="-31.7949649" lon="-64.9749999">
        <ele>903.00000</ele>
      </trkpt>
      <trkpt lat="-31.7949786" lon="-64.9749838">
        <ele>903.00000</ele>
      </trkpt>
      <trkpt lat="-31.7949888" lon="-64.9749717">
        <ele>902.00000</ele>
      </trkpt>
      <trkpt lat="-31.7950094" lon="-64.9749597">
        <ele>902.00000</ele>
      </trkpt>
      <trkpt lat="-31.7950299" lon="-64.9749436">
        <ele>903.00000</ele>
      </trkpt>
      <trkpt lat="-31.7950402" lon="-64.9749315">
        <ele>903.00000</ele>
      </trkpt>
      <trkpt lat="-31.7950470" lon="-64.9749194">
        <ele>903.00000</ele>
      </trkpt>
      <trkpt lat="-31.7950607" lon="-64.9749073">
        <ele>903.00000</ele>
      </trkpt>
      <trkpt lat="-31.7950676" lon="-64.9748912">
        <ele>903.00000</ele>
      </trkpt>
      <trkpt lat="-31.7950778" lon="-64.9748791">
        <ele>903.00000</ele>
      </trkpt>
      <trkpt lat="-31.7950881" lon="-64.9748590">
        <ele>903.00000</ele>
      </trkpt>
      <trkpt lat="-31.7950950" lon="-64.9748429">
        <ele>903.00000</ele>
      </trkpt>
      <trkpt lat="-31.7951018" lon="-64.9748268">
        <ele>903.00000</ele>
      </trkpt>
      <trkpt lat="-31.7951052" lon="-64.9748147">
        <ele>903.00000</ele>
      </trkpt>
      <trkpt lat="-31.7951189" lon="-64.9747905">
        <ele>903.00000</ele>
      </trkpt>
      <trkpt lat="-31.7951223" lon="-64.9747905">
        <ele>903.00000</ele>
      </trkpt>
      <trkpt lat="-31.7951292" lon="-64.9747744">
        <ele>903.00000</ele>
      </trkpt>
      <trkpt lat="-31.7951429" lon="-64.9747462">
        <ele>903.00000</ele>
      </trkpt>
      <trkpt lat="-31.7951497" lon="-64.9747341">
        <ele>903.00000</ele>
      </trkpt>
      <trkpt lat="-31.7951566" lon="-64.9747221">
        <ele>903.00000</ele>
      </trkpt>
      <trkpt lat="-31.7951668" lon="-64.9747060">
        <ele>903.00000</ele>
      </trkpt>
      <trkpt lat="-31.7951771" lon="-64.9746778">
        <ele>903.00000</ele>
      </trkpt>
      <trkpt lat="-31.7951874" lon="-64.9746576">
        <ele>903.00000</ele>
      </trkpt>
      <trkpt lat="-31.7951737" lon="-64.9746375">
        <ele>903.00000</ele>
      </trkpt>
      <trkpt lat="-31.7951566" lon="-64.9746093">
        <ele>903.00000</ele>
      </trkpt>
      <trkpt lat="-31.7951497" lon="-64.9745972">
        <ele>903.00000</ele>
      </trkpt>
      <trkpt lat="-31.7951360" lon="-64.9745771">
        <ele>903.00000</ele>
      </trkpt>
      <trkpt lat="-31.7951258" lon="-64.9745610">
        <ele>903.00000</ele>
      </trkpt>
      <trkpt lat="-31.7951189" lon="-64.9745449">
        <ele>903.00000</ele>
      </trkpt>
      <trkpt lat="-31.7951189" lon="-64.9745247">
        <ele>903.00000</ele>
      </trkpt>
      <trkpt lat="-31.7951189" lon="-64.9745006">
        <ele>903.00000</ele>
      </trkpt>
      <trkpt lat="-31.7951189" lon="-64.9744684">
        <ele>903.00000</ele>
      </trkpt>
      <trkpt lat="-31.7951189" lon="-64.9744321">
        <ele>903.00000</ele>
      </trkpt>
      <trkpt lat="-31.7951189" lon="-64.9744079">
        <ele>903.00000</ele>
      </trkpt>
      <trkpt lat="-31.7951224" lon="-64.9743677">
        <ele>903.00000</ele>
      </trkpt>
      <trkpt lat="-31.7951258" lon="-64.9743395">
        <ele>903.00000</ele>
      </trkpt>
      <trkpt lat="-31.7951361" lon="-64.9743113">
        <ele>903.00000</ele>
      </trkpt>
      <trkpt lat="-31.7951395" lon="-64.9742751">
        <ele>903.00000</ele>
      </trkpt>
      <trkpt lat="-31.7951395" lon="-64.9742428">
        <ele>903.00000</ele>
      </trkpt>
      <trkpt lat="-31.7951395" lon="-64.9742106">
        <ele>903.00000</ele>
      </trkpt>
      <trkpt lat="-31.7951395" lon="-64.9741905">
        <ele>903.00000</ele>
      </trkpt>
      <trkpt lat="-31.7951429" lon="-64.9741824">
        <ele>903.00000</ele>
      </trkpt>
      <trkpt lat="-31.7951498" lon="-64.9741462">
        <ele>903.00000</ele>
      </trkpt>
      <trkpt lat="-31.7951566" lon="-64.9741260">
        <ele>903.00000</ele>
      </trkpt>
      <trkpt lat="-31.7951463" lon="-64.9739858">
        <ele>903.00000</ele>
      </trkpt>
      <trkpt lat="-31.7951463" lon="-64.9739737">
        <ele>903.00000</ele>
      </trkpt>
      <trkpt lat="-31.7951463" lon="-64.9739214">
        <ele>903.00000</ele>
      </trkpt>
      <trkpt lat="-31.7951395" lon="-64.9738811">
        <ele>904.00000</ele>
      </trkpt>
      <trkpt lat="-31.7951292" lon="-64.9738489">
        <ele>904.00000</ele>
      </trkpt>
      <trkpt lat="-31.7951224" lon="-64.9738368">
        <ele>904.00000</ele>
      </trkpt>
      <trkpt lat="-31.7951121" lon="-64.9738207">
        <ele>904.00000</ele>
      </trkpt>
      <trkpt lat="-31.7951087" lon="-64.9738046">
        <ele>904.00000</ele>
      </trkpt>
      <trkpt lat="-31.7950984" lon="-64.9737804">
        <ele>904.00000</ele>
      </trkpt>
      <trkpt lat="-31.7950882" lon="-64.9737442">
        <ele>905.00000</ele>
      </trkpt>
      <trkpt lat="-31.7950710" lon="-64.9737241">
        <ele>905.00000</ele>
      </trkpt>
      <trkpt lat="-31.7950642" lon="-64.9737200">
        <ele>905.00000</ele>
      </trkpt>
      <trkpt lat="-31.7950402" lon="-64.9737200">
        <ele>904.00000</ele>
      </trkpt>
      <trkpt lat="-31.7950231" lon="-64.9736838">
        <ele>904.00000</ele>
      </trkpt>
      <trkpt lat="-31.7950197" lon="-64.9736717">
        <ele>905.00000</ele>
      </trkpt>
      <trkpt lat="-31.7950129" lon="-64.9736516">
        <ele>905.00000</ele>
      </trkpt>
      <trkpt lat="-31.7950060" lon="-64.9736314">
        <ele>904.00000</ele>
      </trkpt>
      <trkpt lat="-31.7949957" lon="-64.9736073">
        <ele>904.00000</ele>
      </trkpt>
      <trkpt lat="-31.7949786" lon="-64.9735831">
        <ele>905.00000</ele>
      </trkpt>
      <trkpt lat="-31.7949684" lon="-64.9735710">
        <ele>905.00000</ele>
      </trkpt>
      <trkpt lat="-31.7949478" lon="-64.9735589">
        <ele>905.00000</ele>
      </trkpt>
      <trkpt lat="-31.7949307" lon="-64.9735469">
        <ele>905.00000</ele>
      </trkpt>
      <trkpt lat="-31.7949204" lon="-64.9735348">
        <ele>905.00000</ele>
      </trkpt>
      <trkpt lat="-31.7948965" lon="-64.9735307">
        <ele>905.00000</ele>
      </trkpt>
      <trkpt lat="-31.7948828" lon="-64.9735267">
        <ele>905.00000</ele>
      </trkpt>
      <trkpt lat="-31.7948691" lon="-64.9735267">
        <ele>904.00000</ele>
      </trkpt>
      <trkpt lat="-31.7948520" lon="-64.9735187">
        <ele>904.00000</ele>
      </trkpt>
      <trkpt lat="-31.7948280" lon="-64.9735026">
        <ele>904.00000</ele>
      </trkpt>
      <trkpt lat="-31.7948143" lon="-64.9734905">
        <ele>904.00000</ele>
      </trkpt>
      <trkpt lat="-31.7948007" lon="-64.9734824">
        <ele>904.00000</ele>
      </trkpt>
      <trkpt lat="-31.7947767" lon="-64.9734623">
        <ele>904.00000</ele>
      </trkpt>
      <trkpt lat="-31.7947733" lon="-64.9734583">
        <ele>904.00000</ele>
      </trkpt>
      <trkpt lat="-31.7947527" lon="-64.9734341">
        <ele>904.00000</ele>
      </trkpt>
      <trkpt lat="-31.7947390" lon="-64.9734220">
        <ele>904.00000</ele>
      </trkpt>
      <trkpt lat="-31.7947288" lon="-64.9734099">
        <ele>904.00000</ele>
      </trkpt>
      <trkpt lat="-31.7947117" lon="-64.9733938">
        <ele>904.00000</ele>
      </trkpt>
      <trkpt lat="-31.7946911" lon="-64.9733817">
        <ele>904.00000</ele>
      </trkpt>
      <trkpt lat="-31.7946843" lon="-64.9733817">
        <ele>904.00000</ele>
      </trkpt>
      <trkpt lat="-31.7946637" lon="-64.9733817">
        <ele>904.00000</ele>
      </trkpt>
      <trkpt lat="-31.7946364" lon="-64.9733656">
        <ele>904.00000</ele>
      </trkpt>
      <trkpt lat="-31.7946227" lon="-64.9733495">
        <ele>905.00000</ele>
      </trkpt>
      <trkpt lat="-31.7946158" lon="-64.9733415">
        <ele>905.00000</ele>
      </trkpt>
      <trkpt lat="-31.7946021" lon="-64.9733334">
        <ele>905.00000</ele>
      </trkpt>
      <trkpt lat="-31.7945919" lon="-64.9733213">
        <ele>905.00000</ele>
      </trkpt>
      <trkpt lat="-31.7945816" lon="-64.9733052">
        <ele>904.00000</ele>
      </trkpt>
      <trkpt lat="-31.7945748" lon="-64.9732891">
        <ele>904.00000</ele>
      </trkpt>
      <trkpt lat="-31.7945611" lon="-64.9732690">
        <ele>904.00000</ele>
      </trkpt>
      <trkpt lat="-31.7945508" lon="-64.9732609">
        <ele>904.00000</ele>
      </trkpt>
      <trkpt lat="-31.7945371" lon="-64.9732488">
        <ele>904.00000</ele>
      </trkpt>
      <trkpt lat="-31.7945131" lon="-64.9732367">
        <ele>904.00000</ele>
      </trkpt>
      <trkpt lat="-31.7944995" lon="-64.9732327">
        <ele>904.00000</ele>
      </trkpt>
      <trkpt lat="-31.7944755" lon="-64.9732287">
        <ele>904.00000</ele>
      </trkpt>
      <trkpt lat="-31.7944584" lon="-64.9732287">
        <ele>904.00000</ele>
      </trkpt>
      <trkpt lat="-31.7944550" lon="-64.9732287">
        <ele>904.00000</ele>
      </trkpt>
      <trkpt lat="-31.7944344" lon="-64.9732287">
        <ele>904.00000</ele>
      </trkpt>
      <trkpt lat="-31.7944070" lon="-64.9732367">
        <ele>904.00000</ele>
      </trkpt>
      <trkpt lat="-31.7944002" lon="-64.9732367">
        <ele>904.00000</ele>
      </trkpt>
      <trkpt lat="-31.7943865" lon="-64.9732408">
        <ele>904.00000</ele>
      </trkpt>
      <trkpt lat="-31.7943557" lon="-64.9732448">
        <ele>904.00000</ele>
      </trkpt>
      <trkpt lat="-31.7943317" lon="-64.9732448">
        <ele>904.00000</ele>
      </trkpt>
      <trkpt lat="-31.7943146" lon="-64.9732448">
        <ele>904.00000</ele>
      </trkpt>
      <trkpt lat="-31.7942907" lon="-64.9732448">
        <ele>904.00000</ele>
      </trkpt>
      <trkpt lat="-31.7942599" lon="-64.9732408">
        <ele>904.00000</ele>
      </trkpt>
      <trkpt lat="-31.7942325" lon="-64.9732327">
        <ele>904.00000</ele>
      </trkpt>
      <trkpt lat="-31.7942154" lon="-64.9732206">
        <ele>904.00000</ele>
      </trkpt>
      <trkpt lat="-31.7941983" lon="-64.9732085">
        <ele>904.00000</ele>
      </trkpt>
      <trkpt lat="-31.7941777" lon="-64.9732126">
        <ele>904.00000</ele>
      </trkpt>
      <trkpt lat="-31.7941572" lon="-64.9731965">
        <ele>904.00000</ele>
      </trkpt>
      <trkpt lat="-31.7941332" lon="-64.9731803">
        <ele>904.00000</ele>
      </trkpt>
      <trkpt lat="-31.7941161" lon="-64.9731723">
        <ele>904.00000</ele>
      </trkpt>
      <trkpt lat="-31.7940956" lon="-64.9731522">
        <ele>903.00000</ele>
      </trkpt>
      <trkpt lat="-31.7940887" lon="-64.9731481">
        <ele>903.00000</ele>
      </trkpt>
      <trkpt lat="-31.7939448" lon="-64.9730154">
        <ele>902.00000</ele>
      </trkpt>
      <trkpt lat="-31.7938558" lon="-64.9729027">
        <ele>902.00000</ele>
      </trkpt>
      <trkpt lat="-31.7938524" lon="-64.9728946">
        <ele>902.00000</ele>
      </trkpt>
      <trkpt lat="-31.7938387" lon="-64.9728584">
        <ele>902.00000</ele>
      </trkpt>
      <trkpt lat="-31.7938318" lon="-64.9728302">
        <ele>902.00000</ele>
      </trkpt>
      <trkpt lat="-31.7938250" lon="-64.9727698">
        <ele>902.00000</ele>
      </trkpt>
      <trkpt lat="-31.7938216" lon="-64.9727497">
        <ele>902.00000</ele>
      </trkpt>
      <trkpt lat="-31.7938113" lon="-64.9727013">
        <ele>902.00000</ele>
      </trkpt>
      <trkpt lat="-31.7938250" lon="-64.9726812">
        <ele>902.00000</ele>
      </trkpt>
      <trkpt lat="-31.7938284" lon="-64.9726691">
        <ele>902.00000</ele>
      </trkpt>
      <trkpt lat="-31.7938353" lon="-64.9726570">
        <ele>902.00000</ele>
      </trkpt>
      <trkpt lat="-31.7938421" lon="-64.9726288">
        <ele>902.00000</ele>
      </trkpt>
      <trkpt lat="-31.7938455" lon="-64.9726208">
        <ele>902.00000</ele>
      </trkpt>
      <trkpt lat="-31.7938524" lon="-64.9726047">
        <ele>902.00000</ele>
      </trkpt>
      <trkpt lat="-31.7938626" lon="-64.9725644">
        <ele>902.00000</ele>
      </trkpt>
      <trkpt lat="-31.7938729" lon="-64.9725362">
        <ele>902.00000</ele>
      </trkpt>
      <trkpt lat="-31.7938729" lon="-64.9725121">
        <ele>902.00000</ele>
      </trkpt>
      <trkpt lat="-31.7938763" lon="-64.9725000">
        <ele>902.00000</ele>
      </trkpt>
      <trkpt lat="-31.7938832" lon="-64.9724637">
        <ele>902.00000</ele>
      </trkpt>
      <trkpt lat="-31.7938832" lon="-64.9724597">
        <ele>902.00000</ele>
      </trkpt>
      <trkpt lat="-31.7938935" lon="-64.9724235">
        <ele>902.00000</ele>
      </trkpt>
      <trkpt lat="-31.7939037" lon="-64.9723751">
        <ele>902.00000</ele>
      </trkpt>
      <trkpt lat="-31.7939174" lon="-64.9723389">
        <ele>902.00000</ele>
      </trkpt>
      <trkpt lat="-31.7939208" lon="-64.9723188">
        <ele>902.00000</ele>
      </trkpt>
      <trkpt lat="-31.7939277" lon="-64.9723147">
        <ele>902.00000</ele>
      </trkpt>
      <trkpt lat="-31.7939516" lon="-64.9722946">
        <ele>902.00000</ele>
      </trkpt>
      <trkpt lat="-31.7939619" lon="-64.9722906">
        <ele>902.00000</ele>
      </trkpt>
      <trkpt lat="-31.7939688" lon="-64.9722745">
        <ele>902.00000</ele>
      </trkpt>
      <trkpt lat="-31.7939756" lon="-64.9722584">
        <ele>902.00000</ele>
      </trkpt>
      <trkpt lat="-31.7939859" lon="-64.9722261">
        <ele>902.00000</ele>
      </trkpt>
      <trkpt lat="-31.7939927" lon="-64.9721859">
        <ele>902.00000</ele>
      </trkpt>
      <trkpt lat="-31.7939927" lon="-64.9721778">
        <ele>902.00000</ele>
      </trkpt>
      <trkpt lat="-31.7939961" lon="-64.9721416">
        <ele>902.00000</ele>
      </trkpt>
      <trkpt lat="-31.7939996" lon="-64.9721335">
        <ele>902.00000</ele>
      </trkpt>
      <trkpt lat="-31.7940098" lon="-64.9720973">
        <ele>902.00000</ele>
      </trkpt>
      <trkpt lat="-31.7940201" lon="-64.9720610">
        <ele>902.00000</ele>
      </trkpt>
      <trkpt lat="-31.7940304" lon="-64.9720449">
        <ele>903.00000</ele>
      </trkpt>
      <trkpt lat="-31.7940406" lon="-64.9720087">
        <ele>903.00000</ele>
      </trkpt>
      <trkpt lat="-31.7940509" lon="-64.9719765">
        <ele>903.00000</ele>
      </trkpt>
      <trkpt lat="-31.7940578" lon="-64.9719523">
        <ele>903.00000</ele>
      </trkpt>
      <trkpt lat="-31.7940612" lon="-64.9719442">
        <ele>903.00000</ele>
      </trkpt>
      <trkpt lat="-31.7940646" lon="-64.9719201">
        <ele>903.00000</ele>
      </trkpt>
      <trkpt lat="-31.7940646" lon="-64.9718919">
        <ele>903.00000</ele>
      </trkpt>
      <trkpt lat="-31.7940715" lon="-64.9718597">
        <ele>903.00000</ele>
      </trkpt>
      <trkpt lat="-31.7940783" lon="-64.9718395">
        <ele>903.00000</ele>
      </trkpt>
      <trkpt lat="-31.7940817" lon="-64.9718234">
        <ele>903.00000</ele>
      </trkpt>
      <trkpt lat="-31.7940852" lon="-64.9718033">
        <ele>903.00000</ele>
      </trkpt>
      <trkpt lat="-31.7940886" lon="-64.9717711">
        <ele>903.00000</ele>
      </trkpt>
      <trkpt lat="-31.7940988" lon="-64.9717308">
        <ele>904.00000</ele>
      </trkpt>
      <trkpt lat="-31.7941057" lon="-64.9717026">
        <ele>904.00000</ele>
      </trkpt>
      <trkpt lat="-31.7941194" lon="-64.9716624">
        <ele>904.00000</ele>
      </trkpt>
      <trkpt lat="-31.7941331" lon="-64.9716140">
        <ele>904.00000</ele>
      </trkpt>
      <trkpt lat="-31.7941433" lon="-64.9715697">
        <ele>904.00000</ele>
      </trkpt>
      <trkpt lat="-31.7941433" lon="-64.9715576">
        <ele>904.00000</ele>
      </trkpt>
      <trkpt lat="-31.7941468" lon="-64.9715415">
        <ele>904.00000</ele>
      </trkpt>
      <trkpt lat="-31.7941536" lon="-64.9715053">
        <ele>904.00000</ele>
      </trkpt>
      <trkpt lat="-31.7941570" lon="-64.9714691">
        <ele>904.00000</ele>
      </trkpt>
      <trkpt lat="-31.7941570" lon="-64.9714570">
        <ele>904.00000</ele>
      </trkpt>
      <trkpt lat="-31.7941605" lon="-64.9714328">
        <ele>904.00000</ele>
      </trkpt>
      <trkpt lat="-31.7941673" lon="-64.9714046">
        <ele>904.00000</ele>
      </trkpt>
      <trkpt lat="-31.7941776" lon="-64.9713805">
        <ele>905.00000</ele>
      </trkpt>
      <trkpt lat="-31.7941878" lon="-64.9713523">
        <ele>905.00000</ele>
      </trkpt>
      <trkpt lat="-31.7942050" lon="-64.9713039">
        <ele>905.00000</ele>
      </trkpt>
      <trkpt lat="-31.7942118" lon="-64.9712758">
        <ele>905.00000</ele>
      </trkpt>
      <trkpt lat="-31.7942118" lon="-64.9712476">
        <ele>905.00000</ele>
      </trkpt>
      <trkpt lat="-31.7942118" lon="-64.9712194">
        <ele>905.00000</ele>
      </trkpt>
      <trkpt lat="-31.7942152" lon="-64.9711952">
        <ele>905.00000</ele>
      </trkpt>
      <trkpt lat="-31.7942221" lon="-64.9711751">
        <ele>905.00000</ele>
      </trkpt>
      <trkpt lat="-31.7942221" lon="-64.9711711">
        <ele>905.00000</ele>
      </trkpt>
      <trkpt lat="-31.7942221" lon="-64.9711469">
        <ele>905.00000</ele>
      </trkpt>
      <trkpt lat="-31.7942255" lon="-64.9711268">
        <ele>905.00000</ele>
      </trkpt>
      <trkpt lat="-31.7942358" lon="-64.9710945">
        <ele>905.00000</ele>
      </trkpt>
      <trkpt lat="-31.7942358" lon="-64.9710825">
        <ele>905.00000</ele>
      </trkpt>
      <trkpt lat="-31.7942460" lon="-64.9710583">
        <ele>905.00000</ele>
      </trkpt>
      <trkpt lat="-31.7942563" lon="-64.9710462">
        <ele>905.00000</ele>
      </trkpt>
      <trkpt lat="-31.7942632" lon="-64.9710221">
        <ele>906.00000</ele>
      </trkpt>
      <trkpt lat="-31.7942734" lon="-64.9709898">
        <ele>906.00000</ele>
      </trkpt>
      <trkpt lat="-31.7942734" lon="-64.9709697">
        <ele>906.00000</ele>
      </trkpt>
      <trkpt lat="-31.7942837" lon="-64.9709536">
        <ele>906.00000</ele>
      </trkpt>
      <trkpt lat="-31.7943042" lon="-64.9709455">
        <ele>906.00000</ele>
      </trkpt>
      <trkpt lat="-31.7943213" lon="-64.9709335">
        <ele>907.00000</ele>
      </trkpt>
      <trkpt lat="-31.7943350" lon="-64.9709254">
        <ele>907.00000</ele>
      </trkpt>
      <trkpt lat="-31.7943453" lon="-64.9709133">
        <ele>907.00000</ele>
      </trkpt>
      <trkpt lat="-31.7943522" lon="-64.9709012">
        <ele>907.00000</ele>
      </trkpt>
      <trkpt lat="-31.7943522" lon="-64.9708811">
        <ele>907.00000</ele>
      </trkpt>
      <trkpt lat="-31.7943522" lon="-64.9708489">
        <ele>907.00000</ele>
      </trkpt>
      <trkpt lat="-31.7943522" lon="-64.9708368">
        <ele>907.00000</ele>
      </trkpt>
      <trkpt lat="-31.7943522" lon="-64.9708207">
        <ele>908.00000</ele>
      </trkpt>
      <trkpt lat="-31.7943487" lon="-64.9708046">
        <ele>908.00000</ele>
      </trkpt>
      <trkpt lat="-31.7943453" lon="-64.9707724">
        <ele>908.00000</ele>
      </trkpt>
      <trkpt lat="-31.7943453" lon="-64.9707482">
        <ele>908.00000</ele>
      </trkpt>
      <trkpt lat="-31.7943453" lon="-64.9707321">
        <ele>908.00000</ele>
      </trkpt>
      <trkpt lat="-31.7943487" lon="-64.9706999">
        <ele>908.00000</ele>
      </trkpt>
      <trkpt lat="-31.7943522" lon="-64.9706878">
        <ele>908.00000</ele>
      </trkpt>
      <trkpt lat="-31.7943624" lon="-64.9706355">
        <ele>908.00000</ele>
      </trkpt>
      <trkpt lat="-31.7943761" lon="-64.9706153">
        <ele>908.00000</ele>
      </trkpt>
      <trkpt lat="-31.7944035" lon="-64.9705589">
        <ele>908.00000</ele>
      </trkpt>
      <trkpt lat="-31.7944172" lon="-64.9705348">
        <ele>908.00000</ele>
      </trkpt>
      <trkpt lat="-31.7944343" lon="-64.9705026">
        <ele>908.00000</ele>
      </trkpt>
      <trkpt lat="-31.7944377" lon="-64.9704865">
        <ele>908.00000</ele>
      </trkpt>
      <trkpt lat="-31.7944480" lon="-64.9704623">
        <ele>907.00000</ele>
      </trkpt>
      <trkpt lat="-31.7944617" lon="-64.9704502">
        <ele>908.00000</ele>
      </trkpt>
      <trkpt lat="-31.7944617" lon="-64.9704341">
        <ele>907.00000</ele>
      </trkpt>
      <trkpt lat="-31.7944617" lon="-64.9703777">
        <ele>907.00000</ele>
      </trkpt>
      <trkpt lat="-31.7944514" lon="-64.9703616">
        <ele>906.00000</ele>
      </trkpt>
      <trkpt lat="-31.7944446" lon="-64.9703455">
        <ele>906.00000</ele>
      </trkpt>
      <trkpt lat="-31.7944412" lon="-64.9703213">
        <ele>906.00000</ele>
      </trkpt>
      <trkpt lat="-31.7944343" lon="-64.9702972">
        <ele>906.00000</ele>
      </trkpt>
      <trkpt lat="-31.7944309" lon="-64.9702690">
        <ele>906.00000</ele>
      </trkpt>
      <trkpt lat="-31.7944240" lon="-64.9702247">
        <ele>905.00000</ele>
      </trkpt>
      <trkpt lat="-31.7944240" lon="-64.9701844">
        <ele>905.00000</ele>
      </trkpt>
      <trkpt lat="-31.7944172" lon="-64.9701643">
        <ele>905.00000</ele>
      </trkpt>
      <trkpt lat="-31.7944104" lon="-64.9701119">
        <ele>905.00000</ele>
      </trkpt>
      <trkpt lat="-31.7944104" lon="-64.9700878">
        <ele>904.00000</ele>
      </trkpt>
      <trkpt lat="-31.7944069" lon="-64.9700435">
        <ele>904.00000</ele>
      </trkpt>
      <trkpt lat="-31.7944069" lon="-64.9700072">
        <ele>904.00000</ele>
      </trkpt>
      <trkpt lat="-31.7944035" lon="-64.9699790">
        <ele>904.00000</ele>
      </trkpt>
      <trkpt lat="-31.7944035" lon="-64.9699388">
        <ele>904.00000</ele>
      </trkpt>
      <trkpt lat="-31.7943693" lon="-64.9697967">
        <ele>904.00000</ele>
      </trkpt>
      <trkpt lat="-31.7943624" lon="-64.9697685">
        <ele>904.00000</ele>
      </trkpt>
      <trkpt lat="-31.7943522" lon="-64.9697282">
        <ele>904.00000</ele>
      </trkpt>
      <trkpt lat="-31.7943487" lon="-64.9697201">
        <ele>904.00000</ele>
      </trkpt>
      <trkpt lat="-31.7943487" lon="-64.9697000">
        <ele>904.00000</ele>
      </trkpt>
      <trkpt lat="-31.7943453" lon="-64.9696678">
        <ele>904.00000</ele>
      </trkpt>
      <trkpt lat="-31.7943419" lon="-64.9696436">
        <ele>904.00000</ele>
      </trkpt>
      <trkpt lat="-31.7943419" lon="-64.9696195">
        <ele>904.00000</ele>
      </trkpt>
      <trkpt lat="-31.7943385" lon="-64.9696034">
        <ele>905.00000</ele>
      </trkpt>
      <trkpt lat="-31.7943316" lon="-64.9695752">
        <ele>905.00000</ele>
      </trkpt>
      <trkpt lat="-31.7943214" lon="-64.9695591">
        <ele>905.00000</ele>
      </trkpt>
      <trkpt lat="-31.7943042" lon="-64.9695430">
        <ele>905.00000</ele>
      </trkpt>
      <trkpt lat="-31.7942906" lon="-64.9695188">
        <ele>905.00000</ele>
      </trkpt>
      <trkpt lat="-31.7942734" lon="-64.9694866">
        <ele>905.00000</ele>
      </trkpt>
      <trkpt lat="-31.7942666" lon="-64.9694785">
        <ele>905.00000</ele>
      </trkpt>
      <trkpt lat="-31.7942461" lon="-64.9694544">
        <ele>905.00000</ele>
      </trkpt>
      <trkpt lat="-31.7942426" lon="-64.9694503">
        <ele>905.00000</ele>
      </trkpt>
      <trkpt lat="-31.7942324" lon="-64.9694342">
        <ele>906.00000</ele>
      </trkpt>
      <trkpt lat="-31.7942255" lon="-64.9694101">
        <ele>906.00000</ele>
      </trkpt>
      <trkpt lat="-31.7942187" lon="-64.9693819">
        <ele>906.00000</ele>
      </trkpt>
      <trkpt lat="-31.7942187" lon="-64.9693658">
        <ele>906.00000</ele>
      </trkpt>
      <trkpt lat="-31.7942153" lon="-64.9693174">
        <ele>907.00000</ele>
      </trkpt>
      <trkpt lat="-31.7942050" lon="-64.9692892">
        <ele>907.00000</ele>
      </trkpt>
      <trkpt lat="-31.7942016" lon="-64.9692731">
        <ele>907.00000</ele>
      </trkpt>
      <trkpt lat="-31.7941845" lon="-64.9692490">
        <ele>907.00000</ele>
      </trkpt>
      <trkpt lat="-31.7941673" lon="-64.9692369">
        <ele>907.00000</ele>
      </trkpt>
      <trkpt lat="-31.7941605" lon="-64.9692248">
        <ele>907.00000</ele>
      </trkpt>
      <trkpt lat="-31.7941468" lon="-64.9692168">
        <ele>907.00000</ele>
      </trkpt>
      <trkpt lat="-31.7941365" lon="-64.9691966">
        <ele>907.00000</ele>
      </trkpt>
      <trkpt lat="-31.7941228" lon="-64.9691684">
        <ele>908.00000</ele>
      </trkpt>
      <trkpt lat="-31.7941023" lon="-64.9691644">
        <ele>908.00000</ele>
      </trkpt>
      <trkpt lat="-31.7940818" lon="-64.9691644">
        <ele>908.00000</ele>
      </trkpt>
      <trkpt lat="-31.7940612" lon="-64.9691644">
        <ele>908.00000</ele>
      </trkpt>
      <trkpt lat="-31.7940373" lon="-64.9691644">
        <ele>908.00000</ele>
      </trkpt>
      <trkpt lat="-31.7940202" lon="-64.9691644">
        <ele>909.00000</ele>
      </trkpt>
      <trkpt lat="-31.7939996" lon="-64.9691644">
        <ele>909.00000</ele>
      </trkpt>
      <trkpt lat="-31.7939928" lon="-64.9691644">
        <ele>909.00000</ele>
      </trkpt>
      <trkpt lat="-31.7939722" lon="-64.9691644">
        <ele>909.00000</ele>
      </trkpt>
      <trkpt lat="-31.7939585" lon="-64.9691523">
        <ele>909.00000</ele>
      </trkpt>
      <trkpt lat="-31.7939414" lon="-64.9691362">
        <ele>909.00000</ele>
      </trkpt>
      <trkpt lat="-31.7939277" lon="-64.9691241">
        <ele>910.00000</ele>
      </trkpt>
      <trkpt lat="-31.7939243" lon="-64.9691201">
        <ele>910.00000</ele>
      </trkpt>
      <trkpt lat="-31.7939072" lon="-64.9691040">
        <ele>910.00000</ele>
      </trkpt>
      <trkpt lat="-31.7938867" lon="-64.9691000">
        <ele>910.00000</ele>
      </trkpt>
      <trkpt lat="-31.7938730" lon="-64.9690959">
        <ele>911.00000</ele>
      </trkpt>
      <trkpt lat="-31.7938627" lon="-64.9690879">
        <ele>911.00000</ele>
      </trkpt>
      <trkpt lat="-31.7938456" lon="-64.9690718">
        <ele>911.00000</ele>
      </trkpt>
      <trkpt lat="-31.7938353" lon="-64.9690597">
        <ele>911.00000</ele>
      </trkpt>
      <trkpt lat="-31.7938251" lon="-64.9690436">
        <ele>912.00000</ele>
      </trkpt>
      <trkpt lat="-31.7938148" lon="-64.9690315">
        <ele>912.00000</ele>
      </trkpt>
      <trkpt lat="-31.7938045" lon="-64.9690235">
        <ele>912.00000</ele>
      </trkpt>
      <trkpt lat="-31.7937840" lon="-64.9690194">
        <ele>912.00000</ele>
      </trkpt>
      <trkpt lat="-31.7937635" lon="-64.9690194">
        <ele>912.00000</ele>
      </trkpt>
      <trkpt lat="-31.7937395" lon="-64.9690194">
        <ele>912.00000</ele>
      </trkpt>
      <trkpt lat="-31.7937361" lon="-64.9690235">
        <ele>912.00000</ele>
      </trkpt>
      <trkpt lat="-31.7937190" lon="-64.9690275">
        <ele>912.00000</ele>
      </trkpt>
      <trkpt lat="-31.7937018" lon="-64.9690355">
        <ele>913.00000</ele>
      </trkpt>
      <trkpt lat="-31.7936847" lon="-64.9690355">
        <ele>913.00000</ele>
      </trkpt>
      <trkpt lat="-31.7936608" lon="-64.9690355">
        <ele>913.00000</ele>
      </trkpt>
      <trkpt lat="-31.7936539" lon="-64.9690355">
        <ele>913.00000</ele>
      </trkpt>
      <trkpt lat="-31.7936300" lon="-64.9690114">
        <ele>913.00000</ele>
      </trkpt>
      <trkpt lat="-31.7936197" lon="-64.9689872">
        <ele>913.00000</ele>
      </trkpt>
      <trkpt lat="-31.7936094" lon="-64.9689711">
        <ele>913.00000</ele>
      </trkpt>
      <trkpt lat="-31.7936026" lon="-64.9689510">
        <ele>913.00000</ele>
      </trkpt>
      <trkpt lat="-31.7935889" lon="-64.9689349">
        <ele>913.00000</ele>
      </trkpt>
      <trkpt lat="-31.7935684" lon="-64.9689308">
        <ele>913.00000</ele>
      </trkpt>
      <trkpt lat="-31.7935478" lon="-64.9689147">
        <ele>912.00000</ele>
      </trkpt>
      <trkpt lat="-31.7935307" lon="-64.9689107">
        <ele>912.00000</ele>
      </trkpt>
      <trkpt lat="-31.7935102" lon="-64.9689026">
        <ele>912.00000</ele>
      </trkpt>
      <trkpt lat="-31.7934999" lon="-64.9688946">
        <ele>912.00000</ele>
      </trkpt>
      <trkpt lat="-31.7934862" lon="-64.9688704">
        <ele>912.00000</ele>
      </trkpt>
      <trkpt lat="-31.7934828" lon="-64.9688664">
        <ele>912.00000</ele>
      </trkpt>
      <trkpt lat="-31.7934725" lon="-64.9688422">
        <ele>912.00000</ele>
      </trkpt>
      <trkpt lat="-31.7934657" lon="-64.9688302">
        <ele>912.00000</ele>
      </trkpt>
      <trkpt lat="-31.7934451" lon="-64.9688140">
        <ele>912.00000</ele>
      </trkpt>
      <trkpt lat="-31.7934349" lon="-64.9688060">
        <ele>912.00000</ele>
      </trkpt>
      <trkpt lat="-31.7934177" lon="-64.9688020">
        <ele>912.00000</ele>
      </trkpt>
      <trkpt lat="-31.7933972" lon="-64.9687979">
        <ele>912.00000</ele>
      </trkpt>
      <trkpt lat="-31.7933869" lon="-64.9687939">
        <ele>912.00000</ele>
      </trkpt>
      <trkpt lat="-31.7933869" lon="-64.9687617">
        <ele>912.00000</ele>
      </trkpt>
      <trkpt lat="-31.7933869" lon="-64.9687577">
        <ele>912.00000</ele>
      </trkpt>
      <trkpt lat="-31.7933869" lon="-64.9687255">
        <ele>912.00000</ele>
      </trkpt>
      <trkpt lat="-31.7933801" lon="-64.9687214">
        <ele>912.00000</ele>
      </trkpt>
      <trkpt lat="-31.7933630" lon="-64.9686892">
        <ele>912.00000</ele>
      </trkpt>
      <trkpt lat="-31.7933527" lon="-64.9686731">
        <ele>912.00000</ele>
      </trkpt>
      <trkpt lat="-31.7933459" lon="-64.9686570">
        <ele>912.00000</ele>
      </trkpt>
      <trkpt lat="-31.7933390" lon="-64.9686409">
        <ele>912.00000</ele>
      </trkpt>
      <trkpt lat="-31.7933288" lon="-64.9686248">
        <ele>912.00000</ele>
      </trkpt>
      <trkpt lat="-31.7932423" lon="-64.9685575">
        <ele>912.00000</ele>
      </trkpt>
      <trkpt lat="-31.7932286" lon="-64.9685575">
        <ele>913.00000</ele>
      </trkpt>
      <trkpt lat="-31.7931978" lon="-64.9685575">
        <ele>913.00000</ele>
      </trkpt>
      <trkpt lat="-31.7931841" lon="-64.9685535">
        <ele>913.00000</ele>
      </trkpt>
      <trkpt lat="-31.7931704" lon="-64.9685494">
        <ele>913.00000</ele>
      </trkpt>
      <trkpt lat="-31.7931567" lon="-64.9685414">
        <ele>913.00000</ele>
      </trkpt>
      <trkpt lat="-31.7931327" lon="-64.9685414">
        <ele>913.00000</ele>
      </trkpt>
      <trkpt lat="-31.7931088" lon="-64.9685414">
        <ele>914.00000</ele>
      </trkpt>
      <trkpt lat="-31.7930951" lon="-64.9685454">
        <ele>914.00000</ele>
      </trkpt>
      <trkpt lat="-31.7930848" lon="-64.9685535">
        <ele>914.00000</ele>
      </trkpt>
      <trkpt lat="-31.7930677" lon="-64.9685615">
        <ele>914.00000</ele>
      </trkpt>
      <trkpt lat="-31.7930472" lon="-64.9685655">
        <ele>914.00000</ele>
      </trkpt>
      <trkpt lat="-31.7930300" lon="-64.9685655">
        <ele>915.00000</ele>
      </trkpt>
      <trkpt lat="-31.7930129" lon="-64.9685615">
        <ele>915.00000</ele>
      </trkpt>
      <trkpt lat="-31.7930027" lon="-64.9685494">
        <ele>915.00000</ele>
      </trkpt>
      <trkpt lat="-31.7929856" lon="-64.9685293">
        <ele>915.00000</ele>
      </trkpt>
      <trkpt lat="-31.7929753" lon="-64.9685132">
        <ele>915.00000</ele>
      </trkpt>
      <trkpt lat="-31.7929513" lon="-64.9684769">
        <ele>915.00000</ele>
      </trkpt>
      <trkpt lat="-31.7929342" lon="-64.9684649">
        <ele>915.00000</ele>
      </trkpt>
      <trkpt lat="-31.7929137" lon="-64.9684649">
        <ele>915.00000</ele>
      </trkpt>
      <trkpt lat="-31.7929034" lon="-64.9684649">
        <ele>915.00000</ele>
      </trkpt>
      <trkpt lat="-31.7928897" lon="-64.9684689">
        <ele>916.00000</ele>
      </trkpt>
      <trkpt lat="-31.7928658" lon="-64.9684810">
        <ele>916.00000</ele>
      </trkpt>
      <trkpt lat="-31.7928418" lon="-64.9685132">
        <ele>917.00000</ele>
      </trkpt>
      <trkpt lat="-31.7928315" lon="-64.9685293">
        <ele>917.00000</ele>
      </trkpt>
      <trkpt lat="-31.7928213" lon="-64.9685494">
        <ele>917.00000</ele>
      </trkpt>
      <trkpt lat="-31.7928076" lon="-64.9685615">
        <ele>918.00000</ele>
      </trkpt>
      <trkpt lat="-31.7928007" lon="-64.9685736">
        <ele>918.00000</ele>
      </trkpt>
      <trkpt lat="-31.7927905" lon="-64.9685857">
        <ele>918.00000</ele>
      </trkpt>
      <trkpt lat="-31.7927768" lon="-64.9685937">
        <ele>918.00000</ele>
      </trkpt>
      <trkpt lat="-31.7927631" lon="-64.9686018">
        <ele>919.00000</ele>
      </trkpt>
      <trkpt lat="-31.7927460" lon="-64.9686018">
        <ele>919.00000</ele>
      </trkpt>
      <trkpt lat="-31.7927323" lon="-64.9685978">
        <ele>919.00000</ele>
      </trkpt>
      <trkpt lat="-31.7927220" lon="-64.9685897">
        <ele>919.00000</ele>
      </trkpt>
      <trkpt lat="-31.7927152" lon="-64.9685857">
        <ele>920.00000</ele>
      </trkpt>
      <trkpt lat="-31.7926980" lon="-64.9685615">
        <ele>920.00000</ele>
      </trkpt>
      <trkpt lat="-31.7926878" lon="-64.9685454">
        <ele>920.00000</ele>
      </trkpt>
      <trkpt lat="-31.7926775" lon="-64.9685333">
        <ele>920.00000</ele>
      </trkpt>
      <trkpt lat="-31.7926741" lon="-64.9685253">
        <ele>920.00000</ele>
      </trkpt>
      <trkpt lat="-31.7926604" lon="-64.9684931">
        <ele>920.00000</ele>
      </trkpt>
      <trkpt lat="-31.7926570" lon="-64.9684769">
        <ele>920.00000</ele>
      </trkpt>
      <trkpt lat="-31.7926501" lon="-64.9684568">
        <ele>920.00000</ele>
      </trkpt>
      <trkpt lat="-31.7926467" lon="-64.9684447">
        <ele>920.00000</ele>
      </trkpt>
      <trkpt lat="-31.7926399" lon="-64.9684326">
        <ele>920.00000</ele>
      </trkpt>
      <trkpt lat="-31.7926262" lon="-64.9684085">
        <ele>920.00000</ele>
      </trkpt>
      <trkpt lat="-31.7926125" lon="-64.9683964">
        <ele>920.00000</ele>
      </trkpt>
      <trkpt lat="-31.7925919" lon="-64.9683843">
        <ele>920.00000</ele>
      </trkpt>
      <trkpt lat="-31.7925851" lon="-64.9683843">
        <ele>920.00000</ele>
      </trkpt>
      <trkpt lat="-31.7925509" lon="-64.9683682">
        <ele>921.00000</ele>
      </trkpt>
      <trkpt lat="-31.7925269" lon="-64.9683481">
        <ele>921.00000</ele>
      </trkpt>
      <trkpt lat="-31.7924995" lon="-64.9683159">
        <ele>921.00000</ele>
      </trkpt>
      <trkpt lat="-31.7924721" lon="-64.9682796">
        <ele>921.00000</ele>
      </trkpt>
      <trkpt lat="-31.7924550" lon="-64.9682635">
        <ele>921.00000</ele>
      </trkpt>
      <trkpt lat="-31.7924379" lon="-64.9682555">
        <ele>922.00000</ele>
      </trkpt>
      <trkpt lat="-31.7924276" lon="-64.9682555">
        <ele>922.00000</ele>
      </trkpt>
      <trkpt lat="-31.7924003" lon="-64.9682474">
        <ele>922.00000</ele>
      </trkpt>
      <trkpt lat="-31.7923866" lon="-64.9682394">
        <ele>922.00000</ele>
      </trkpt>
      <trkpt lat="-31.7923831" lon="-64.9682394">
        <ele>923.00000</ele>
      </trkpt>
      <trkpt lat="-31.7923660" lon="-64.9682232">
        <ele>923.00000</ele>
      </trkpt>
      <trkpt lat="-31.7923489" lon="-64.9682031">
        <ele>923.00000</ele>
      </trkpt>
      <trkpt lat="-31.7923421" lon="-64.9681951">
        <ele>923.00000</ele>
      </trkpt>
      <trkpt lat="-31.7923284" lon="-64.9681749">
        <ele>923.00000</ele>
      </trkpt>
      <trkpt lat="-31.7923113" lon="-64.9681508">
        <ele>923.00000</ele>
      </trkpt>
      <trkpt lat="-31.7922907" lon="-64.9681185">
        <ele>923.00000</ele>
      </trkpt>
      <trkpt lat="-31.7922770" lon="-64.9680984">
        <ele>924.00000</ele>
      </trkpt>
      <trkpt lat="-31.7922668" lon="-64.9680863">
        <ele>924.00000</ele>
      </trkpt>
      <trkpt lat="-31.7922565" lon="-64.9680702">
        <ele>924.00000</ele>
      </trkpt>
      <trkpt lat="-31.7922394" lon="-64.9680501">
        <ele>924.00000</ele>
      </trkpt>
      <trkpt lat="-31.7922291" lon="-64.9680340">
        <ele>924.00000</ele>
      </trkpt>
      <trkpt lat="-31.7922052" lon="-64.9680219">
        <ele>924.00000</ele>
      </trkpt>
      <trkpt lat="-31.7921778" lon="-64.9679897">
        <ele>924.00000</ele>
      </trkpt>
      <trkpt lat="-31.7921470" lon="-64.9679575">
        <ele>924.00000</ele>
      </trkpt>
      <trkpt lat="-31.7921298" lon="-64.9679454">
        <ele>925.00000</ele>
      </trkpt>
      <trkpt lat="-31.7921059" lon="-64.9679333">
        <ele>925.00000</ele>
      </trkpt>
      <trkpt lat="-31.7920785" lon="-64.9679132">
        <ele>925.00000</ele>
      </trkpt>
      <trkpt lat="-31.7920682" lon="-64.9679091">
        <ele>925.00000</ele>
      </trkpt>
      <trkpt lat="-31.7920511" lon="-64.9678930">
        <ele>925.00000</ele>
      </trkpt>
      <trkpt lat="-31.7920443" lon="-64.9678769">
        <ele>925.00000</ele>
      </trkpt>
      <trkpt lat="-31.7920272" lon="-64.9678528">
        <ele>925.00000</ele>
      </trkpt>
      <trkpt lat="-31.7920100" lon="-64.9678326">
        <ele>926.00000</ele>
      </trkpt>
      <trkpt lat="-31.7919256" lon="-64.9677528">
        <ele>927.00000</ele>
      </trkpt>
      <trkpt lat="-31.7919188" lon="-64.9677447">
        <ele>927.00000</ele>
      </trkpt>
      <trkpt lat="-31.7918982" lon="-64.9677165">
        <ele>927.00000</ele>
      </trkpt>
      <trkpt lat="-31.7918708" lon="-64.9676803">
        <ele>927.00000</ele>
      </trkpt>
      <trkpt lat="-31.7918674" lon="-64.9676682">
        <ele>926.00000</ele>
      </trkpt>
      <trkpt lat="-31.7918640" lon="-64.9676521">
        <ele>926.00000</ele>
      </trkpt>
      <trkpt lat="-31.7918537" lon="-64.9676199">
        <ele>926.00000</ele>
      </trkpt>
      <trkpt lat="-31.7918435" lon="-64.9675998">
        <ele>926.00000</ele>
      </trkpt>
      <trkpt lat="-31.7918229" lon="-64.9675877">
        <ele>926.00000</ele>
      </trkpt>
      <trkpt lat="-31.7917853" lon="-64.9675756">
        <ele>926.00000</ele>
      </trkpt>
      <trkpt lat="-31.7917613" lon="-64.9675716">
        <ele>927.00000</ele>
      </trkpt>
      <trkpt lat="-31.7917476" lon="-64.9675555">
        <ele>926.00000</ele>
      </trkpt>
      <trkpt lat="-31.7917374" lon="-64.9675393">
        <ele>926.00000</ele>
      </trkpt>
      <trkpt lat="-31.7917202" lon="-64.9675112">
        <ele>926.00000</ele>
      </trkpt>
      <trkpt lat="-31.7916963" lon="-64.9674910">
        <ele>926.00000</ele>
      </trkpt>
      <trkpt lat="-31.7916757" lon="-64.9674789">
        <ele>926.00000</ele>
      </trkpt>
      <trkpt lat="-31.7916655" lon="-64.9674669">
        <ele>926.00000</ele>
      </trkpt>
      <trkpt lat="-31.7916381" lon="-64.9674508">
        <ele>927.00000</ele>
      </trkpt>
      <trkpt lat="-31.7916073" lon="-64.9674346">
        <ele>927.00000</ele>
      </trkpt>
      <trkpt lat="-31.7915936" lon="-64.9674306">
        <ele>927.00000</ele>
      </trkpt>
      <trkpt lat="-31.7915799" lon="-64.9674185">
        <ele>927.00000</ele>
      </trkpt>
      <trkpt lat="-31.7915868" lon="-64.9673904">
        <ele>927.00000</ele>
      </trkpt>
      <trkpt lat="-31.7915970" lon="-64.9673742">
        <ele>927.00000</ele>
      </trkpt>
      <trkpt lat="-31.7915970" lon="-64.9673702">
        <ele>927.00000</ele>
      </trkpt>
      <trkpt lat="-31.7915970" lon="-64.9673461">
        <ele>927.00000</ele>
      </trkpt>
      <trkpt lat="-31.7916073" lon="-64.9673219">
        <ele>926.00000</ele>
      </trkpt>
      <trkpt lat="-31.7916176" lon="-64.9673340">
        <ele>926.00000</ele>
      </trkpt>
      <trkpt lat="-31.7916347" lon="-64.9673380">
        <ele>926.00000</ele>
      </trkpt>
      <trkpt lat="-31.7916484" lon="-64.9673380">
        <ele>926.00000</ele>
      </trkpt>
      <trkpt lat="-31.7916757" lon="-64.9673299">
        <ele>925.00000</ele>
      </trkpt>
      <trkpt lat="-31.7916757" lon="-64.9673058">
        <ele>925.00000</ele>
      </trkpt>
      <trkpt lat="-31.7916963" lon="-64.9672897">
        <ele>925.00000</ele>
      </trkpt>
      <trkpt lat="-31.7917100" lon="-64.9672816">
        <ele>924.00000</ele>
      </trkpt>
      <trkpt lat="-31.7917100" lon="-64.9672534">
        <ele>924.00000</ele>
      </trkpt>
      <trkpt lat="-31.7917066" lon="-64.9672252">
        <ele>924.00000</ele>
      </trkpt>
      <trkpt lat="-31.7916997" lon="-64.9672011">
        <ele>924.00000</ele>
      </trkpt>
      <trkpt lat="-31.7916929" lon="-64.9671689">
        <ele>924.00000</ele>
      </trkpt>
      <trkpt lat="-31.7916792" lon="-64.9671568">
        <ele>924.00000</ele>
      </trkpt>
      <trkpt lat="-31.7916621" lon="-64.9671487">
        <ele>924.00000</ele>
      </trkpt>
      <trkpt lat="-31.7916484" lon="-64.9671487">
        <ele>924.00000</ele>
      </trkpt>
      <trkpt lat="-31.7916381" lon="-64.9671487">
        <ele>924.00000</ele>
      </trkpt>
      <trkpt lat="-31.7916141" lon="-64.9671205">
        <ele>924.00000</ele>
      </trkpt>
      <trkpt lat="-31.7916073" lon="-64.9671085">
        <ele>924.00000</ele>
      </trkpt>
      <trkpt lat="-31.7916039" lon="-64.9670924">
        <ele>924.00000</ele>
      </trkpt>
      <trkpt lat="-31.7915902" lon="-64.9670642">
        <ele>924.00000</ele>
      </trkpt>
      <trkpt lat="-31.7915765" lon="-64.9670561">
        <ele>924.00000</ele>
      </trkpt>
      <trkpt lat="-31.7915525" lon="-64.9670481">
        <ele>925.00000</ele>
      </trkpt>
      <trkpt lat="-31.7915286" lon="-64.9670400">
        <ele>925.00000</ele>
      </trkpt>
      <trkpt lat="-31.7915217" lon="-64.9670360">
        <ele>925.00000</ele>
      </trkpt>
      <trkpt lat="-31.7914978" lon="-64.9670078">
        <ele>925.00000</ele>
      </trkpt>
      <trkpt lat="-31.7914943" lon="-64.9669997">
        <ele>925.00000</ele>
      </trkpt>
      <trkpt lat="-31.7914772" lon="-64.9669957">
        <ele>925.00000</ele>
      </trkpt>
      <trkpt lat="-31.7914567" lon="-64.9669836">
        <ele>926.00000</ele>
      </trkpt>
      <trkpt lat="-31.7914879" lon="-64.9669593">
        <ele>925.00000</ele>
      </trkpt>
      <trkpt lat="-31.7915084" lon="-64.9669513">
        <ele>924.00000</ele>
      </trkpt>
      <trkpt lat="-31.7915255" lon="-64.9669311">
        <ele>924.00000</ele>
      </trkpt>
      <trkpt lat="-31.7915427" lon="-64.9669311">
        <ele>924.00000</ele>
      </trkpt>
      <trkpt lat="-31.7915632" lon="-64.9669311">
        <ele>923.00000</ele>
      </trkpt>
      <trkpt lat="-31.7915803" lon="-64.9669311">
        <ele>923.00000</ele>
      </trkpt>
      <trkpt lat="-31.7915906" lon="-64.9669271">
        <ele>923.00000</ele>
      </trkpt>
      <trkpt lat="-31.7916077" lon="-64.9669029">
        <ele>922.00000</ele>
      </trkpt>
      <trkpt lat="-31.7916145" lon="-64.9668828">
        <ele>922.00000</ele>
      </trkpt>
      <trkpt lat="-31.7916248" lon="-64.9668466">
        <ele>922.00000</ele>
      </trkpt>
      <trkpt lat="-31.7916316" lon="-64.9668264">
        <ele>922.00000</ele>
      </trkpt>
      <trkpt lat="-31.7916453" lon="-64.9668103">
        <ele>921.00000</ele>
      </trkpt>
      <trkpt lat="-31.7916625" lon="-64.9668103">
        <ele>921.00000</ele>
      </trkpt>
      <trkpt lat="-31.7916796" lon="-64.9668063">
        <ele>921.00000</ele>
      </trkpt>
      <trkpt lat="-31.7916830" lon="-64.9668023">
        <ele>921.00000</ele>
      </trkpt>
      <trkpt lat="-31.7916967" lon="-64.9667821">
        <ele>920.00000</ele>
      </trkpt>
      <trkpt lat="-31.7917069" lon="-64.9667580">
        <ele>920.00000</ele>
      </trkpt>
      <trkpt lat="-31.7917172" lon="-64.9667298">
        <ele>920.00000</ele>
      </trkpt>
      <trkpt lat="-31.7917206" lon="-64.9667217">
        <ele>920.00000</ele>
      </trkpt>
      <trkpt lat="-31.7917514" lon="-64.9667258">
        <ele>919.00000</ele>
      </trkpt>
      <trkpt lat="-31.7917651" lon="-64.9667258">
        <ele>919.00000</ele>
      </trkpt>
      <trkpt lat="-31.7917857" lon="-64.9667338">
        <ele>919.00000</ele>
      </trkpt>
      <trkpt lat="-31.7917959" lon="-64.9667258">
        <ele>919.00000</ele>
      </trkpt>
      <trkpt lat="-31.7918062" lon="-64.9667056">
        <ele>918.00000</ele>
      </trkpt>
      <trkpt lat="-31.7918199" lon="-64.9666573">
        <ele>918.00000</ele>
      </trkpt>
      <trkpt lat="-31.7918302" lon="-64.9666090">
        <ele>918.00000</ele>
      </trkpt>
      <trkpt lat="-31.7918473" lon="-64.9666090">
        <ele>917.00000</ele>
      </trkpt>
      <trkpt lat="-31.7918712" lon="-64.9665969">
        <ele>917.00000</ele>
      </trkpt>
      <trkpt lat="-31.7918918" lon="-64.9665566">
        <ele>916.00000</ele>
      </trkpt>
      <trkpt lat="-31.7919157" lon="-64.9665365">
        <ele>916.00000</ele>
      </trkpt>
      <trkpt lat="-31.7919294" lon="-64.9665486">
        <ele>916.00000</ele>
      </trkpt>
      <trkpt lat="-31.7919465" lon="-64.9665486">
        <ele>915.00000</ele>
      </trkpt>
      <trkpt lat="-31.7919602" lon="-64.9665647">
        <ele>915.00000</ele>
      </trkpt>
      <trkpt lat="-31.7919671" lon="-64.9665848">
        <ele>915.00000</ele>
      </trkpt>
      <trkpt lat="-31.7919739" lon="-64.9665969">
        <ele>915.00000</ele>
      </trkpt>
      <trkpt lat="-31.7919910" lon="-64.9666130">
        <ele>915.00000</ele>
      </trkpt>
      <trkpt lat="-31.7919979" lon="-64.9666090">
        <ele>915.00000</ele>
      </trkpt>
      <trkpt lat="-31.7920321" lon="-64.9665969">
        <ele>915.00000</ele>
      </trkpt>
      <trkpt lat="-31.7920492" lon="-64.9666170">
        <ele>915.00000</ele>
      </trkpt>
      <trkpt lat="-31.7920732" lon="-64.9666573">
        <ele>915.00000</ele>
      </trkpt>
      <trkpt lat="-31.7921040" lon="-64.9666613">
        <ele>914.00000</ele>
      </trkpt>
      <trkpt lat="-31.7921211" lon="-64.9666694">
        <ele>914.00000</ele>
      </trkpt>
      <trkpt lat="-31.7921314" lon="-64.9666613">
        <ele>914.00000</ele>
      </trkpt>
      <trkpt lat="-31.7921348" lon="-64.9666492">
        <ele>914.00000</ele>
      </trkpt>
      <trkpt lat="-31.7921519" lon="-64.9666049">
        <ele>914.00000</ele>
      </trkpt>
      <trkpt lat="-31.7921656" lon="-64.9665888">
        <ele>914.00000</ele>
      </trkpt>
      <trkpt lat="-31.7921759" lon="-64.9665808">
        <ele>914.00000</ele>
      </trkpt>
      <trkpt lat="-31.7922204" lon="-64.9665566">
        <ele>914.00000</ele>
      </trkpt>
      <trkpt lat="-31.7922443" lon="-64.9665365">
        <ele>914.00000</ele>
      </trkpt>
      <trkpt lat="-31.7922546" lon="-64.9664922">
        <ele>914.00000</ele>
      </trkpt>
      <trkpt lat="-31.7922546" lon="-64.9664519">
        <ele>914.00000</ele>
      </trkpt>
      <trkpt lat="-31.7922443" lon="-64.9664398">
        <ele>914.00000</ele>
      </trkpt>
      <trkpt lat="-31.7922204" lon="-64.9664237">
        <ele>914.00000</ele>
      </trkpt>
      <trkpt lat="-31.7922067" lon="-64.9664116">
        <ele>914.00000</ele>
      </trkpt>
      <trkpt lat="-31.7921998" lon="-64.9663996">
        <ele>914.00000</ele>
      </trkpt>
      <trkpt lat="-31.7921930" lon="-64.9663835">
        <ele>914.00000</ele>
      </trkpt>
      <trkpt lat="-31.7921861" lon="-64.9663593">
        <ele>914.00000</ele>
      </trkpt>
      <trkpt lat="-31.7921759" lon="-64.9663230">
        <ele>914.00000</ele>
      </trkpt>
      <trkpt lat="-31.7921690" lon="-64.9662908">
        <ele>914.00000</ele>
      </trkpt>
      <trkpt lat="-31.7921587" lon="-64.9662304">
        <ele>915.00000</ele>
      </trkpt>
      <trkpt lat="-31.7921451" lon="-64.9661861">
        <ele>915.00000</ele>
      </trkpt>
      <trkpt lat="-31.7921451" lon="-64.9661821">
        <ele>915.00000</ele>
      </trkpt>
      <trkpt lat="-31.7921348" lon="-64.9661539">
        <ele>915.00000</ele>
      </trkpt>
      <trkpt lat="-31.7921279" lon="-64.9661136">
        <ele>916.00000</ele>
      </trkpt>
      <trkpt lat="-31.7921279" lon="-64.9661096">
        <ele>916.00000</ele>
      </trkpt>
      <trkpt lat="-31.7921519" lon="-64.9660653">
        <ele>916.00000</ele>
      </trkpt>
      <trkpt lat="-31.7921587" lon="-64.9660613">
        <ele>916.00000</ele>
      </trkpt>
      <trkpt lat="-31.7921793" lon="-64.9660412">
        <ele>916.00000</ele>
      </trkpt>
      <trkpt lat="-31.7921861" lon="-64.9660291">
        <ele>916.00000</ele>
      </trkpt>
      <trkpt lat="-31.7922135" lon="-64.9660130">
        <ele>916.00000</ele>
      </trkpt>
      <trkpt lat="-31.7922409" lon="-64.9659888">
        <ele>916.00000</ele>
      </trkpt>
      <trkpt lat="-31.7922649" lon="-64.9659727">
        <ele>916.00000</ele>
      </trkpt>
      <trkpt lat="-31.7922820" lon="-64.9659606">
        <ele>917.00000</ele>
      </trkpt>
      <trkpt lat="-31.7922957" lon="-64.9659606">
        <ele>917.00000</ele>
      </trkpt>
      <trkpt lat="-31.7923196" lon="-64.9659526">
        <ele>917.00000</ele>
      </trkpt>
      <trkpt lat="-31.7923436" lon="-64.9659445">
        <ele>917.00000</ele>
      </trkpt>
      <trkpt lat="-31.7923538" lon="-64.9659324">
        <ele>918.00000</ele>
      </trkpt>
      <trkpt lat="-31.7923675" lon="-64.9659083">
        <ele>918.00000</ele>
      </trkpt>
      <trkpt lat="-31.7923744" lon="-64.9658922">
        <ele>918.00000</ele>
      </trkpt>
      <trkpt lat="-31.7923778" lon="-64.9658841">
        <ele>918.00000</ele>
      </trkpt>
      <trkpt lat="-31.7923983" lon="-64.9658317">
        <ele>918.00000</ele>
      </trkpt>
      <trkpt lat="-31.7924018" lon="-64.9658156">
        <ele>918.00000</ele>
      </trkpt>
      <trkpt lat="-31.7924120" lon="-64.9657995">
        <ele>918.00000</ele>
      </trkpt>
      <trkpt lat="-31.7924257" lon="-64.9657713">
        <ele>918.00000</ele>
      </trkpt>
      <trkpt lat="-31.7924428" lon="-64.9657593">
        <ele>919.00000</ele>
      </trkpt>
      <trkpt lat="-31.7924702" lon="-64.9657190">
        <ele>919.00000</ele>
      </trkpt>
      <trkpt lat="-31.7924805" lon="-64.9657109">
        <ele>919.00000</ele>
      </trkpt>
      <trkpt lat="-31.7924908" lon="-64.9656989">
        <ele>918.00000</ele>
      </trkpt>
      <trkpt lat="-31.7925044" lon="-64.9656787">
        <ele>918.00000</ele>
      </trkpt>
      <trkpt lat="-31.7925250" lon="-64.9656546">
        <ele>919.00000</ele>
      </trkpt>
      <trkpt lat="-31.7925387" lon="-64.9656505">
        <ele>919.00000</ele>
      </trkpt>
      <trkpt lat="-31.7925524" lon="-64.9656384">
        <ele>919.00000</ele>
      </trkpt>
      <trkpt lat="-31.7925626" lon="-64.9656223">
        <ele>919.00000</ele>
      </trkpt>
      <trkpt lat="-31.7925729" lon="-64.9655982">
        <ele>919.00000</ele>
      </trkpt>
      <trkpt lat="-31.7925934" lon="-64.9655579">
        <ele>919.00000</ele>
      </trkpt>
      <trkpt lat="-31.7926003" lon="-64.9655418">
        <ele>919.00000</ele>
      </trkpt>
      <trkpt lat="-31.7926071" lon="-64.9655257">
        <ele>919.00000</ele>
      </trkpt>
      <trkpt lat="-31.7926345" lon="-64.9654854">
        <ele>919.00000</ele>
      </trkpt>
      <trkpt lat="-31.7926550" lon="-64.9654411">
        <ele>919.00000</ele>
      </trkpt>
      <trkpt lat="-31.7926550" lon="-64.9654008">
        <ele>919.00000</ele>
      </trkpt>
      <trkpt lat="-31.7926550" lon="-64.9653807">
        <ele>919.00000</ele>
      </trkpt>
      <trkpt lat="-31.7926516" lon="-64.9653525">
        <ele>919.00000</ele>
      </trkpt>
      <trkpt lat="-31.7926448" lon="-64.9653324">
        <ele>918.00000</ele>
      </trkpt>
      <trkpt lat="-31.7926345" lon="-64.9653082">
        <ele>918.00000</ele>
      </trkpt>
      <trkpt lat="-31.7926277" lon="-64.9652881">
        <ele>918.00000</ele>
      </trkpt>
      <trkpt lat="-31.7926140" lon="-64.9652518">
        <ele>918.00000</ele>
      </trkpt>
      <trkpt lat="-31.7926105" lon="-64.9652237">
        <ele>917.00000</ele>
      </trkpt>
      <trkpt lat="-31.7926105" lon="-64.9652035">
        <ele>917.00000</ele>
      </trkpt>
      <trkpt lat="-31.7926071" lon="-64.9651713">
        <ele>917.00000</ele>
      </trkpt>
      <trkpt lat="-31.7926071" lon="-64.9651592">
        <ele>917.00000</ele>
      </trkpt>
      <trkpt lat="-31.7925968" lon="-64.9651471">
        <ele>917.00000</ele>
      </trkpt>
      <trkpt lat="-31.7925610" lon="-64.9650681">
        <ele>917.00000</ele>
      </trkpt>
      <trkpt lat="-31.7925576" lon="-64.9650601">
        <ele>917.00000</ele>
      </trkpt>
      <trkpt lat="-31.7925508" lon="-64.9650359">
        <ele>917.00000</ele>
      </trkpt>
      <trkpt lat="-31.7925439" lon="-64.9650158">
        <ele>917.00000</ele>
      </trkpt>
      <trkpt lat="-31.7925337" lon="-64.9649876">
        <ele>917.00000</ele>
      </trkpt>
      <trkpt lat="-31.7925165" lon="-64.9649554">
        <ele>917.00000</ele>
      </trkpt>
      <trkpt lat="-31.7925097" lon="-64.9649392">
        <ele>917.00000</ele>
      </trkpt>
      <trkpt lat="-31.7925063" lon="-64.9649352">
        <ele>917.00000</ele>
      </trkpt>
      <trkpt lat="-31.7924926" lon="-64.9649070">
        <ele>917.00000</ele>
      </trkpt>
      <trkpt lat="-31.7924926" lon="-64.9648990">
        <ele>917.00000</ele>
      </trkpt>
      <trkpt lat="-31.7924823" lon="-64.9648788">
        <ele>917.00000</ele>
      </trkpt>
      <trkpt lat="-31.7924789" lon="-64.9648627">
        <ele>917.00000</ele>
      </trkpt>
      <trkpt lat="-31.7924686" lon="-64.9648426">
        <ele>917.00000</ele>
      </trkpt>
      <trkpt lat="-31.7924549" lon="-64.9648104">
        <ele>918.00000</ele>
      </trkpt>
      <trkpt lat="-31.7924378" lon="-64.9647902">
        <ele>918.00000</ele>
      </trkpt>
      <trkpt lat="-31.7924241" lon="-64.9647782">
        <ele>918.00000</ele>
      </trkpt>
      <trkpt lat="-31.7924104" lon="-64.9647621">
        <ele>918.00000</ele>
      </trkpt>
      <trkpt lat="-31.7923967" lon="-64.9647500">
        <ele>918.00000</ele>
      </trkpt>
      <trkpt lat="-31.7923830" lon="-64.9647339">
        <ele>918.00000</ele>
      </trkpt>
      <trkpt lat="-31.7923694" lon="-64.9647218">
        <ele>918.00000</ele>
      </trkpt>
      <trkpt lat="-31.7923454" lon="-64.9646936">
        <ele>917.00000</ele>
      </trkpt>
      <trkpt lat="-31.7923351" lon="-64.9646735">
        <ele>917.00000</ele>
      </trkpt>
      <trkpt lat="-31.7923180" lon="-64.9646493">
        <ele>917.00000</ele>
      </trkpt>
      <trkpt lat="-31.7923180" lon="-64.9646453">
        <ele>917.00000</ele>
      </trkpt>
      <trkpt lat="-31.7923077" lon="-64.9646090">
        <ele>917.00000</ele>
      </trkpt>
      <trkpt lat="-31.7923043" lon="-64.9645688">
        <ele>917.00000</ele>
      </trkpt>
      <trkpt lat="-31.7922940" lon="-64.9645406">
        <ele>917.00000</ele>
      </trkpt>
      <trkpt lat="-31.7922804" lon="-64.9644963">
        <ele>917.00000</ele>
      </trkpt>
      <trkpt lat="-31.7922804" lon="-64.9644600">
        <ele>917.00000</ele>
      </trkpt>
      <trkpt lat="-31.7922804" lon="-64.9644238">
        <ele>917.00000</ele>
      </trkpt>
      <trkpt lat="-31.7922804" lon="-64.9644117">
        <ele>917.00000</ele>
      </trkpt>
      <trkpt lat="-31.7922872" lon="-64.9643755">
        <ele>917.00000</ele>
      </trkpt>
      <trkpt lat="-31.7922872" lon="-64.9643473">
        <ele>917.00000</ele>
      </trkpt>
      <trkpt lat="-31.7922872" lon="-64.9643312">
        <ele>917.00000</ele>
      </trkpt>
      <trkpt lat="-31.7922769" lon="-64.9643070">
        <ele>917.00000</ele>
      </trkpt>
      <trkpt lat="-31.7922735" lon="-64.9642949">
        <ele>917.00000</ele>
      </trkpt>
      <trkpt lat="-31.7922564" lon="-64.9642708">
        <ele>917.00000</ele>
      </trkpt>
      <trkpt lat="-31.7922427" lon="-64.9642667">
        <ele>917.00000</ele>
      </trkpt>
      <trkpt lat="-31.7922256" lon="-64.9642627">
        <ele>917.00000</ele>
      </trkpt>
      <trkpt lat="-31.7922085" lon="-64.9642547">
        <ele>916.00000</ele>
      </trkpt>
      <trkpt lat="-31.7921914" lon="-64.9642466">
        <ele>916.00000</ele>
      </trkpt>
      <trkpt lat="-31.7921811" lon="-64.9642386">
        <ele>916.00000</ele>
      </trkpt>
      <trkpt lat="-31.7921674" lon="-64.9642265">
        <ele>915.00000</ele>
      </trkpt>
      <trkpt lat="-31.7921571" lon="-64.9642144">
        <ele>915.00000</ele>
      </trkpt>
      <trkpt lat="-31.7921400" lon="-64.9641822">
        <ele>914.00000</ele>
      </trkpt>
      <trkpt lat="-31.7921263" lon="-64.9641701">
        <ele>914.00000</ele>
      </trkpt>
      <trkpt lat="-31.7920989" lon="-64.9641540">
        <ele>913.00000</ele>
      </trkpt>
      <trkpt lat="-31.7920750" lon="-64.9641339">
        <ele>913.00000</ele>
      </trkpt>
      <trkpt lat="-31.7920579" lon="-64.9641178">
        <ele>913.00000</ele>
      </trkpt>
      <trkpt lat="-31.7920544" lon="-64.9641137">
        <ele>913.00000</ele>
      </trkpt>
      <trkpt lat="-31.7920510" lon="-64.9640815">
        <ele>913.00000</ele>
      </trkpt>
      <trkpt lat="-31.7920442" lon="-64.9640614">
        <ele>914.00000</ele>
      </trkpt>
      <trkpt lat="-31.7920373" lon="-64.9640493">
        <ele>914.00000</ele>
      </trkpt>
      <trkpt lat="-31.7920236" lon="-64.9640171">
        <ele>914.00000</ele>
      </trkpt>
      <trkpt lat="-31.7919928" lon="-64.9639647">
        <ele>915.00000</ele>
      </trkpt>
      <trkpt lat="-31.7919757" lon="-64.9639446">
        <ele>915.00000</ele>
      </trkpt>
      <trkpt lat="-31.7919654" lon="-64.9639325">
        <ele>915.00000</ele>
      </trkpt>
      <trkpt lat="-31.7919449" lon="-64.9639164">
        <ele>916.00000</ele>
      </trkpt>
      <trkpt lat="-31.7919244" lon="-64.9639084">
        <ele>916.00000</ele>
      </trkpt>
      <trkpt lat="-31.7919072" lon="-64.9639084">
        <ele>916.00000</ele>
      </trkpt>
      <trkpt lat="-31.7918833" lon="-64.9639084">
        <ele>917.00000</ele>
      </trkpt>
      <trkpt lat="-31.7918662" lon="-64.9639003">
        <ele>917.00000</ele>
      </trkpt>
      <trkpt lat="-31.7918491" lon="-64.9639003">
        <ele>917.00000</ele>
      </trkpt>
      <trkpt lat="-31.7918183" lon="-64.9639003">
        <ele>917.00000</ele>
      </trkpt>
      <trkpt lat="-31.7917943" lon="-64.9639003">
        <ele>917.00000</ele>
      </trkpt>
      <trkpt lat="-31.7917875" lon="-64.9639003">
        <ele>917.00000</ele>
      </trkpt>
      <trkpt lat="-31.7917566" lon="-64.9639003">
        <ele>918.00000</ele>
      </trkpt>
      <trkpt lat="-31.7917498" lon="-64.9639043">
        <ele>918.00000</ele>
      </trkpt>
      <trkpt lat="-31.7917361" lon="-64.9639043">
        <ele>918.00000</ele>
      </trkpt>
      <trkpt lat="-31.7917053" lon="-64.9638963">
        <ele>918.00000</ele>
      </trkpt>
      <trkpt lat="-31.7916882" lon="-64.9638842">
        <ele>919.00000</ele>
      </trkpt>
      <trkpt lat="-31.7916540" lon="-64.9638560">
        <ele>920.00000</ele>
      </trkpt>
      <trkpt lat="-31.7916471" lon="-64.9638480">
        <ele>921.00000</ele>
      </trkpt>
      <trkpt lat="-31.7916300" lon="-64.9638359">
        <ele>921.00000</ele>
      </trkpt>
      <trkpt lat="-31.7916163" lon="-64.9638278">
        <ele>922.00000</ele>
      </trkpt>
      <trkpt lat="-31.7915992" lon="-64.9638158">
        <ele>923.00000</ele>
      </trkpt>
      <trkpt lat="-31.7915615" lon="-64.9637996">
        <ele>924.00000</ele>
      </trkpt>
      <trkpt lat="-31.7915547" lon="-64.9637997">
        <ele>924.00000</ele>
      </trkpt>
      <trkpt lat="-31.7915342" lon="-64.9637916">
        <ele>924.00000</ele>
      </trkpt>
      <trkpt lat="-31.7915239" lon="-64.9637916">
        <ele>924.00000</ele>
      </trkpt>
      <trkpt lat="-31.7914965" lon="-64.9637876">
        <ele>925.00000</ele>
      </trkpt>
      <trkpt lat="-31.7914760" lon="-64.9637835">
        <ele>925.00000</ele>
      </trkpt>
      <trkpt lat="-31.7914589" lon="-64.9637755">
        <ele>925.00000</ele>
      </trkpt>
      <trkpt lat="-31.7914383" lon="-64.9637634">
        <ele>926.00000</ele>
      </trkpt>
      <trkpt lat="-31.7914212" lon="-64.9637634">
        <ele>926.00000</ele>
      </trkpt>
      <trkpt lat="-31.7914041" lon="-64.9637674">
        <ele>926.00000</ele>
      </trkpt>
      <trkpt lat="-31.7913972" lon="-64.9637715">
        <ele>926.00000</ele>
      </trkpt>
      <trkpt lat="-31.7913904" lon="-64.9637795">
        <ele>926.00000</ele>
      </trkpt>
      <trkpt lat="-31.7913528" lon="-64.9638037">
        <ele>925.00000</ele>
      </trkpt>
      <trkpt lat="-31.7913425" lon="-64.9638037">
        <ele>925.00000</ele>
      </trkpt>
      <trkpt lat="-31.7913356" lon="-64.9638037">
        <ele>925.00000</ele>
      </trkpt>
      <trkpt lat="-31.7913185" lon="-64.9637836">
        <ele>925.00000</ele>
      </trkpt>
      <trkpt lat="-31.7912980" lon="-64.9637674">
        <ele>925.00000</ele>
      </trkpt>
      <trkpt lat="-31.7912638" lon="-64.9637352">
        <ele>925.00000</ele>
      </trkpt>
      <trkpt lat="-31.7912466" lon="-64.9637272">
        <ele>925.00000</ele>
      </trkpt>
      <trkpt lat="-31.7912398" lon="-64.9637232">
        <ele>924.00000</ele>
      </trkpt>
      <trkpt lat="-31.7912193" lon="-64.9637151">
        <ele>924.00000</ele>
      </trkpt>
      <trkpt lat="-31.7911816" lon="-64.9637151">
        <ele>924.00000</ele>
      </trkpt>
      <trkpt lat="-31.7911748" lon="-64.9637030">
        <ele>924.00000</ele>
      </trkpt>
      <trkpt lat="-31.7911611" lon="-64.9636628">
        <ele>924.00000</ele>
      </trkpt>
      <trkpt lat="-31.7911542" lon="-64.9636507">
        <ele>924.00000</ele>
      </trkpt>
      <trkpt lat="-31.7911234" lon="-64.9636346">
        <ele>924.00000</ele>
      </trkpt>
      <trkpt lat="-31.7911131" lon="-64.9636225">
        <ele>923.00000</ele>
      </trkpt>
      <trkpt lat="-31.7910650" lon="-64.9635258">
        <ele>923.00000</ele>
      </trkpt>
      <trkpt lat="-31.7910411" lon="-64.9634936">
        <ele>923.00000</ele>
      </trkpt>
      <trkpt lat="-31.7910308" lon="-64.9634896">
        <ele>923.00000</ele>
      </trkpt>
      <trkpt lat="-31.7910205" lon="-64.9634775">
        <ele>923.00000</ele>
      </trkpt>
      <trkpt lat="-31.7910103" lon="-64.9634574">
        <ele>923.00000</ele>
      </trkpt>
      <trkpt lat="-31.7909897" lon="-64.9634413">
        <ele>923.00000</ele>
      </trkpt>
      <trkpt lat="-31.7909863" lon="-64.9634332">
        <ele>923.00000</ele>
      </trkpt>
      <trkpt lat="-31.7909726" lon="-64.9634171">
        <ele>923.00000</ele>
      </trkpt>
      <trkpt lat="-31.7909521" lon="-64.9634010">
        <ele>923.00000</ele>
      </trkpt>
      <trkpt lat="-31.7909487" lon="-64.9633769">
        <ele>923.00000</ele>
      </trkpt>
      <trkpt lat="-31.7909487" lon="-64.9633567">
        <ele>923.00000</ele>
      </trkpt>
      <trkpt lat="-31.7909487" lon="-64.9633245">
        <ele>923.00000</ele>
      </trkpt>
      <trkpt lat="-31.7909487" lon="-64.9633003">
        <ele>923.00000</ele>
      </trkpt>
      <trkpt lat="-31.7909452" lon="-64.9632842">
        <ele>923.00000</ele>
      </trkpt>
      <trkpt lat="-31.7909315" lon="-64.9632520">
        <ele>923.00000</ele>
      </trkpt>
      <trkpt lat="-31.7909213" lon="-64.9632359">
        <ele>923.00000</ele>
      </trkpt>
      <trkpt lat="-31.7909178" lon="-64.9632238">
        <ele>923.00000</ele>
      </trkpt>
      <trkpt lat="-31.7909110" lon="-64.9632117">
        <ele>923.00000</ele>
      </trkpt>
      <trkpt lat="-31.7909042" lon="-64.9631675">
        <ele>923.00000</ele>
      </trkpt>
      <trkpt lat="-31.7908973" lon="-64.9631473">
        <ele>923.00000</ele>
      </trkpt>
      <trkpt lat="-31.7908973" lon="-64.9631151">
        <ele>923.00000</ele>
      </trkpt>
      <trkpt lat="-31.7908973" lon="-64.9630950">
        <ele>923.00000</ele>
      </trkpt>
      <trkpt lat="-31.7909041" lon="-64.9630265">
        <ele>923.00000</ele>
      </trkpt>
      <trkpt lat="-31.7909041" lon="-64.9630104">
        <ele>923.00000</ele>
      </trkpt>
      <trkpt lat="-31.7908939" lon="-64.9629822">
        <ele>923.00000</ele>
      </trkpt>
      <trkpt lat="-31.7908870" lon="-64.9629701">
        <ele>923.00000</ele>
      </trkpt>
      <trkpt lat="-31.7908768" lon="-64.9629379">
        <ele>922.00000</ele>
      </trkpt>
      <trkpt lat="-31.7908665" lon="-64.9629097">
        <ele>922.00000</ele>
      </trkpt>
      <trkpt lat="-31.7908596" lon="-64.9628896">
        <ele>922.00000</ele>
      </trkpt>
      <trkpt lat="-31.7908528" lon="-64.9628735">
        <ele>922.00000</ele>
      </trkpt>
      <trkpt lat="-31.7908459" lon="-64.9628413">
        <ele>922.00000</ele>
      </trkpt>
      <trkpt lat="-31.7908357" lon="-64.9628171">
        <ele>922.00000</ele>
      </trkpt>
      <trkpt lat="-31.7908357" lon="-64.9628010">
        <ele>922.00000</ele>
      </trkpt>
      <trkpt lat="-31.7908357" lon="-64.9627527">
        <ele>922.00000</ele>
      </trkpt>
      <trkpt lat="-31.7908357" lon="-64.9627325">
        <ele>922.00000</ele>
      </trkpt>
      <trkpt lat="-31.7908220" lon="-64.9626882">
        <ele>921.00000</ele>
      </trkpt>
      <trkpt lat="-31.7908117" lon="-64.9626762">
        <ele>921.00000</ele>
      </trkpt>
      <trkpt lat="-31.7907980" lon="-64.9626480">
        <ele>921.00000</ele>
      </trkpt>
      <trkpt lat="-31.7907878" lon="-64.9626278">
        <ele>921.00000</ele>
      </trkpt>
      <trkpt lat="-31.7907809" lon="-64.9626117">
        <ele>921.00000</ele>
      </trkpt>
      <trkpt lat="-31.7907775" lon="-64.9625755">
        <ele>921.00000</ele>
      </trkpt>
      <trkpt lat="-31.7907672" lon="-64.9625554">
        <ele>921.00000</ele>
      </trkpt>
      <trkpt lat="-31.7907604" lon="-64.9625191">
        <ele>921.00000</ele>
      </trkpt>
      <trkpt lat="-31.7907535" lon="-64.9624950">
        <ele>921.00000</ele>
      </trkpt>
      <trkpt lat="-31.7907022" lon="-64.9622028">
        <ele>919.00000</ele>
      </trkpt>
      <trkpt lat="-31.7906953" lon="-64.9621786">
        <ele>919.00000</ele>
      </trkpt>
      <trkpt lat="-31.7906850" lon="-64.9620981">
        <ele>919.00000</ele>
      </trkpt>
      <trkpt lat="-31.7906850" lon="-64.9620820">
        <ele>919.00000</ele>
      </trkpt>
      <trkpt lat="-31.7906782" lon="-64.9620578">
        <ele>919.00000</ele>
      </trkpt>
      <trkpt lat="-31.7906611" lon="-64.9620296">
        <ele>919.00000</ele>
      </trkpt>
      <trkpt lat="-31.7906474" lon="-64.9620055">
        <ele>918.00000</ele>
      </trkpt>
      <trkpt lat="-31.7906303" lon="-64.9619692">
        <ele>918.00000</ele>
      </trkpt>
      <trkpt lat="-31.7906132" lon="-64.9619330">
        <ele>918.00000</ele>
      </trkpt>
      <trkpt lat="-31.7906063" lon="-64.9619088">
        <ele>918.00000</ele>
      </trkpt>
      <trkpt lat="-31.7906063" lon="-64.9618645">
        <ele>918.00000</ele>
      </trkpt>
      <trkpt lat="-31.7906097" lon="-64.9617598">
        <ele>917.00000</ele>
      </trkpt>
      <trkpt lat="-31.7906097" lon="-64.9617357">
        <ele>917.00000</ele>
      </trkpt>
      <trkpt lat="-31.7906097" lon="-64.9617276">
        <ele>917.00000</ele>
      </trkpt>
      <trkpt lat="-31.7905995" lon="-64.9617075">
        <ele>917.00000</ele>
      </trkpt>
      <trkpt lat="-31.7905858" lon="-64.9616672">
        <ele>917.00000</ele>
      </trkpt>
      <trkpt lat="-31.7905789" lon="-64.9616511">
        <ele>917.00000</ele>
      </trkpt>
      <trkpt lat="-31.7905686" lon="-64.9616229">
        <ele>917.00000</ele>
      </trkpt>
      <trkpt lat="-31.7905481" lon="-64.9615867">
        <ele>917.00000</ele>
      </trkpt>
      <trkpt lat="-31.7905378" lon="-64.9615625">
        <ele>917.00000</ele>
      </trkpt>
      <trkpt lat="-31.7904523" lon="-64.9614739">
        <ele>917.00000</ele>
      </trkpt>
      <trkpt lat="-31.7904420" lon="-64.9614578">
        <ele>917.00000</ele>
      </trkpt>
      <trkpt lat="-31.7904317" lon="-64.9614458">
        <ele>917.00000</ele>
      </trkpt>
      <trkpt lat="-31.7904283" lon="-64.9614337">
        <ele>917.00000</ele>
      </trkpt>
      <trkpt lat="-31.7904215" lon="-64.9614135">
        <ele>917.00000</ele>
      </trkpt>
      <trkpt lat="-31.7903975" lon="-64.9614095">
        <ele>917.00000</ele>
      </trkpt>
      <trkpt lat="-31.7903872" lon="-64.9613934">
        <ele>917.00000</ele>
      </trkpt>
      <trkpt lat="-31.7903838" lon="-64.9613813">
        <ele>916.00000</ele>
      </trkpt>
      <trkpt lat="-31.7903598" lon="-64.9613612">
        <ele>916.00000</ele>
      </trkpt>
      <trkpt lat="-31.7903530" lon="-64.9613531">
        <ele>916.00000</ele>
      </trkpt>
      <trkpt lat="-31.7903393" lon="-64.9613451">
        <ele>916.00000</ele>
      </trkpt>
      <trkpt lat="-31.7903290" lon="-64.9613290">
        <ele>916.00000</ele>
      </trkpt>
      <trkpt lat="-31.7903188" lon="-64.9613129">
        <ele>916.00000</ele>
      </trkpt>
      <trkpt lat="-31.7903085" lon="-64.9612887">
        <ele>916.00000</ele>
      </trkpt>
      <trkpt lat="-31.7902982" lon="-64.9612726">
        <ele>916.00000</ele>
      </trkpt>
      <trkpt lat="-31.7902811" lon="-64.9612525">
        <ele>916.00000</ele>
      </trkpt>
      <trkpt lat="-31.7902606" lon="-64.9612404">
        <ele>916.00000</ele>
      </trkpt>
      <trkpt lat="-31.7902435" lon="-64.9612283">
        <ele>916.00000</ele>
      </trkpt>
      <trkpt lat="-31.7902332" lon="-64.9612283">
        <ele>916.00000</ele>
      </trkpt>
      <trkpt lat="-31.7902161" lon="-64.9612162">
        <ele>916.00000</ele>
      </trkpt>
      <trkpt lat="-31.7901818" lon="-64.9612042">
        <ele>916.00000</ele>
      </trkpt>
      <trkpt lat="-31.7901716" lon="-64.9612042">
        <ele>916.00000</ele>
      </trkpt>
      <trkpt lat="-31.7901613" lon="-64.9611921">
        <ele>916.00000</ele>
      </trkpt>
      <trkpt lat="-31.7901476" lon="-64.9611599">
        <ele>916.00000</ele>
      </trkpt>
      <trkpt lat="-31.7901305" lon="-64.9611357">
        <ele>916.00000</ele>
      </trkpt>
      <trkpt lat="-31.7901202" lon="-64.9611236">
        <ele>916.00000</ele>
      </trkpt>
      <trkpt lat="-31.7901100" lon="-64.9611115">
        <ele>916.00000</ele>
      </trkpt>
      <trkpt lat="-31.7901065" lon="-64.9611075">
        <ele>916.00000</ele>
      </trkpt>
      <trkpt lat="-31.7899945" lon="-64.9610994">
        <ele>916.00000</ele>
      </trkpt>
      <trkpt lat="-31.7899809" lon="-64.9610873">
        <ele>916.00000</ele>
      </trkpt>
      <trkpt lat="-31.7899637" lon="-64.9610793">
        <ele>916.00000</ele>
      </trkpt>
      <trkpt lat="-31.7899432" lon="-64.9610793">
        <ele>916.00000</ele>
      </trkpt>
      <trkpt lat="-31.7899124" lon="-64.9610632">
        <ele>916.00000</ele>
      </trkpt>
      <trkpt lat="-31.7898953" lon="-64.9610551">
        <ele>916.00000</ele>
      </trkpt>
      <trkpt lat="-31.7898747" lon="-64.9610511">
        <ele>916.00000</ele>
      </trkpt>
      <trkpt lat="-31.7898542" lon="-64.9610430">
        <ele>916.00000</ele>
      </trkpt>
      <trkpt lat="-31.7898268" lon="-64.9610350">
        <ele>916.00000</ele>
      </trkpt>
      <trkpt lat="-31.7898166" lon="-64.9610350">
        <ele>916.00000</ele>
      </trkpt>
      <trkpt lat="-31.7897960" lon="-64.9610350">
        <ele>916.00000</ele>
      </trkpt>
      <trkpt lat="-31.7897755" lon="-64.9610350">
        <ele>916.00000</ele>
      </trkpt>
      <trkpt lat="-31.7897618" lon="-64.9610350">
        <ele>916.00000</ele>
      </trkpt>
      <trkpt lat="-31.7897413" lon="-64.9610350">
        <ele>916.00000</ele>
      </trkpt>
      <trkpt lat="-31.7897070" lon="-64.9610350">
        <ele>916.00000</ele>
      </trkpt>
      <trkpt lat="-31.7896831" lon="-64.9610350">
        <ele>916.00000</ele>
      </trkpt>
      <trkpt lat="-31.7896625" lon="-64.9610350">
        <ele>916.00000</ele>
      </trkpt>
      <trkpt lat="-31.7896454" lon="-64.9610350">
        <ele>916.00000</ele>
      </trkpt>
      <trkpt lat="-31.7896146" lon="-64.9610390">
        <ele>916.00000</ele>
      </trkpt>
      <trkpt lat="-31.7896043" lon="-64.9610390">
        <ele>916.00000</ele>
      </trkpt>
      <trkpt lat="-31.7895804" lon="-64.9610390">
        <ele>916.00000</ele>
      </trkpt>
      <trkpt lat="-31.7895633" lon="-64.9610390">
        <ele>916.00000</ele>
      </trkpt>
      <trkpt lat="-31.7895359" lon="-64.9610511">
        <ele>915.00000</ele>
      </trkpt>
      <trkpt lat="-31.7895051" lon="-64.9610350">
        <ele>915.00000</ele>
      </trkpt>
      <trkpt lat="-31.7894880" lon="-64.9610189">
        <ele>915.00000</ele>
      </trkpt>
      <trkpt lat="-31.7894674" lon="-64.9609907">
        <ele>915.00000</ele>
      </trkpt>
      <trkpt lat="-31.7894606" lon="-64.9609827">
        <ele>915.00000</ele>
      </trkpt>
      <trkpt lat="-31.7894469" lon="-64.9609585">
        <ele>914.00000</ele>
      </trkpt>
      <trkpt lat="-31.7894400" lon="-64.9609424">
        <ele>914.00000</ele>
      </trkpt>
      <trkpt lat="-31.7894161" lon="-64.9609062">
        <ele>914.00000</ele>
      </trkpt>
      <trkpt lat="-31.7894127" lon="-64.9609021">
        <ele>914.00000</ele>
      </trkpt>
      <trkpt lat="-31.7893990" lon="-64.9608900">
        <ele>914.00000</ele>
      </trkpt>
      <trkpt lat="-31.7893818" lon="-64.9608739">
        <ele>914.00000</ele>
      </trkpt>
      <trkpt lat="-31.7893750" lon="-64.9608659">
        <ele>914.00000</ele>
      </trkpt>
      <trkpt lat="-31.7893613" lon="-64.9608538">
        <ele>914.00000</ele>
      </trkpt>
      <trkpt lat="-31.7893442" lon="-64.9608377">
        <ele>914.00000</ele>
      </trkpt>
      <trkpt lat="-31.7893339" lon="-64.9608216">
        <ele>914.00000</ele>
      </trkpt>
      <trkpt lat="-31.7893271" lon="-64.9608055">
        <ele>915.00000</ele>
      </trkpt>
      <trkpt lat="-31.7893202" lon="-64.9607894">
        <ele>915.00000</ele>
      </trkpt>
      <trkpt lat="-31.7893100" lon="-64.9607733">
        <ele>915.00000</ele>
      </trkpt>
      <trkpt lat="-31.7892894" lon="-64.9607250">
        <ele>915.00000</ele>
      </trkpt>
      <trkpt lat="-31.7892792" lon="-64.9607088">
        <ele>915.00000</ele>
      </trkpt>
      <trkpt lat="-31.7892689" lon="-64.9606968">
        <ele>916.00000</ele>
      </trkpt>
      <trkpt lat="-31.7892586" lon="-64.9606766">
        <ele>916.00000</ele>
      </trkpt>
      <trkpt lat="-31.7892415" lon="-64.9606525">
        <ele>916.00000</ele>
      </trkpt>
      <trkpt lat="-31.7892381" lon="-64.9606364">
        <ele>916.00000</ele>
      </trkpt>
      <trkpt lat="-31.7892449" lon="-64.9605961">
        <ele>916.00000</ele>
      </trkpt>
      <trkpt lat="-31.7892518" lon="-64.9605760">
        <ele>916.00000</ele>
      </trkpt>
      <trkpt lat="-31.7892586" lon="-64.9605558">
        <ele>916.00000</ele>
      </trkpt>
      <trkpt lat="-31.7892586" lon="-64.9605317">
        <ele>917.00000</ele>
      </trkpt>
      <trkpt lat="-31.7892586" lon="-64.9605156">
        <ele>917.00000</ele>
      </trkpt>
      <trkpt lat="-31.7892791" lon="-64.9604552">
        <ele>918.00000</ele>
      </trkpt>
      <trkpt lat="-31.7893544" lon="-64.9604310">
        <ele>919.00000</ele>
      </trkpt>
      <trkpt lat="-31.7893681" lon="-64.9604310">
        <ele>919.00000</ele>
      </trkpt>
      <trkpt lat="-31.7893887" lon="-64.9604310">
        <ele>919.00000</ele>
      </trkpt>
      <trkpt lat="-31.7894092" lon="-64.9604310">
        <ele>919.00000</ele>
      </trkpt>
      <trkpt lat="-31.7894263" lon="-64.9604270">
        <ele>919.00000</ele>
      </trkpt>
      <trkpt lat="-31.7894503" lon="-64.9604270">
        <ele>919.00000</ele>
      </trkpt>
      <trkpt lat="-31.7894777" lon="-64.9604269">
        <ele>919.00000</ele>
      </trkpt>
      <trkpt lat="-31.7895153" lon="-64.9604269">
        <ele>919.00000</ele>
      </trkpt>
      <trkpt lat="-31.7895324" lon="-64.9604229">
        <ele>920.00000</ele>
      </trkpt>
      <trkpt lat="-31.7895495" lon="-64.9604189">
        <ele>920.00000</ele>
      </trkpt>
      <trkpt lat="-31.7895701" lon="-64.9604149">
        <ele>920.00000</ele>
      </trkpt>
      <trkpt lat="-31.7895872" lon="-64.9604108">
        <ele>920.00000</ele>
      </trkpt>
      <trkpt lat="-31.7896077" lon="-64.9604028">
        <ele>920.00000</ele>
      </trkpt>
      <trkpt lat="-31.7896248" lon="-64.9604028">
        <ele>920.00000</ele>
      </trkpt>
      <trkpt lat="-31.7896454" lon="-64.9604028">
        <ele>920.00000</ele>
      </trkpt>
      <trkpt lat="-31.7896591" lon="-64.9604028">
        <ele>920.00000</ele>
      </trkpt>
      <trkpt lat="-31.7896796" lon="-64.9604028">
        <ele>920.00000</ele>
      </trkpt>
      <trkpt lat="-31.7897138" lon="-64.9604028">
        <ele>920.00000</ele>
      </trkpt>
      <trkpt lat="-31.7897344" lon="-64.9604028">
        <ele>920.00000</ele>
      </trkpt>
      <trkpt lat="-31.7897583" lon="-64.9604028">
        <ele>920.00000</ele>
      </trkpt>
      <trkpt lat="-31.7897754" lon="-64.9603947">
        <ele>920.00000</ele>
      </trkpt>
      <trkpt lat="-31.7897857" lon="-64.9603947">
        <ele>919.00000</ele>
      </trkpt>
      <trkpt lat="-31.7898131" lon="-64.9603867">
        <ele>919.00000</ele>
      </trkpt>
      <trkpt lat="-31.7898268" lon="-64.9603786">
        <ele>919.00000</ele>
      </trkpt>
      <trkpt lat="-31.7898542" lon="-64.9603665">
        <ele>919.00000</ele>
      </trkpt>
      <trkpt lat="-31.7898747" lon="-64.9603585">
        <ele>919.00000</ele>
      </trkpt>
      <trkpt lat="-31.7899021" lon="-64.9603464">
        <ele>918.00000</ele>
      </trkpt>
      <trkpt lat="-31.7899158" lon="-64.9603383">
        <ele>918.00000</ele>
      </trkpt>
      <trkpt lat="-31.7899226" lon="-64.9603303">
        <ele>918.00000</ele>
      </trkpt>
      <trkpt lat="-31.7899432" lon="-64.9603182">
        <ele>918.00000</ele>
      </trkpt>
      <trkpt lat="-31.7899568" lon="-64.9603061">
        <ele>918.00000</ele>
      </trkpt>
      <trkpt lat="-31.7899774" lon="-64.9602940">
        <ele>918.00000</ele>
      </trkpt>
      <trkpt lat="-31.7899945" lon="-64.9602860">
        <ele>917.00000</ele>
      </trkpt>
      <trkpt lat="-31.7900185" lon="-64.9602739">
        <ele>918.00000</ele>
      </trkpt>
      <trkpt lat="-31.7900424" lon="-64.9602699">
        <ele>918.00000</ele>
      </trkpt>
      <trkpt lat="-31.7900698" lon="-64.9602618">
        <ele>918.00000</ele>
      </trkpt>
      <trkpt lat="-31.7901074" lon="-64.9602618">
        <ele>919.00000</ele>
      </trkpt>
      <trkpt lat="-31.7901314" lon="-64.9602618">
        <ele>919.00000</ele>
      </trkpt>
      <trkpt lat="-31.7901519" lon="-64.9602578">
        <ele>919.00000</ele>
      </trkpt>
      <trkpt lat="-31.7901622" lon="-64.9602497">
        <ele>919.00000</ele>
      </trkpt>
      <trkpt lat="-31.7901862" lon="-64.9602416">
        <ele>919.00000</ele>
      </trkpt>
      <trkpt lat="-31.7902067" lon="-64.9602336">
        <ele>920.00000</ele>
      </trkpt>
      <trkpt lat="-31.7902204" lon="-64.9602296">
        <ele>920.00000</ele>
      </trkpt>
      <trkpt lat="-31.7902820" lon="-64.9602416">
        <ele>920.00000</ele>
      </trkpt>
      <trkpt lat="-31.7903060" lon="-64.9601732">
        <ele>922.00000</ele>
      </trkpt>
      <trkpt lat="-31.7903128" lon="-64.9601329">
        <ele>923.00000</ele>
      </trkpt>
      <trkpt lat="-31.7903710" lon="-64.9599517">
        <ele>927.00000</ele>
      </trkpt>
      <trkpt lat="-31.7904054" lon="-64.9599045">
        <ele>928.00000</ele>
      </trkpt>
      <trkpt lat="-31.7904088" lon="-64.9598884">
        <ele>928.00000</ele>
      </trkpt>
      <trkpt lat="-31.7904156" lon="-64.9598763">
        <ele>929.00000</ele>
      </trkpt>
      <trkpt lat="-31.7904259" lon="-64.9598683">
        <ele>929.00000</ele>
      </trkpt>
      <trkpt lat="-31.7904396" lon="-64.9598602">
        <ele>929.00000</ele>
      </trkpt>
      <trkpt lat="-31.7904567" lon="-64.9598521">
        <ele>929.00000</ele>
      </trkpt>
      <trkpt lat="-31.7904841" lon="-64.9598481">
        <ele>930.00000</ele>
      </trkpt>
      <trkpt lat="-31.7905115" lon="-64.9598441">
        <ele>930.00000</ele>
      </trkpt>
      <trkpt lat="-31.7905252" lon="-64.9598441">
        <ele>930.00000</ele>
      </trkpt>
      <trkpt lat="-31.7905560" lon="-64.9598441">
        <ele>931.00000</ele>
      </trkpt>
      <trkpt lat="-31.7905662" lon="-64.9598441">
        <ele>931.00000</ele>
      </trkpt>
      <trkpt lat="-31.7905834" lon="-64.9598441">
        <ele>931.00000</ele>
      </trkpt>
      <trkpt lat="-31.7905971" lon="-64.9598401">
        <ele>931.00000</ele>
      </trkpt>
      <trkpt lat="-31.7906142" lon="-64.9598360">
        <ele>931.00000</ele>
      </trkpt>
      <trkpt lat="-31.7906416" lon="-64.9598320">
        <ele>931.00000</ele>
      </trkpt>
      <trkpt lat="-31.7906587" lon="-64.9598280">
        <ele>932.00000</ele>
      </trkpt>
      <trkpt lat="-31.7906860" lon="-64.9598280">
        <ele>932.00000</ele>
      </trkpt>
      <trkpt lat="-31.7907100" lon="-64.9598280">
        <ele>932.00000</ele>
      </trkpt>
      <trkpt lat="-31.7907271" lon="-64.9598280">
        <ele>932.00000</ele>
      </trkpt>
      <trkpt lat="-31.7907579" lon="-64.9598280">
        <ele>932.00000</ele>
      </trkpt>
      <trkpt lat="-31.7907956" lon="-64.9598280">
        <ele>933.00000</ele>
      </trkpt>
      <trkpt lat="-31.7908332" lon="-64.9598280">
        <ele>933.00000</ele>
      </trkpt>
      <trkpt lat="-31.7908538" lon="-64.9598280">
        <ele>933.00000</ele>
      </trkpt>
      <trkpt lat="-31.7908743" lon="-64.9598239">
        <ele>933.00000</ele>
      </trkpt>
      <trkpt lat="-31.7908811" lon="-64.9598239">
        <ele>933.00000</ele>
      </trkpt>
      <trkpt lat="-31.7909017" lon="-64.9598199">
        <ele>933.00000</ele>
      </trkpt>
      <trkpt lat="-31.7909222" lon="-64.9598118">
        <ele>933.00000</ele>
      </trkpt>
      <trkpt lat="-31.7909462" lon="-64.9598078">
        <ele>932.00000</ele>
      </trkpt>
      <trkpt lat="-31.7909599" lon="-64.9598078">
        <ele>932.00000</ele>
      </trkpt>
      <trkpt lat="-31.7909770" lon="-64.9598078">
        <ele>932.00000</ele>
      </trkpt>
      <trkpt lat="-31.7909975" lon="-64.9598078">
        <ele>932.00000</ele>
      </trkpt>
      <trkpt lat="-31.7910146" lon="-64.9598078">
        <ele>932.00000</ele>
      </trkpt>
      <trkpt lat="-31.7910420" lon="-64.9598038">
        <ele>932.00000</ele>
      </trkpt>
      <trkpt lat="-31.7910523" lon="-64.9598038">
        <ele>932.00000</ele>
      </trkpt>
      <trkpt lat="-31.7911550" lon="-64.9598038">
        <ele>931.00000</ele>
      </trkpt>
      <trkpt lat="-31.7911687" lon="-64.9597997">
        <ele>931.00000</ele>
      </trkpt>
      <trkpt lat="-31.7911824" lon="-64.9597957">
        <ele>931.00000</ele>
      </trkpt>
      <trkpt lat="-31.7912029" lon="-64.9597957">
        <ele>931.00000</ele>
      </trkpt>
      <trkpt lat="-31.7912200" lon="-64.9597957">
        <ele>931.00000</ele>
      </trkpt>
      <trkpt lat="-31.7912474" lon="-64.9597957">
        <ele>931.00000</ele>
      </trkpt>
      <trkpt lat="-31.7912645" lon="-64.9597997">
        <ele>931.00000</ele>
      </trkpt>
      <trkpt lat="-31.7912885" lon="-64.9598158">
        <ele>931.00000</ele>
      </trkpt>
      <trkpt lat="-31.7913022" lon="-64.9598239">
        <ele>931.00000</ele>
      </trkpt>
      <trkpt lat="-31.7913261" lon="-64.9598360">
        <ele>931.00000</ele>
      </trkpt>
      <trkpt lat="-31.7913466" lon="-64.9598400">
        <ele>931.00000</ele>
      </trkpt>
      <trkpt lat="-31.7913877" lon="-64.9598561">
        <ele>931.00000</ele>
      </trkpt>
      <trkpt lat="-31.7914117" lon="-64.9598641">
        <ele>931.00000</ele>
      </trkpt>
      <trkpt lat="-31.7914391" lon="-64.9598682">
        <ele>932.00000</ele>
      </trkpt>
      <trkpt lat="-31.7914596" lon="-64.9598641">
        <ele>932.00000</ele>
      </trkpt>
      <trkpt lat="-31.7914801" lon="-64.9598561">
        <ele>932.00000</ele>
      </trkpt>
      <trkpt lat="-31.7914938" lon="-64.9598480">
        <ele>932.00000</ele>
      </trkpt>
      <trkpt lat="-31.7915178" lon="-64.9598359">
        <ele>932.00000</ele>
      </trkpt>
      <trkpt lat="-31.7915383" lon="-64.9598359">
        <ele>933.00000</ele>
      </trkpt>
      <trkpt lat="-31.7915589" lon="-64.9598359">
        <ele>933.00000</ele>
      </trkpt>
      <trkpt lat="-31.7915726" lon="-64.9598359">
        <ele>933.00000</ele>
      </trkpt>
      <trkpt lat="-31.7915862" lon="-64.9598440">
        <ele>933.00000</ele>
      </trkpt>
      <trkpt lat="-31.7915965" lon="-64.9598520">
        <ele>933.00000</ele>
      </trkpt>
      <trkpt lat="-31.7916171" lon="-64.9598762">
        <ele>933.00000</ele>
      </trkpt>
      <trkpt lat="-31.7916273" lon="-64.9599044">
        <ele>933.00000</ele>
      </trkpt>
      <trkpt lat="-31.7916307" lon="-64.9599084">
        <ele>933.00000</ele>
      </trkpt>
      <trkpt lat="-31.7916410" lon="-64.9599286">
        <ele>933.00000</ele>
      </trkpt>
      <trkpt lat="-31.7916444" lon="-64.9599447">
        <ele>933.00000</ele>
      </trkpt>
      <trkpt lat="-31.7916547" lon="-64.9599728">
        <ele>933.00000</ele>
      </trkpt>
      <trkpt lat="-31.7916650" lon="-64.9600010">
        <ele>933.00000</ele>
      </trkpt>
      <trkpt lat="-31.7916718" lon="-64.9600252">
        <ele>934.00000</ele>
      </trkpt>
      <trkpt lat="-31.7916718" lon="-64.9600494">
        <ele>934.00000</ele>
      </trkpt>
      <trkpt lat="-31.7916718" lon="-64.9600775">
        <ele>934.00000</ele>
      </trkpt>
      <trkpt lat="-31.7916787" lon="-64.9601339">
        <ele>934.00000</ele>
      </trkpt>
      <trkpt lat="-31.7916855" lon="-64.9601581">
        <ele>934.00000</ele>
      </trkpt>
      <trkpt lat="-31.7916924" lon="-64.9601702">
        <ele>934.00000</ele>
      </trkpt>
      <trkpt lat="-31.7916992" lon="-64.9601863">
        <ele>934.00000</ele>
      </trkpt>
      <trkpt lat="-31.7917095" lon="-64.9602024">
        <ele>934.00000</ele>
      </trkpt>
      <trkpt lat="-31.7917198" lon="-64.9602265">
        <ele>934.00000</ele>
      </trkpt>
      <trkpt lat="-31.7917727" lon="-64.9603473">
        <ele>933.00000</ele>
      </trkpt>
      <trkpt lat="-31.7917830" lon="-64.9603554">
        <ele>933.00000</ele>
      </trkpt>
      <trkpt lat="-31.7918001" lon="-64.9603836">
        <ele>933.00000</ele>
      </trkpt>
      <trkpt lat="-31.7918035" lon="-64.9603916">
        <ele>933.00000</ele>
      </trkpt>
      <trkpt lat="-31.7918241" lon="-64.9604118">
        <ele>933.00000</ele>
      </trkpt>
      <trkpt lat="-31.7918446" lon="-64.9604319">
        <ele>933.00000</ele>
      </trkpt>
      <trkpt lat="-31.7918686" lon="-64.9604520">
        <ele>933.00000</ele>
      </trkpt>
      <trkpt lat="-31.7918891" lon="-64.9604722">
        <ele>933.00000</ele>
      </trkpt>
      <trkpt lat="-31.7918925" lon="-64.9604762">
        <ele>933.00000</ele>
      </trkpt>
      <trkpt lat="-31.7919165" lon="-64.9604923">
        <ele>933.00000</ele>
      </trkpt>
      <trkpt lat="-31.7919268" lon="-64.9605044">
        <ele>933.00000</ele>
      </trkpt>
      <trkpt lat="-31.7919439" lon="-64.9605165">
        <ele>933.00000</ele>
      </trkpt>
      <trkpt lat="-31.7919576" lon="-64.9605285">
        <ele>933.00000</ele>
      </trkpt>
      <trkpt lat="-31.7919713" lon="-64.9605406">
        <ele>932.00000</ele>
      </trkpt>
      <trkpt lat="-31.7919849" lon="-64.9605487">
        <ele>932.00000</ele>
      </trkpt>
      <trkpt lat="-31.7920055" lon="-64.9605567">
        <ele>932.00000</ele>
      </trkpt>
      <trkpt lat="-31.7920192" lon="-64.9605648">
        <ele>932.00000</ele>
      </trkpt>
      <trkpt lat="-31.7920466" lon="-64.9605809">
        <ele>932.00000</ele>
      </trkpt>
      <trkpt lat="-31.7920671" lon="-64.9605930">
        <ele>932.00000</ele>
      </trkpt>
      <trkpt lat="-31.7920774" lon="-64.9606050">
        <ele>932.00000</ele>
      </trkpt>
      <trkpt lat="-31.7921013" lon="-64.9606171">
        <ele>932.00000</ele>
      </trkpt>
      <trkpt lat="-31.7921082" lon="-64.9606252">
        <ele>932.00000</ele>
      </trkpt>
      <trkpt lat="-31.7921219" lon="-64.9606413">
        <ele>932.00000</ele>
      </trkpt>
      <trkpt lat="-31.7921390" lon="-64.9606574">
        <ele>932.00000</ele>
      </trkpt>
      <trkpt lat="-31.7921527" lon="-64.9606695">
        <ele>932.00000</ele>
      </trkpt>
      <trkpt lat="-31.7921527" lon="-64.9606856">
        <ele>932.00000</ele>
      </trkpt>
      <trkpt lat="-31.7923120" lon="-64.9608271">
        <ele>932.00000</ele>
      </trkpt>
      <trkpt lat="-31.7925858" lon="-64.9610566">
        <ele>934.00000</ele>
      </trkpt>
      <trkpt lat="-31.7926646" lon="-64.9611855">
        <ele>934.00000</ele>
      </trkpt>
      <trkpt lat="-31.7926783" lon="-64.9612096">
        <ele>935.00000</ele>
      </trkpt>
      <trkpt lat="-31.7926851" lon="-64.9612257">
        <ele>935.00000</ele>
      </trkpt>
      <trkpt lat="-31.7926851" lon="-64.9612499">
        <ele>935.00000</ele>
      </trkpt>
      <trkpt lat="-31.7926851" lon="-64.9612660">
        <ele>935.00000</ele>
      </trkpt>
      <trkpt lat="-31.7926851" lon="-64.9612821">
        <ele>935.00000</ele>
      </trkpt>
      <trkpt lat="-31.7926851" lon="-64.9612982">
        <ele>935.00000</ele>
      </trkpt>
      <trkpt lat="-31.7926885" lon="-64.9613304">
        <ele>935.00000</ele>
      </trkpt>
      <trkpt lat="-31.7926920" lon="-64.9613506">
        <ele>935.00000</ele>
      </trkpt>
      <trkpt lat="-31.7926920" lon="-64.9613787">
        <ele>935.00000</ele>
      </trkpt>
      <trkpt lat="-31.7926885" lon="-64.9614110">
        <ele>935.00000</ele>
      </trkpt>
      <trkpt lat="-31.7926885" lon="-64.9614311">
        <ele>936.00000</ele>
      </trkpt>
      <trkpt lat="-31.7926885" lon="-64.9614472">
        <ele>936.00000</ele>
      </trkpt>
      <trkpt lat="-31.7926817" lon="-64.9614875">
        <ele>936.00000</ele>
      </trkpt>
      <trkpt lat="-31.7926680" lon="-64.9615479">
        <ele>937.00000</ele>
      </trkpt>
      <trkpt lat="-31.7926612" lon="-64.9615640">
        <ele>937.00000</ele>
      </trkpt>
      <trkpt lat="-31.7926577" lon="-64.9615801">
        <ele>937.00000</ele>
      </trkpt>
      <trkpt lat="-31.7926509" lon="-64.9616002">
        <ele>937.00000</ele>
      </trkpt>
      <trkpt lat="-31.7926509" lon="-64.9616204">
        <ele>937.00000</ele>
      </trkpt>
      <trkpt lat="-31.7926509" lon="-64.9616325">
        <ele>937.00000</ele>
      </trkpt>
      <trkpt lat="-31.7926612" lon="-64.9616768">
        <ele>938.00000</ele>
      </trkpt>
      <trkpt lat="-31.7926680" lon="-64.9616888">
        <ele>938.00000</ele>
      </trkpt>
      <trkpt lat="-31.7926783" lon="-64.9617049">
        <ele>938.00000</ele>
      </trkpt>
      <trkpt lat="-31.7926954" lon="-64.9617210">
        <ele>938.00000</ele>
      </trkpt>
      <trkpt lat="-31.7927091" lon="-64.9617331">
        <ele>938.00000</ele>
      </trkpt>
      <trkpt lat="-31.7927262" lon="-64.9617533">
        <ele>939.00000</ele>
      </trkpt>
      <trkpt lat="-31.7927536" lon="-64.9617694">
        <ele>939.00000</ele>
      </trkpt>
      <trkpt lat="-31.7927707" lon="-64.9617814">
        <ele>939.00000</ele>
      </trkpt>
      <trkpt lat="-31.7927912" lon="-64.9617976">
        <ele>939.00000</ele>
      </trkpt>
      <trkpt lat="-31.7928118" lon="-64.9618056">
        <ele>939.00000</ele>
      </trkpt>
      <trkpt lat="-31.7928392" lon="-64.9618137">
        <ele>939.00000</ele>
      </trkpt>
      <trkpt lat="-31.7928665" lon="-64.9618137">
        <ele>939.00000</ele>
      </trkpt>
      <trkpt lat="-31.7928837" lon="-64.9618137">
        <ele>940.00000</ele>
      </trkpt>
      <trkpt lat="-31.7929076" lon="-64.9618137">
        <ele>940.00000</ele>
      </trkpt>
      <trkpt lat="-31.7929179" lon="-64.9618137">
        <ele>940.00000</ele>
      </trkpt>
      <trkpt lat="-31.7929418" lon="-64.9618298">
        <ele>940.00000</ele>
      </trkpt>
      <trkpt lat="-31.7929521" lon="-64.9618459">
        <ele>940.00000</ele>
      </trkpt>
      <trkpt lat="-31.7929555" lon="-64.9618620">
        <ele>940.00000</ele>
      </trkpt>
      <trkpt lat="-31.7929453" lon="-64.9618942">
        <ele>940.00000</ele>
      </trkpt>
      <trkpt lat="-31.7929350" lon="-64.9619184">
        <ele>940.00000</ele>
      </trkpt>
      <trkpt lat="-31.7929213" lon="-64.9619425">
        <ele>940.00000</ele>
      </trkpt>
      <trkpt lat="-31.7929110" lon="-64.9619546">
        <ele>940.00000</ele>
      </trkpt>
      <trkpt lat="-31.7928837" lon="-64.9619908">
        <ele>940.00000</ele>
      </trkpt>
      <trkpt lat="-31.7928802" lon="-64.9620029">
        <ele>940.00000</ele>
      </trkpt>
      <trkpt lat="-31.7928631" lon="-64.9620271">
        <ele>940.00000</ele>
      </trkpt>
      <trkpt lat="-31.7928494" lon="-64.9620553">
        <ele>939.00000</ele>
      </trkpt>
      <trkpt lat="-31.7928392" lon="-64.9620754">
        <ele>939.00000</ele>
      </trkpt>
      <trkpt lat="-31.7928323" lon="-64.9620915">
        <ele>939.00000</ele>
      </trkpt>
      <trkpt lat="-31.7928289" lon="-64.9621036">
        <ele>939.00000</ele>
      </trkpt>
      <trkpt lat="-31.7928221" lon="-64.9621358">
        <ele>939.00000</ele>
      </trkpt>
      <trkpt lat="-31.7928221" lon="-64.9621922">
        <ele>939.00000</ele>
      </trkpt>
      <trkpt lat="-31.7928221" lon="-64.9622083">
        <ele>939.00000</ele>
      </trkpt>
      <trkpt lat="-31.7928323" lon="-64.9622244">
        <ele>939.00000</ele>
      </trkpt>
      <trkpt lat="-31.7928392" lon="-64.9622365">
        <ele>939.00000</ele>
      </trkpt>
      <trkpt lat="-31.7928529" lon="-64.9622647">
        <ele>939.00000</ele>
      </trkpt>
      <trkpt lat="-31.7928597" lon="-64.9622768">
        <ele>939.00000</ele>
      </trkpt>
      <trkpt lat="-31.7928734" lon="-64.9622969">
        <ele>939.00000</ele>
      </trkpt>
      <trkpt lat="-31.7928974" lon="-64.9623211">
        <ele>939.00000</ele>
      </trkpt>
      <trkpt lat="-31.7928974" lon="-64.9623251">
        <ele>939.00000</ele>
      </trkpt>
      <trkpt lat="-31.7929145" lon="-64.9623412">
        <ele>939.00000</ele>
      </trkpt>
      <trkpt lat="-31.7929282" lon="-64.9623533">
        <ele>939.00000</ele>
      </trkpt>
      <trkpt lat="-31.7929419" lon="-64.9623613">
        <ele>939.00000</ele>
      </trkpt>
      <trkpt lat="-31.7929556" lon="-64.9623654">
        <ele>939.00000</ele>
      </trkpt>
      <trkpt lat="-31.7929727" lon="-64.9623734">
        <ele>939.00000</ele>
      </trkpt>
      <trkpt lat="-31.7929966" lon="-64.9623855">
        <ele>939.00000</ele>
      </trkpt>
      <trkpt lat="-31.7930138" lon="-64.9623935">
        <ele>939.00000</ele>
      </trkpt>
      <trkpt lat="-31.7930343" lon="-64.9624016">
        <ele>939.00000</ele>
      </trkpt>
      <trkpt lat="-31.7930480" lon="-64.9624096">
        <ele>939.00000</ele>
      </trkpt>
      <trkpt lat="-31.7930754" lon="-64.9624217">
        <ele>940.00000</ele>
      </trkpt>
      <trkpt lat="-31.7930993" lon="-64.9624257">
        <ele>940.00000</ele>
      </trkpt>
      <trkpt lat="-31.7931130" lon="-64.9624298">
        <ele>941.00000</ele>
      </trkpt>
      <trkpt lat="-31.7931336" lon="-64.9624338">
        <ele>941.00000</ele>
      </trkpt>
      <trkpt lat="-31.7931507" lon="-64.9624419">
        <ele>941.00000</ele>
      </trkpt>
      <trkpt lat="-31.7931678" lon="-64.9624419">
        <ele>942.00000</ele>
      </trkpt>
      <trkpt lat="-31.7931952" lon="-64.9624499">
        <ele>942.00000</ele>
      </trkpt>
      <trkpt lat="-31.7932157" lon="-64.9624580">
        <ele>943.00000</ele>
      </trkpt>
      <trkpt lat="-31.7932294" lon="-64.9624620">
        <ele>943.00000</ele>
      </trkpt>
      <trkpt lat="-31.7932499" lon="-64.9624660">
        <ele>944.00000</ele>
      </trkpt>
      <trkpt lat="-31.7932739" lon="-64.9624700">
        <ele>944.00000</ele>
      </trkpt>
      <trkpt lat="-31.7932876" lon="-64.9624781">
        <ele>944.00000</ele>
      </trkpt>
      <trkpt lat="-31.7933047" lon="-64.9624781">
        <ele>945.00000</ele>
      </trkpt>
      <trkpt lat="-31.7933218" lon="-64.9624902">
        <ele>945.00000</ele>
      </trkpt>
      <trkpt lat="-31.7933355" lon="-64.9624942">
        <ele>946.00000</ele>
      </trkpt>
      <trkpt lat="-31.7933595" lon="-64.9625063">
        <ele>946.00000</ele>
      </trkpt>
      <trkpt lat="-31.7933800" lon="-64.9625184">
        <ele>947.00000</ele>
      </trkpt>
      <trkpt lat="-31.7933937" lon="-64.9625224">
        <ele>947.00000</ele>
      </trkpt>
      <trkpt lat="-31.7934074" lon="-64.9625304">
        <ele>947.00000</ele>
      </trkpt>
      <trkpt lat="-31.7934245" lon="-64.9625385">
        <ele>948.00000</ele>
      </trkpt>
      <trkpt lat="-31.7934450" lon="-64.9625546">
        <ele>948.00000</ele>
      </trkpt>
      <trkpt lat="-31.7934621" lon="-64.9625667">
        <ele>948.00000</ele>
      </trkpt>
      <trkpt lat="-31.7934827" lon="-64.9625788">
        <ele>949.00000</ele>
      </trkpt>
      <trkpt lat="-31.7935566" lon="-64.9625787">
        <ele>951.00000</ele>
      </trkpt>
      <trkpt lat="-31.7938622" lon="-64.9627519">
        <ele>954.00000</ele>
      </trkpt>
      <trkpt lat="-31.7940984" lon="-64.9628888">
        <ele>951.00000</ele>
      </trkpt>
      <trkpt lat="-31.7943209" lon="-64.9630136">
        <ele>951.00000</ele>
      </trkpt>
      <trkpt lat="-31.7944030" lon="-64.9630619">
        <ele>952.00000</ele>
      </trkpt>
      <trkpt lat="-31.7944669" lon="-64.9631195">
        <ele>953.00000</ele>
      </trkpt>
      <trkpt lat="-31.7944703" lon="-64.9631276">
        <ele>953.00000</ele>
      </trkpt>
      <trkpt lat="-31.7944874" lon="-64.9631598">
        <ele>953.00000</ele>
      </trkpt>
      <trkpt lat="-31.7944942" lon="-64.9631759">
        <ele>953.00000</ele>
      </trkpt>
      <trkpt lat="-31.7944977" lon="-64.9632001">
        <ele>953.00000</ele>
      </trkpt>
      <trkpt lat="-31.7945079" lon="-64.9632363">
        <ele>953.00000</ele>
      </trkpt>
      <trkpt lat="-31.7945079" lon="-64.9632484">
        <ele>953.00000</ele>
      </trkpt>
      <trkpt lat="-31.7945079" lon="-64.9632766">
        <ele>952.00000</ele>
      </trkpt>
      <trkpt lat="-31.7945079" lon="-64.9633088">
        <ele>952.00000</ele>
      </trkpt>
      <trkpt lat="-31.7945114" lon="-64.9633329">
        <ele>952.00000</ele>
      </trkpt>
      <trkpt lat="-31.7945216" lon="-64.9633772">
        <ele>952.00000</ele>
      </trkpt>
      <trkpt lat="-31.7945285" lon="-64.9634054">
        <ele>952.00000</ele>
      </trkpt>
      <trkpt lat="-31.7945353" lon="-64.9634377">
        <ele>952.00000</ele>
      </trkpt>
      <trkpt lat="-31.7945422" lon="-64.9634658">
        <ele>952.00000</ele>
      </trkpt>
      <trkpt lat="-31.7945559" lon="-64.9634981">
        <ele>952.00000</ele>
      </trkpt>
      <trkpt lat="-31.7945661" lon="-64.9635262">
        <ele>952.00000</ele>
      </trkpt>
      <trkpt lat="-31.7945764" lon="-64.9635464">
        <ele>952.00000</ele>
      </trkpt>
      <trkpt lat="-31.7945867" lon="-64.9635625">
        <ele>951.00000</ele>
      </trkpt>
      <trkpt lat="-31.7946004" lon="-64.9635907">
        <ele>951.00000</ele>
      </trkpt>
      <trkpt lat="-31.7946277" lon="-64.9636269">
        <ele>951.00000</ele>
      </trkpt>
      <trkpt lat="-31.7946483" lon="-64.9636551">
        <ele>951.00000</ele>
      </trkpt>
      <trkpt lat="-31.7946551" lon="-64.9636873">
        <ele>951.00000</ele>
      </trkpt>
      <trkpt lat="-31.7946688" lon="-64.9637195">
        <ele>950.00000</ele>
      </trkpt>
      <trkpt lat="-31.7946791" lon="-64.9637437">
        <ele>950.00000</ele>
      </trkpt>
      <trkpt lat="-31.7946894" lon="-64.9637558">
        <ele>950.00000</ele>
      </trkpt>
      <trkpt lat="-31.7946996" lon="-64.9637719">
        <ele>950.00000</ele>
      </trkpt>
      <trkpt lat="-31.7947133" lon="-64.9637840">
        <ele>950.00000</ele>
      </trkpt>
      <trkpt lat="-31.7947304" lon="-64.9638001">
        <ele>950.00000</ele>
      </trkpt>
      <trkpt lat="-31.7947476" lon="-64.9638162">
        <ele>950.00000</ele>
      </trkpt>
      <trkpt lat="-31.7947749" lon="-64.9638363">
        <ele>951.00000</ele>
      </trkpt>
      <trkpt lat="-31.7947920" lon="-64.9638524">
        <ele>951.00000</ele>
      </trkpt>
      <trkpt lat="-31.7947989" lon="-64.9638685">
        <ele>951.00000</ele>
      </trkpt>
      <trkpt lat="-31.7948092" lon="-64.9639088">
        <ele>951.00000</ele>
      </trkpt>
      <trkpt lat="-31.7948126" lon="-64.9639410">
        <ele>951.00000</ele>
      </trkpt>
      <trkpt lat="-31.7948126" lon="-64.9639652">
        <ele>950.00000</ele>
      </trkpt>
      <trkpt lat="-31.7948126" lon="-64.9640095">
        <ele>950.00000</ele>
      </trkpt>
      <trkpt lat="-31.7948126" lon="-64.9640337">
        <ele>950.00000</ele>
      </trkpt>
      <trkpt lat="-31.7948092" lon="-64.9640618">
        <ele>949.00000</ele>
      </trkpt>
      <trkpt lat="-31.7948057" lon="-64.9640900">
        <ele>949.00000</ele>
      </trkpt>
      <trkpt lat="-31.7947955" lon="-64.9641222">
        <ele>948.00000</ele>
      </trkpt>
      <trkpt lat="-31.7947852" lon="-64.9641665">
        <ele>948.00000</ele>
      </trkpt>
      <trkpt lat="-31.7947784" lon="-64.9641827">
        <ele>947.00000</ele>
      </trkpt>
      <trkpt lat="-31.7947715" lon="-64.9642028">
        <ele>947.00000</ele>
      </trkpt>
      <trkpt lat="-31.7947647" lon="-64.9642350">
        <ele>947.00000</ele>
      </trkpt>
      <trkpt lat="-31.7947613" lon="-64.9642551">
        <ele>947.00000</ele>
      </trkpt>
      <trkpt lat="-31.7947510" lon="-64.9643035">
        <ele>946.00000</ele>
      </trkpt>
      <trkpt lat="-31.7947476" lon="-64.9643156">
        <ele>946.00000</ele>
      </trkpt>
      <trkpt lat="-31.7947476" lon="-64.9643357">
        <ele>946.00000</ele>
      </trkpt>
      <trkpt lat="-31.7947476" lon="-64.9643558">
        <ele>946.00000</ele>
      </trkpt>
      <trkpt lat="-31.7947476" lon="-64.9643760">
        <ele>946.00000</ele>
      </trkpt>
      <trkpt lat="-31.7947476" lon="-64.9644001">
        <ele>946.00000</ele>
      </trkpt>
      <trkpt lat="-31.7947476" lon="-64.9644404">
        <ele>946.00000</ele>
      </trkpt>
      <trkpt lat="-31.7947476" lon="-64.9644605">
        <ele>946.00000</ele>
      </trkpt>
      <trkpt lat="-31.7947476" lon="-64.9644968">
        <ele>946.00000</ele>
      </trkpt>
      <trkpt lat="-31.7947476" lon="-64.9645209">
        <ele>946.00000</ele>
      </trkpt>
      <trkpt lat="-31.7947510" lon="-64.9645572">
        <ele>947.00000</ele>
      </trkpt>
      <trkpt lat="-31.7947578" lon="-64.9645934">
        <ele>947.00000</ele>
      </trkpt>
      <trkpt lat="-31.7947613" lon="-64.9646015">
        <ele>947.00000</ele>
      </trkpt>
      <trkpt lat="-31.7947750" lon="-64.9646216">
        <ele>947.00000</ele>
      </trkpt>
      <trkpt lat="-31.7947989" lon="-64.9646377">
        <ele>948.00000</ele>
      </trkpt>
      <trkpt lat="-31.7948092" lon="-64.9646458">
        <ele>948.00000</ele>
      </trkpt>
      <trkpt lat="-31.7948263" lon="-64.9646538">
        <ele>948.00000</ele>
      </trkpt>
      <trkpt lat="-31.7948434" lon="-64.9646659">
        <ele>948.00000</ele>
      </trkpt>
      <trkpt lat="-31.7948571" lon="-64.9646740">
        <ele>948.00000</ele>
      </trkpt>
      <trkpt lat="-31.7948708" lon="-64.9646780">
        <ele>948.00000</ele>
      </trkpt>
      <trkpt lat="-31.7949016" lon="-64.9647021">
        <ele>949.00000</ele>
      </trkpt>
      <trkpt lat="-31.7949153" lon="-64.9647102">
        <ele>949.00000</ele>
      </trkpt>
      <trkpt lat="-31.7949358" lon="-64.9647223">
        <ele>949.00000</ele>
      </trkpt>
      <trkpt lat="-31.7949495" lon="-64.9647344">
        <ele>949.00000</ele>
      </trkpt>
      <trkpt lat="-31.7949632" lon="-64.9647424">
        <ele>949.00000</ele>
      </trkpt>
      <trkpt lat="-31.7949803" lon="-64.9647545">
        <ele>949.00000</ele>
      </trkpt>
      <trkpt lat="-31.7949906" lon="-64.9647666">
        <ele>949.00000</ele>
      </trkpt>
      <trkpt lat="-31.7950077" lon="-64.9647867">
        <ele>949.00000</ele>
      </trkpt>
      <trkpt lat="-31.7950146" lon="-64.9647948">
        <ele>949.00000</ele>
      </trkpt>
      <trkpt lat="-31.7950248" lon="-64.9648068">
        <ele>949.00000</ele>
      </trkpt>
      <trkpt lat="-31.7950351" lon="-64.9648310">
        <ele>949.00000</ele>
      </trkpt>
      <trkpt lat="-31.7950454" lon="-64.9648511">
        <ele>949.00000</ele>
      </trkpt>
      <trkpt lat="-31.7950556" lon="-64.9648713">
        <ele>948.00000</ele>
      </trkpt>
      <trkpt lat="-31.7950625" lon="-64.9648954">
        <ele>948.00000</ele>
      </trkpt>
      <trkpt lat="-31.7950796" lon="-64.9649317">
        <ele>948.00000</ele>
      </trkpt>
      <trkpt lat="-31.7950933" lon="-64.9649639">
        <ele>947.00000</ele>
      </trkpt>
      <trkpt lat="-31.7951001" lon="-64.9649840">
        <ele>947.00000</ele>
      </trkpt>
      <trkpt lat="-31.7951104" lon="-64.9650122">
        <ele>947.00000</ele>
      </trkpt>
      <trkpt lat="-31.7951173" lon="-64.9650444">
        <ele>946.00000</ele>
      </trkpt>
      <trkpt lat="-31.7951241" lon="-64.9650606">
        <ele>946.00000</ele>
      </trkpt>
      <trkpt lat="-31.7951309" lon="-64.9650847">
        <ele>945.00000</ele>
      </trkpt>
      <trkpt lat="-31.7951412" lon="-64.9651089">
        <ele>944.00000</ele>
      </trkpt>
      <trkpt lat="-31.7951549" lon="-64.9651411">
        <ele>944.00000</ele>
      </trkpt>
      <trkpt lat="-31.7951754" lon="-64.9651814">
        <ele>943.00000</ele>
      </trkpt>
      <trkpt lat="-31.7951789" lon="-64.9651894">
        <ele>943.00000</ele>
      </trkpt>
      <trkpt lat="-31.7951960" lon="-64.9652216">
        <ele>942.00000</ele>
      </trkpt>
      <trkpt lat="-31.7952063" lon="-64.9652377">
        <ele>941.00000</ele>
      </trkpt>
      <trkpt lat="-31.7952199" lon="-64.9652659">
        <ele>941.00000</ele>
      </trkpt>
      <trkpt lat="-31.7952302" lon="-64.9652820">
        <ele>941.00000</ele>
      </trkpt>
      <trkpt lat="-31.7952542" lon="-64.9653102">
        <ele>940.00000</ele>
      </trkpt>
      <trkpt lat="-31.7952679" lon="-64.9653223">
        <ele>940.00000</ele>
      </trkpt>
      <trkpt lat="-31.7952850" lon="-64.9653424">
        <ele>940.00000</ele>
      </trkpt>
      <trkpt lat="-31.7953089" lon="-64.9653586">
        <ele>940.00000</ele>
      </trkpt>
      <trkpt lat="-31.7953226" lon="-64.9653626">
        <ele>939.00000</ele>
      </trkpt>
      <trkpt lat="-31.7953363" lon="-64.9653747">
        <ele>939.00000</ele>
      </trkpt>
      <trkpt lat="-31.7953637" lon="-64.9653867">
        <ele>939.00000</ele>
      </trkpt>
      <trkpt lat="-31.7953808" lon="-64.9653988">
        <ele>939.00000</ele>
      </trkpt>
      <trkpt lat="-31.7954048" lon="-64.9654109">
        <ele>939.00000</ele>
      </trkpt>
      <trkpt lat="-31.7954253" lon="-64.9654190">
        <ele>938.00000</ele>
      </trkpt>
      <trkpt lat="-31.7954459" lon="-64.9654351">
        <ele>938.00000</ele>
      </trkpt>
      <trkpt lat="-31.7954595" lon="-64.9654471">
        <ele>938.00000</ele>
      </trkpt>
      <trkpt lat="-31.7954732" lon="-64.9654673">
        <ele>938.00000</ele>
      </trkpt>
      <trkpt lat="-31.7954904" lon="-64.9654753">
        <ele>938.00000</ele>
      </trkpt>
      <trkpt lat="-31.7955075" lon="-64.9654874">
        <ele>937.00000</ele>
      </trkpt>
      <trkpt lat="-31.7955280" lon="-64.9654995">
        <ele>937.00000</ele>
      </trkpt>
      <trkpt lat="-31.7955417" lon="-64.9655076">
        <ele>937.00000</ele>
      </trkpt>
      <trkpt lat="-31.7957310" lon="-64.9656122">
        <ele>938.00000</ele>
      </trkpt>
      <trkpt lat="-31.7958713" lon="-64.9656726">
        <ele>937.00000</ele>
      </trkpt>
      <trkpt lat="-31.7958816" lon="-64.9656726">
        <ele>937.00000</ele>
      </trkpt>
      <trkpt lat="-31.7959158" lon="-64.9656605">
        <ele>938.00000</ele>
      </trkpt>
      <trkpt lat="-31.7959364" lon="-64.9656605">
        <ele>938.00000</ele>
      </trkpt>
      <trkpt lat="-31.7959672" lon="-64.9656605">
        <ele>938.00000</ele>
      </trkpt>
      <trkpt lat="-31.7959911" lon="-64.9656646">
        <ele>938.00000</ele>
      </trkpt>
      <trkpt lat="-31.7960117" lon="-64.9656766">
        <ele>938.00000</ele>
      </trkpt>
      <trkpt lat="-31.7960356" lon="-64.9656887">
        <ele>937.00000</ele>
      </trkpt>
      <trkpt lat="-31.7960596" lon="-64.9657048">
        <ele>937.00000</ele>
      </trkpt>
      <trkpt lat="-31.7960767" lon="-64.9657209">
        <ele>937.00000</ele>
      </trkpt>
      <trkpt lat="-31.7960938" lon="-64.9657330">
        <ele>937.00000</ele>
      </trkpt>
      <trkpt lat="-31.7961109" lon="-64.9657451">
        <ele>937.00000</ele>
      </trkpt>
      <trkpt lat="-31.7961280" lon="-64.9657572">
        <ele>937.00000</ele>
      </trkpt>
      <trkpt lat="-31.7961520" lon="-64.9657693">
        <ele>937.00000</ele>
      </trkpt>
      <trkpt lat="-31.7961691" lon="-64.9657773">
        <ele>936.00000</ele>
      </trkpt>
      <trkpt lat="-31.7961999" lon="-64.9657934">
        <ele>936.00000</ele>
      </trkpt>
      <trkpt lat="-31.7962239" lon="-64.9658055">
        <ele>936.00000</ele>
      </trkpt>
      <trkpt lat="-31.7965251" lon="-64.9659505">
        <ele>937.00000</ele>
      </trkpt>
      <trkpt lat="-31.7969221" lon="-64.9660914">
        <ele>935.00000</ele>
      </trkpt>
      <trkpt lat="-31.7970111" lon="-64.9661156">
        <ele>933.00000</ele>
      </trkpt>
      <trkpt lat="-31.7972336" lon="-64.9661478">
        <ele>929.00000</ele>
      </trkpt>
      <trkpt lat="-31.7976868" lon="-64.9662525">
        <ele>925.00000</ele>
      </trkpt>
      <trkpt lat="-31.7978955" lon="-64.9663169">
        <ele>925.00000</ele>
      </trkpt>
      <trkpt lat="-31.7979024" lon="-64.9663209">
        <ele>925.00000</ele>
      </trkpt>
      <trkpt lat="-31.7980838" lon="-64.9664136">
        <ele>927.00000</ele>
      </trkpt>
      <trkpt lat="-31.7980906" lon="-64.9664136">
        <ele>927.00000</ele>
      </trkpt>
      <trkpt lat="-31.7982447" lon="-64.9664820">
        <ele>928.00000</ele>
      </trkpt>
      <trkpt lat="-31.7983508" lon="-64.9664941">
        <ele>929.00000</ele>
      </trkpt>
      <trkpt lat="-31.7984911" lon="-64.9665585">
        <ele>930.00000</ele>
      </trkpt>
      <trkpt lat="-31.7988784" lon="-64.9667277">
        <ele>931.00000</ele>
      </trkpt>
      <trkpt lat="-31.7993918" lon="-64.9669572">
        <ele>934.00000</ele>
      </trkpt>
      <trkpt lat="-31.7998779" lon="-64.9671505">
        <ele>934.00000</ele>
      </trkpt>
      <trkpt lat="-31.8001537" lon="-64.9672469">
        <ele>933.00000</ele>
      </trkpt>
      <trkpt lat="-31.8006021" lon="-64.9673798">
        <ele>933.00000</ele>
      </trkpt>
      <trkpt lat="-31.8009991" lon="-64.9675087">
        <ele>931.00000</ele>
      </trkpt>
      <trkpt lat="-31.8013654" lon="-64.9676214">
        <ele>932.00000</ele>
      </trkpt>
      <trkpt lat="-31.8011771" lon="-64.9678309">
        <ele>931.00000</ele>
      </trkpt>
      <trkpt lat="-31.8007903" lon="-64.9683262">
        <ele>933.00000</ele>
      </trkpt>
      <trkpt lat="-31.8005987" lon="-64.9686041">
        <ele>932.00000</ele>
      </trkpt>
      <trkpt lat="-31.8003796" lon="-64.9689192">
        <ele>929.00000</ele>
      </trkpt>
      <trkpt lat="-31.8001400" lon="-64.9693220">
        <ele>927.00000</ele>
      </trkpt>
      <trkpt lat="-31.8001400" lon="-64.9693340">
        <ele>927.00000</ele>
      </trkpt>
      <trkpt lat="-31.7999894" lon="-64.9697086">
        <ele>925.00000</ele>
      </trkpt>
      <trkpt lat="-31.7998867" lon="-64.9701717">
        <ele>926.00000</ele>
      </trkpt>
      <trkpt lat="-31.7997795" lon="-64.9708260">
        <ele>924.00000</ele>
      </trkpt>
      <trkpt lat="-31.7996289" lon="-64.9716113">
        <ele>921.00000</ele>
      </trkpt>
      <trkpt lat="-31.7995672" lon="-64.9721590">
        <ele>922.00000</ele>
      </trkpt>
      <trkpt lat="-31.7994029" lon="-64.9729806">
        <ele>921.00000</ele>
      </trkpt>
      <trkpt lat="-31.7993481" lon="-64.9731941">
        <ele>922.00000</ele>
      </trkpt>
      <trkpt lat="-31.7992865" lon="-64.9737020">
        <ele>922.00000</ele>
      </trkpt>
      <trkpt lat="-31.7991530" lon="-64.9743947">
        <ele>923.00000</ele>
      </trkpt>
      <trkpt lat="-31.7989548" lon="-64.9756733">
        <ele>921.00000</ele>
      </trkpt>
      <trkpt lat="-31.7988350" lon="-64.9763056">
        <ele>919.00000</ele>
      </trkpt>
      <trkpt lat="-31.7987836" lon="-64.9769701">
        <ele>915.00000</ele>
      </trkpt>
      <trkpt lat="-31.7988691" lon="-64.9770452">
        <ele>914.00000</ele>
      </trkpt>
      <trkpt lat="-31.7988897" lon="-64.9770452">
        <ele>914.00000</ele>
      </trkpt>
      <trkpt lat="-31.7989034" lon="-64.9770452">
        <ele>914.00000</ele>
      </trkpt>
      <trkpt lat="-31.7989239" lon="-64.9770492">
        <ele>914.00000</ele>
      </trkpt>
      <trkpt lat="-31.7989273" lon="-64.9770532">
        <ele>914.00000</ele>
      </trkpt>
      <trkpt lat="-31.7989444" lon="-64.9770572">
        <ele>914.00000</ele>
      </trkpt>
      <trkpt lat="-31.7989581" lon="-64.9770572">
        <ele>914.00000</ele>
      </trkpt>
      <trkpt lat="-31.7989821" lon="-64.9770613">
        <ele>914.00000</ele>
      </trkpt>
      <trkpt lat="-31.7990061" lon="-64.9770653">
        <ele>914.00000</ele>
      </trkpt>
      <trkpt lat="-31.7990266" lon="-64.9770653">
        <ele>914.00000</ele>
      </trkpt>
      <trkpt lat="-31.7990334" lon="-64.9770653">
        <ele>914.00000</ele>
      </trkpt>
      <trkpt lat="-31.7990574" lon="-64.9770814">
        <ele>914.00000</ele>
      </trkpt>
      <trkpt lat="-31.7991806" lon="-64.9771096">
        <ele>915.00000</ele>
      </trkpt>
      <trkpt lat="-31.7992628" lon="-64.9771660">
        <ele>915.00000</ele>
      </trkpt>
      <trkpt lat="-31.7992730" lon="-64.9771821">
        <ele>916.00000</ele>
      </trkpt>
      <trkpt lat="-31.7993380" lon="-64.9773835">
        <ele>916.00000</ele>
      </trkpt>
      <trkpt lat="-31.7994407" lon="-64.9777137">
        <ele>915.00000</ele>
      </trkpt>
      <trkpt lat="-31.7995331" lon="-64.9779876">
        <ele>914.00000</ele>
      </trkpt>
      <trkpt lat="-31.7996289" lon="-64.9782534">
        <ele>914.00000</ele>
      </trkpt>
      <trkpt lat="-31.7997179" lon="-64.9785313">
        <ele>915.00000</ele>
      </trkpt>
      <trkpt lat="-31.7997418" lon="-64.9786239">
        <ele>916.00000</ele>
      </trkpt>
      <trkpt lat="-31.7998137" lon="-64.9786723">
        <ele>916.00000</ele>
      </trkpt>
      <trkpt lat="-31.7998343" lon="-64.9786884">
        <ele>916.00000</ele>
      </trkpt>
      <trkpt lat="-31.7998582" lon="-64.9787005">
        <ele>916.00000</ele>
      </trkpt>
      <trkpt lat="-31.7998753" lon="-64.9787045">
        <ele>916.00000</ele>
      </trkpt>
      <trkpt lat="-31.7998993" lon="-64.9787166">
        <ele>916.00000</ele>
      </trkpt>
      <trkpt lat="-31.7999267" lon="-64.9787287">
        <ele>916.00000</ele>
      </trkpt>
      <trkpt lat="-31.7999438" lon="-64.9787287">
        <ele>916.00000</ele>
      </trkpt>
      <trkpt lat="-31.7999609" lon="-64.9787287">
        <ele>916.00000</ele>
      </trkpt>
      <trkpt lat="-31.7999814" lon="-64.9787287">
        <ele>916.00000</ele>
      </trkpt>
      <trkpt lat="-31.7999985" lon="-64.9787287">
        <ele>916.00000</ele>
      </trkpt>
      <trkpt lat="-31.8000157" lon="-64.9787367">
        <ele>916.00000</ele>
      </trkpt>
      <trkpt lat="-31.8000294" lon="-64.9787367">
        <ele>916.00000</ele>
      </trkpt>
      <trkpt lat="-31.8000499" lon="-64.9787448">
        <ele>916.00000</ele>
      </trkpt>
      <trkpt lat="-31.8000670" lon="-64.9787569">
        <ele>916.00000</ele>
      </trkpt>
      <trkpt lat="-31.8000704" lon="-64.9787730">
        <ele>916.00000</ele>
      </trkpt>
      <trkpt lat="-31.8000738" lon="-64.9787931">
        <ele>915.00000</ele>
      </trkpt>
      <trkpt lat="-31.8000807" lon="-64.9788092">
        <ele>915.00000</ele>
      </trkpt>
      <trkpt lat="-31.8000807" lon="-64.9788254">
        <ele>915.00000</ele>
      </trkpt>
      <trkpt lat="-31.8000704" lon="-64.9788656">
        <ele>915.00000</ele>
      </trkpt>
      <trkpt lat="-31.8000636" lon="-64.9788817">
        <ele>915.00000</ele>
      </trkpt>
      <trkpt lat="-31.8000567" lon="-64.9789099">
        <ele>915.00000</ele>
      </trkpt>
      <trkpt lat="-31.8000533" lon="-64.9789341">
        <ele>914.00000</ele>
      </trkpt>
      <trkpt lat="-31.8000464" lon="-64.9789623">
        <ele>914.00000</ele>
      </trkpt>
      <trkpt lat="-31.8000430" lon="-64.9789985">
        <ele>913.00000</ele>
      </trkpt>
      <trkpt lat="-31.8000328" lon="-64.9790187">
        <ele>913.00000</ele>
      </trkpt>
      <trkpt lat="-31.8000259" lon="-64.9790267">
        <ele>913.00000</ele>
      </trkpt>
      <trkpt lat="-31.8000191" lon="-64.9790549">
        <ele>912.00000</ele>
      </trkpt>
      <trkpt lat="-31.8000156" lon="-64.9790750">
        <ele>912.00000</ele>
      </trkpt>
      <trkpt lat="-31.8000019" lon="-64.9791193">
        <ele>911.00000</ele>
      </trkpt>
      <trkpt lat="-31.7999985" lon="-64.9791475">
        <ele>911.00000</ele>
      </trkpt>
      <trkpt lat="-31.7999951" lon="-64.9791636">
        <ele>911.00000</ele>
      </trkpt>
      <trkpt lat="-31.7999848" lon="-64.9791959">
        <ele>910.00000</ele>
      </trkpt>
      <trkpt lat="-31.7999745" lon="-64.9792241">
        <ele>910.00000</ele>
      </trkpt>
      <trkpt lat="-31.7999643" lon="-64.9792603">
        <ele>910.00000</ele>
      </trkpt>
      <trkpt lat="-31.7999540" lon="-64.9792885">
        <ele>910.00000</ele>
      </trkpt>
      <trkpt lat="-31.7999403" lon="-64.9793086">
        <ele>910.00000</ele>
      </trkpt>
      <trkpt lat="-31.7999369" lon="-64.9793207">
        <ele>910.00000</ele>
      </trkpt>
      <trkpt lat="-31.7999266" lon="-64.9793368">
        <ele>910.00000</ele>
      </trkpt>
      <trkpt lat="-31.7999198" lon="-64.9793610">
        <ele>909.00000</ele>
      </trkpt>
      <trkpt lat="-31.7999095" lon="-64.9793811">
        <ele>909.00000</ele>
      </trkpt>
      <trkpt lat="-31.7999061" lon="-64.9793892">
        <ele>909.00000</ele>
      </trkpt>
      <trkpt lat="-31.7999027" lon="-64.9794012">
        <ele>909.00000</ele>
      </trkpt>
      <trkpt lat="-31.7999256" lon="-64.9794719">
        <ele>908.00000</ele>
      </trkpt>
      <trkpt lat="-31.8000043" lon="-64.9795001">
        <ele>907.00000</ele>
      </trkpt>
      <trkpt lat="-31.8000591" lon="-64.9795444">
        <ele>906.00000</ele>
      </trkpt>
      <trkpt lat="-31.8000899" lon="-64.9795565">
        <ele>906.00000</ele>
      </trkpt>
      <trkpt lat="-31.8001138" lon="-64.9795686">
        <ele>906.00000</ele>
      </trkpt>
      <trkpt lat="-31.8001241" lon="-64.9795726">
        <ele>906.00000</ele>
      </trkpt>
      <trkpt lat="-31.8001412" lon="-64.9795807">
        <ele>906.00000</ele>
      </trkpt>
      <trkpt lat="-31.8001583" lon="-64.9795888">
        <ele>906.00000</ele>
      </trkpt>
      <trkpt lat="-31.8001720" lon="-64.9795928">
        <ele>906.00000</ele>
      </trkpt>
      <trkpt lat="-31.8001891" lon="-64.9795968">
        <ele>905.00000</ele>
      </trkpt>
      <trkpt lat="-31.8002234" lon="-64.9796089">
        <ele>905.00000</ele>
      </trkpt>
      <trkpt lat="-31.8002371" lon="-64.9796210">
        <ele>905.00000</ele>
      </trkpt>
      <trkpt lat="-31.8002542" lon="-64.9796331">
        <ele>905.00000</ele>
      </trkpt>
      <trkpt lat="-31.8002679" lon="-64.9796411">
        <ele>905.00000</ele>
      </trkpt>
      <trkpt lat="-31.8002816" lon="-64.9796532">
        <ele>905.00000</ele>
      </trkpt>
      <trkpt lat="-31.8002952" lon="-64.9796613">
        <ele>905.00000</ele>
      </trkpt>
      <trkpt lat="-31.8003089" lon="-64.9796693">
        <ele>905.00000</ele>
      </trkpt>
      <trkpt lat="-31.8003261" lon="-64.9796774">
        <ele>905.00000</ele>
      </trkpt>
      <trkpt lat="-31.8003432" lon="-64.9796854">
        <ele>906.00000</ele>
      </trkpt>
      <trkpt lat="-31.8003603" lon="-64.9796975">
        <ele>906.00000</ele>
      </trkpt>
      <trkpt lat="-31.8003808" lon="-64.9797136">
        <ele>906.00000</ele>
      </trkpt>
      <trkpt lat="-31.8004082" lon="-64.9797338">
        <ele>906.00000</ele>
      </trkpt>
      <trkpt lat="-31.8004287" lon="-64.9797499">
        <ele>906.00000</ele>
      </trkpt>
      <trkpt lat="-31.8004458" lon="-64.9797620">
        <ele>906.00000</ele>
      </trkpt>
      <trkpt lat="-31.8004595" lon="-64.9797660">
        <ele>906.00000</ele>
      </trkpt>
      <trkpt lat="-31.8004801" lon="-64.9797741">
        <ele>906.00000</ele>
      </trkpt>
      <trkpt lat="-31.8005075" lon="-64.9797942">
        <ele>906.00000</ele>
      </trkpt>
      <trkpt lat="-31.8005211" lon="-64.9798022">
        <ele>906.00000</ele>
      </trkpt>
      <trkpt lat="-31.8005417" lon="-64.9798184">
        <ele>906.00000</ele>
      </trkpt>
      <trkpt lat="-31.8005622" lon="-64.9798345">
        <ele>906.00000</ele>
      </trkpt>
      <trkpt lat="-31.8005793" lon="-64.9798425">
        <ele>906.00000</ele>
      </trkpt>
      <trkpt lat="-31.8005964" lon="-64.9798506">
        <ele>906.00000</ele>
      </trkpt>
      <trkpt lat="-31.8006136" lon="-64.9798627">
        <ele>906.00000</ele>
      </trkpt>
      <trkpt lat="-31.8006272" lon="-64.9798667">
        <ele>906.00000</ele>
      </trkpt>
      <trkpt lat="-31.8006444" lon="-64.9798788">
        <ele>906.00000</ele>
      </trkpt>
      <trkpt lat="-31.8006683" lon="-64.9798868">
        <ele>906.00000</ele>
      </trkpt>
      <trkpt lat="-31.8006717" lon="-64.9798868">
        <ele>906.00000</ele>
      </trkpt>
      <trkpt lat="-31.8006854" lon="-64.9798949">
        <ele>906.00000</ele>
      </trkpt>
      <trkpt lat="-31.8007128" lon="-64.9798949">
        <ele>906.00000</ele>
      </trkpt>
      <trkpt lat="-31.8007368" lon="-64.9799150">
        <ele>906.00000</ele>
      </trkpt>
      <trkpt lat="-31.8007505" lon="-64.9799150">
        <ele>906.00000</ele>
      </trkpt>
      <trkpt lat="-31.8007642" lon="-64.9799191">
        <ele>906.00000</ele>
      </trkpt>
      <trkpt lat="-31.8007813" lon="-64.9799231">
        <ele>906.00000</ele>
      </trkpt>
      <trkpt lat="-31.8007950" lon="-64.9799312">
        <ele>906.00000</ele>
      </trkpt>
      <trkpt lat="-31.8008086" lon="-64.9799352">
        <ele>906.00000</ele>
      </trkpt>
      <trkpt lat="-31.8008223" lon="-64.9799432">
        <ele>906.00000</ele>
      </trkpt>
      <trkpt lat="-31.8008394" lon="-64.9799513">
        <ele>906.00000</ele>
      </trkpt>
      <trkpt lat="-31.8008566" lon="-64.9799634">
        <ele>905.00000</ele>
      </trkpt>
      <trkpt lat="-31.8008737" lon="-64.9799755">
        <ele>905.00000</ele>
      </trkpt>
      <trkpt lat="-31.8008874" lon="-64.9799876">
        <ele>905.00000</ele>
      </trkpt>
      <trkpt lat="-31.8009011" lon="-64.9799956">
        <ele>905.00000</ele>
      </trkpt>
      <trkpt lat="-31.8009147" lon="-64.9800077">
        <ele>904.00000</ele>
      </trkpt>
      <trkpt lat="-31.8009387" lon="-64.9800198">
        <ele>904.00000</ele>
      </trkpt>
      <trkpt lat="-31.8009490" lon="-64.9800319">
        <ele>904.00000</ele>
      </trkpt>
      <trkpt lat="-31.8009695" lon="-64.9800439">
        <ele>903.00000</ele>
      </trkpt>
      <trkpt lat="-31.8009832" lon="-64.9800439">
        <ele>903.00000</ele>
      </trkpt>
      <trkpt lat="-31.8009969" lon="-64.9800480">
        <ele>903.00000</ele>
      </trkpt>
      <trkpt lat="-31.8010140" lon="-64.9800480">
        <ele>903.00000</ele>
      </trkpt>
      <trkpt lat="-31.8010345" lon="-64.9800480">
        <ele>903.00000</ele>
      </trkpt>
      <trkpt lat="-31.8010517" lon="-64.9800480">
        <ele>903.00000</ele>
      </trkpt>
      <trkpt lat="-31.8010722" lon="-64.9800480">
        <ele>902.00000</ele>
      </trkpt>
      <trkpt lat="-31.8010927" lon="-64.9800480">
        <ele>902.00000</ele>
      </trkpt>
      <trkpt lat="-31.8011201" lon="-64.9800520">
        <ele>902.00000</ele>
      </trkpt>
      <trkpt lat="-31.8011338" lon="-64.9800561">
        <ele>902.00000</ele>
      </trkpt>
      <trkpt lat="-31.8011612" lon="-64.9800641">
        <ele>901.00000</ele>
      </trkpt>
      <trkpt lat="-31.8011783" lon="-64.9800722">
        <ele>901.00000</ele>
      </trkpt>
      <trkpt lat="-31.8011851" lon="-64.9800762">
        <ele>901.00000</ele>
      </trkpt>
      <trkpt lat="-31.8012057" lon="-64.9800802">
        <ele>901.00000</ele>
      </trkpt>
      <trkpt lat="-31.8012262" lon="-64.9800843">
        <ele>901.00000</ele>
      </trkpt>
      <trkpt lat="-31.8012433" lon="-64.9800923">
        <ele>900.00000</ele>
      </trkpt>
      <trkpt lat="-31.8012604" lon="-64.9801004">
        <ele>900.00000</ele>
      </trkpt>
      <trkpt lat="-31.8012776" lon="-64.9801084">
        <ele>900.00000</ele>
      </trkpt>
      <trkpt lat="-31.8012844" lon="-64.9801125">
        <ele>900.00000</ele>
      </trkpt>
      <trkpt lat="-31.8013084" lon="-64.9801286">
        <ele>900.00000</ele>
      </trkpt>
      <trkpt lat="-31.8013220" lon="-64.9801447">
        <ele>899.00000</ele>
      </trkpt>
      <trkpt lat="-31.8013323" lon="-64.9801568">
        <ele>899.00000</ele>
      </trkpt>
      <trkpt lat="-31.8013426" lon="-64.9801729">
        <ele>899.00000</ele>
      </trkpt>
      <trkpt lat="-31.8013528" lon="-64.9801890">
        <ele>899.00000</ele>
      </trkpt>
      <trkpt lat="-31.8013631" lon="-64.9802051">
        <ele>899.00000</ele>
      </trkpt>
      <trkpt lat="-31.8013734" lon="-64.9802252">
        <ele>899.00000</ele>
      </trkpt>
      <trkpt lat="-31.8013836" lon="-64.9802494">
        <ele>899.00000</ele>
      </trkpt>
      <trkpt lat="-31.8013939" lon="-64.9802615">
        <ele>899.00000</ele>
      </trkpt>
      <trkpt lat="-31.8014042" lon="-64.9802736">
        <ele>899.00000</ele>
      </trkpt>
      <trkpt lat="-31.8014213" lon="-64.9802897">
        <ele>899.00000</ele>
      </trkpt>
      <trkpt lat="-31.8014316" lon="-64.9802977">
        <ele>899.00000</ele>
      </trkpt>
      <trkpt lat="-31.8014418" lon="-64.9803018">
        <ele>899.00000</ele>
      </trkpt>
      <trkpt lat="-31.8014589" lon="-64.9803179">
        <ele>899.00000</ele>
      </trkpt>
      <trkpt lat="-31.8014726" lon="-64.9803300">
        <ele>898.00000</ele>
      </trkpt>
      <trkpt lat="-31.8014829" lon="-64.9803420">
        <ele>898.00000</ele>
      </trkpt>
      <trkpt lat="-31.8014966" lon="-64.9803622">
        <ele>898.00000</ele>
      </trkpt>
      <trkpt lat="-31.8015103" lon="-64.9803743">
        <ele>898.00000</ele>
      </trkpt>
      <trkpt lat="-31.8015240" lon="-64.9803823">
        <ele>898.00000</ele>
      </trkpt>
      <trkpt lat="-31.8015308" lon="-64.9803904">
        <ele>898.00000</ele>
      </trkpt>
      <trkpt lat="-31.8015719" lon="-64.9804387">
        <ele>898.00000</ele>
      </trkpt>
      <trkpt lat="-31.8016164" lon="-64.9804870">
        <ele>898.00000</ele>
      </trkpt>
      <trkpt lat="-31.8015456" lon="-64.9806113">
        <ele>898.00000</ele>
      </trkpt>
      <trkpt lat="-31.8015379" lon="-64.9806181">
        <ele>897.00000</ele>
      </trkpt>
      <trkpt lat="-31.8015321" lon="-64.9806272">
        <ele>897.00000</ele>
      </trkpt>
      <trkpt lat="-31.8015205" lon="-64.9806363">
        <ele>897.00000</ele>
      </trkpt>
      <trkpt lat="-31.8015186" lon="-64.9806386">
        <ele>897.00000</ele>
      </trkpt>
      <trkpt lat="-31.8015147" lon="-64.9806476">
        <ele>897.00000</ele>
      </trkpt>
      <trkpt lat="-31.8015089" lon="-64.9806567">
        <ele>897.00000</ele>
      </trkpt>
      <trkpt lat="-31.8015032" lon="-64.9806704">
        <ele>897.00000</ele>
      </trkpt>
      <trkpt lat="-31.8014993" lon="-64.9806840">
        <ele>897.00000</ele>
      </trkpt>
      <trkpt lat="-31.8014896" lon="-64.9807112">
        <ele>897.00000</ele>
      </trkpt>
      <trkpt lat="-31.8014819" lon="-64.9807317">
        <ele>897.00000</ele>
      </trkpt>
      <trkpt lat="-31.8014722" lon="-64.9807680">
        <ele>897.00000</ele>
      </trkpt>
      <trkpt lat="-31.8014645" lon="-64.9807999">
        <ele>897.00000</ele>
      </trkpt>
      <trkpt lat="-31.8014607" lon="-64.9808089">
        <ele>897.00000</ele>
      </trkpt>
      <trkpt lat="-31.8014587" lon="-64.9808226">
        <ele>897.00000</ele>
      </trkpt>
      <trkpt lat="-31.8014568" lon="-64.9808362">
        <ele>897.00000</ele>
      </trkpt>
      <trkpt lat="-31.8014529" lon="-64.9808544">
        <ele>897.00000</ele>
      </trkpt>
      <trkpt lat="-31.8014471" lon="-64.9808885">
        <ele>897.00000</ele>
      </trkpt>
      <trkpt lat="-31.8014433" lon="-64.9809044">
        <ele>897.00000</ele>
      </trkpt>
      <trkpt lat="-31.8014394" lon="-64.9809157">
        <ele>897.00000</ele>
      </trkpt>
      <trkpt lat="-31.8014317" lon="-64.9809316">
        <ele>897.00000</ele>
      </trkpt>
      <trkpt lat="-31.8014259" lon="-64.9809407">
        <ele>897.00000</ele>
      </trkpt>
      <trkpt lat="-31.8014220" lon="-64.9809430">
        <ele>897.00000</ele>
      </trkpt>
      <trkpt lat="-31.8014104" lon="-64.9809566">
        <ele>897.00000</ele>
      </trkpt>
      <trkpt lat="-31.8014085" lon="-64.9809589">
        <ele>897.00000</ele>
      </trkpt>
      <trkpt lat="-31.8014008" lon="-64.9809634">
        <ele>897.00000</ele>
      </trkpt>
      <trkpt lat="-31.8013892" lon="-64.9809771">
        <ele>897.00000</ele>
      </trkpt>
      <trkpt lat="-31.8013815" lon="-64.9809839">
        <ele>897.00000</ele>
      </trkpt>
      <trkpt lat="-31.8013680" lon="-64.9809907">
        <ele>897.00000</ele>
      </trkpt>
      <trkpt lat="-31.8013641" lon="-64.9809952">
        <ele>897.00000</ele>
      </trkpt>
      <trkpt lat="-31.8013506" lon="-64.9810020">
        <ele>897.00000</ele>
      </trkpt>
      <trkpt lat="-31.8013409" lon="-64.9810111">
        <ele>897.00000</ele>
      </trkpt>
      <trkpt lat="-31.8013274" lon="-64.9810225">
        <ele>897.00000</ele>
      </trkpt>
      <trkpt lat="-31.8013255" lon="-64.9810248">
        <ele>897.00000</ele>
      </trkpt>
      <trkpt lat="-31.8013197" lon="-64.9810338">
        <ele>897.00000</ele>
      </trkpt>
      <trkpt lat="-31.8013139" lon="-64.9810429">
        <ele>897.00000</ele>
      </trkpt>
      <trkpt lat="-31.8013042" lon="-64.9810611">
        <ele>897.00000</ele>
      </trkpt>
      <trkpt lat="-31.8013004" lon="-64.9810679">
        <ele>897.00000</ele>
      </trkpt>
      <trkpt lat="-31.8012869" lon="-64.9810793">
        <ele>897.00000</ele>
      </trkpt>
      <trkpt lat="-31.8012791" lon="-64.9810861">
        <ele>897.00000</ele>
      </trkpt>
      <trkpt lat="-31.8012590" lon="-64.9811133">
        <ele>897.00000</ele>
      </trkpt>
      <trkpt lat="-31.8012435" lon="-64.9811542">
        <ele>897.00000</ele>
      </trkpt>
      <trkpt lat="-31.8012455" lon="-64.9811565">
        <ele>897.00000</ele>
      </trkpt>
      <trkpt lat="-31.8012513" lon="-64.9811679">
        <ele>897.00000</ele>
      </trkpt>
      <trkpt lat="-31.8012570" lon="-64.9811838">
        <ele>897.00000</ele>
      </trkpt>
      <trkpt lat="-31.8012628" lon="-64.9812065">
        <ele>897.00000</ele>
      </trkpt>
      <trkpt lat="-31.8012628" lon="-64.9812110">
        <ele>897.00000</ele>
      </trkpt>
      <trkpt lat="-31.8012532" lon="-64.9812474">
        <ele>897.00000</ele>
      </trkpt>
      <trkpt lat="-31.8012532" lon="-64.9812519">
        <ele>897.00000</ele>
      </trkpt>
      <trkpt lat="-31.8012416" lon="-64.9812815">
        <ele>897.00000</ele>
      </trkpt>
      <trkpt lat="-31.8012397" lon="-64.9812906">
        <ele>897.00000</ele>
      </trkpt>
      <trkpt lat="-31.8012397" lon="-64.9812974">
        <ele>897.00000</ele>
      </trkpt>
      <trkpt lat="-31.8012397" lon="-64.9813110">
        <ele>897.00000</ele>
      </trkpt>
      <trkpt lat="-31.8012377" lon="-64.9813155">
        <ele>897.00000</ele>
      </trkpt>
      <trkpt lat="-31.8012377" lon="-64.9813246">
        <ele>897.00000</ele>
      </trkpt>
      <trkpt lat="-31.8012358" lon="-64.9813337">
        <ele>897.00000</ele>
      </trkpt>
      <trkpt lat="-31.8012358" lon="-64.9813474">
        <ele>897.00000</ele>
      </trkpt>
      <trkpt lat="-31.8012416" lon="-64.9813610">
        <ele>897.00000</ele>
      </trkpt>
      <trkpt lat="-31.8012493" lon="-64.9813723">
        <ele>897.00000</ele>
      </trkpt>
      <trkpt lat="-31.8012512" lon="-64.9813792">
        <ele>897.00000</ele>
      </trkpt>
      <trkpt lat="-31.8012590" lon="-64.9813951">
        <ele>897.00000</ele>
      </trkpt>
      <trkpt lat="-31.8012609" lon="-64.9813973">
        <ele>897.00000</ele>
      </trkpt>
      <trkpt lat="-31.8012647" lon="-64.9814110">
        <ele>897.00000</ele>
      </trkpt>
      <trkpt lat="-31.8012647" lon="-64.9814178">
        <ele>897.00000</ele>
      </trkpt>
      <trkpt lat="-31.8012667" lon="-64.9814382">
        <ele>897.00000</ele>
      </trkpt>
      <trkpt lat="-31.8012647" lon="-64.9814541">
        <ele>897.00000</ele>
      </trkpt>
      <trkpt lat="-31.8012570" lon="-64.9814723">
        <ele>897.00000</ele>
      </trkpt>
      <trkpt lat="-31.8012512" lon="-64.9814837">
        <ele>897.00000</ele>
      </trkpt>
      <trkpt lat="-31.8012377" lon="-64.9815087">
        <ele>897.00000</ele>
      </trkpt>
      <trkpt lat="-31.8012280" lon="-64.9815177">
        <ele>897.00000</ele>
      </trkpt>
      <trkpt lat="-31.8012184" lon="-64.9815223">
        <ele>897.00000</ele>
      </trkpt>
      <trkpt lat="-31.8012049" lon="-64.9815268">
        <ele>897.00000</ele>
      </trkpt>
      <trkpt lat="-31.8011914" lon="-64.9815314">
        <ele>897.00000</ele>
      </trkpt>
      <trkpt lat="-31.8011798" lon="-64.9815359">
        <ele>897.00000</ele>
      </trkpt>
      <trkpt lat="-31.8011701" lon="-64.9815427">
        <ele>897.00000</ele>
      </trkpt>
      <trkpt lat="-31.8011547" lon="-64.9815495">
        <ele>896.00000</ele>
      </trkpt>
      <trkpt lat="-31.8011334" lon="-64.9815609">
        <ele>896.00000</ele>
      </trkpt>
      <trkpt lat="-31.8011160" lon="-64.9815654">
        <ele>896.00000</ele>
      </trkpt>
      <trkpt lat="-31.8011045" lon="-64.9815677">
        <ele>896.00000</ele>
      </trkpt>
      <trkpt lat="-31.8010948" lon="-64.9815723">
        <ele>896.00000</ele>
      </trkpt>
      <trkpt lat="-31.8010813" lon="-64.9815745">
        <ele>896.00000</ele>
      </trkpt>
      <trkpt lat="-31.8010658" lon="-64.9815791">
        <ele>896.00000</ele>
      </trkpt>
      <trkpt lat="-31.8010581" lon="-64.9815813">
        <ele>896.00000</ele>
      </trkpt>
      <trkpt lat="-31.8010465" lon="-64.9815881">
        <ele>897.00000</ele>
      </trkpt>
      <trkpt lat="-31.8010369" lon="-64.9816063">
        <ele>897.00000</ele>
      </trkpt>
      <trkpt lat="-31.8010272" lon="-64.9816200">
        <ele>897.00000</ele>
      </trkpt>
      <trkpt lat="-31.8010118" lon="-64.9816427">
        <ele>897.00000</ele>
      </trkpt>
      <trkpt lat="-31.8010021" lon="-64.9816495">
        <ele>897.00000</ele>
      </trkpt>
      <trkpt lat="-31.8009963" lon="-64.9816495">
        <ele>897.00000</ele>
      </trkpt>
      <trkpt lat="-31.8009809" lon="-64.9816495">
        <ele>897.00000</ele>
      </trkpt>
      <trkpt lat="-31.8009693" lon="-64.9816472">
        <ele>897.00000</ele>
      </trkpt>
      <trkpt lat="-31.8009635" lon="-64.9816449">
        <ele>897.00000</ele>
      </trkpt>
      <trkpt lat="-31.8009558" lon="-64.9816449">
        <ele>897.00000</ele>
      </trkpt>
      <trkpt lat="-31.8009384" lon="-64.9816427">
        <ele>897.00000</ele>
      </trkpt>
      <trkpt lat="-31.8009230" lon="-64.9816427">
        <ele>897.00000</ele>
      </trkpt>
      <trkpt lat="-31.8009133" lon="-64.9816427">
        <ele>897.00000</ele>
      </trkpt>
      <trkpt lat="-31.8009056" lon="-64.9816358">
        <ele>897.00000</ele>
      </trkpt>
      <trkpt lat="-31.8008959" lon="-64.9816358">
        <ele>897.00000</ele>
      </trkpt>
      <trkpt lat="-31.8008843" lon="-64.9816358">
        <ele>897.00000</ele>
      </trkpt>
      <trkpt lat="-31.8008766" lon="-64.9816381">
        <ele>897.00000</ele>
      </trkpt>
      <trkpt lat="-31.8008631" lon="-64.9816404">
        <ele>897.00000</ele>
      </trkpt>
      <trkpt lat="-31.8008554" lon="-64.9816449">
        <ele>897.00000</ele>
      </trkpt>
      <trkpt lat="-31.8008477" lon="-64.9816472">
        <ele>897.00000</ele>
      </trkpt>
      <trkpt lat="-31.8008361" lon="-64.9816608">
        <ele>897.00000</ele>
      </trkpt>
      <trkpt lat="-31.8008322" lon="-64.9816676">
        <ele>898.00000</ele>
      </trkpt>
      <trkpt lat="-31.8008148" lon="-64.9816972">
        <ele>898.00000</ele>
      </trkpt>
      <trkpt lat="-31.8008071" lon="-64.9817063">
        <ele>898.00000</ele>
      </trkpt>
      <trkpt lat="-31.8007516" lon="-64.9817240">
        <ele>898.00000</ele>
      </trkpt>
      <trkpt lat="-31.8007400" lon="-64.9817308">
        <ele>898.00000</ele>
      </trkpt>
      <trkpt lat="-31.8007284" lon="-64.9817331">
        <ele>899.00000</ele>
      </trkpt>
      <trkpt lat="-31.8007091" lon="-64.9817421">
        <ele>899.00000</ele>
      </trkpt>
      <trkpt lat="-31.8006937" lon="-64.9817512">
        <ele>899.00000</ele>
      </trkpt>
      <trkpt lat="-31.8006705" lon="-64.9817649">
        <ele>899.00000</ele>
      </trkpt>
      <trkpt lat="-31.8006550" lon="-64.9817762">
        <ele>899.00000</ele>
      </trkpt>
      <trkpt lat="-31.8006435" lon="-64.9817830">
        <ele>899.00000</ele>
      </trkpt>
      <trkpt lat="-31.8006319" lon="-64.9817876">
        <ele>899.00000</ele>
      </trkpt>
      <trkpt lat="-31.8006184" lon="-64.9817876">
        <ele>899.00000</ele>
      </trkpt>
      <trkpt lat="-31.8005990" lon="-64.9817876">
        <ele>899.00000</ele>
      </trkpt>
      <trkpt lat="-31.8005855" lon="-64.9817876">
        <ele>899.00000</ele>
      </trkpt>
      <trkpt lat="-31.8005778" lon="-64.9817921">
        <ele>899.00000</ele>
      </trkpt>
      <trkpt lat="-31.8005624" lon="-64.9818035">
        <ele>899.00000</ele>
      </trkpt>
      <trkpt lat="-31.8005546" lon="-64.9818080">
        <ele>900.00000</ele>
      </trkpt>
      <trkpt lat="-31.8005430" lon="-64.9818171">
        <ele>900.00000</ele>
      </trkpt>
      <trkpt lat="-31.8005315" lon="-64.9818262">
        <ele>900.00000</ele>
      </trkpt>
      <trkpt lat="-31.8005257" lon="-64.9818330">
        <ele>900.00000</ele>
      </trkpt>
      <trkpt lat="-31.8005179" lon="-64.9818443">
        <ele>900.00000</ele>
      </trkpt>
      <trkpt lat="-31.8005102" lon="-64.9818580">
        <ele>900.00000</ele>
      </trkpt>
      <trkpt lat="-31.8005006" lon="-64.9818739">
        <ele>900.00000</ele>
      </trkpt>
      <trkpt lat="-31.8004909" lon="-64.9818898">
        <ele>900.00000</ele>
      </trkpt>
      <trkpt lat="-31.8004832" lon="-64.9819011">
        <ele>900.00000</ele>
      </trkpt>
      <trkpt lat="-31.8004697" lon="-64.9819080">
        <ele>900.00000</ele>
      </trkpt>
      <trkpt lat="-31.8004581" lon="-64.9819148">
        <ele>900.00000</ele>
      </trkpt>
      <trkpt lat="-31.8004465" lon="-64.9819239">
        <ele>900.00000</ele>
      </trkpt>
      <trkpt lat="-31.8004388" lon="-64.9819284">
        <ele>900.00000</ele>
      </trkpt>
      <trkpt lat="-31.8004330" lon="-64.9819307">
        <ele>900.00000</ele>
      </trkpt>
      <trkpt lat="-31.8004272" lon="-64.9819352">
        <ele>900.00000</ele>
      </trkpt>
      <trkpt lat="-31.8004137" lon="-64.9819443">
        <ele>899.00000</ele>
      </trkpt>
      <trkpt lat="-31.8004021" lon="-64.9819511">
        <ele>899.00000</ele>
      </trkpt>
      <trkpt lat="-31.8003905" lon="-64.9819511">
        <ele>899.00000</ele>
      </trkpt>
      <trkpt lat="-31.8003886" lon="-64.9819534">
        <ele>899.00000</ele>
      </trkpt>
      <trkpt lat="-31.8002303" lon="-64.9820011">
        <ele>898.00000</ele>
      </trkpt>
      <trkpt lat="-31.8002245" lon="-64.9819988">
        <ele>898.00000</ele>
      </trkpt>
      <trkpt lat="-31.8002072" lon="-64.9820011">
        <ele>897.00000</ele>
      </trkpt>
      <trkpt lat="-31.8001936" lon="-64.9820079">
        <ele>897.00000</ele>
      </trkpt>
      <trkpt lat="-31.8001763" lon="-64.9820147">
        <ele>897.00000</ele>
      </trkpt>
      <trkpt lat="-31.8001550" lon="-64.9820260">
        <ele>897.00000</ele>
      </trkpt>
      <trkpt lat="-31.8001338" lon="-64.9820397">
        <ele>896.00000</ele>
      </trkpt>
      <trkpt lat="-31.8001125" lon="-64.9820488">
        <ele>896.00000</ele>
      </trkpt>
      <trkpt lat="-31.8000836" lon="-64.9820647">
        <ele>896.00000</ele>
      </trkpt>
      <trkpt lat="-31.8000643" lon="-64.9820715">
        <ele>895.00000</ele>
      </trkpt>
      <trkpt lat="-31.8000372" lon="-64.9820828">
        <ele>895.00000</ele>
      </trkpt>
      <trkpt lat="-31.8000102" lon="-64.9820919">
        <ele>895.00000</ele>
      </trkpt>
      <trkpt lat="-31.7999986" lon="-64.9820942">
        <ele>894.00000</ele>
      </trkpt>
      <trkpt lat="-31.7999793" lon="-64.9820964">
        <ele>894.00000</ele>
      </trkpt>
      <trkpt lat="-31.7999697" lon="-64.9821078">
        <ele>894.00000</ele>
      </trkpt>
      <trkpt lat="-31.7999561" lon="-64.9821078">
        <ele>894.00000</ele>
      </trkpt>
      <trkpt lat="-31.7999426" lon="-64.9821123">
        <ele>894.00000</ele>
      </trkpt>
      <trkpt lat="-31.7999252" lon="-64.9821192">
        <ele>894.00000</ele>
      </trkpt>
      <trkpt lat="-31.7999079" lon="-64.9821282">
        <ele>894.00000</ele>
      </trkpt>
      <trkpt lat="-31.7998944" lon="-64.9821396">
        <ele>894.00000</ele>
      </trkpt>
      <trkpt lat="-31.7998770" lon="-64.9821532">
        <ele>894.00000</ele>
      </trkpt>
      <trkpt lat="-31.7998615" lon="-64.9821646">
        <ele>894.00000</ele>
      </trkpt>
      <trkpt lat="-31.7998499" lon="-64.9821714">
        <ele>894.00000</ele>
      </trkpt>
      <trkpt lat="-31.7998403" lon="-64.9821805">
        <ele>893.00000</ele>
      </trkpt>
      <trkpt lat="-31.7998287" lon="-64.9821896">
        <ele>893.00000</ele>
      </trkpt>
      <trkpt lat="-31.7998152" lon="-64.9821964">
        <ele>893.00000</ele>
      </trkpt>
      <trkpt lat="-31.7998017" lon="-64.9822123">
        <ele>893.00000</ele>
      </trkpt>
      <trkpt lat="-31.7997881" lon="-64.9822236">
        <ele>893.00000</ele>
      </trkpt>
      <trkpt lat="-31.7997727" lon="-64.9822373">
        <ele>893.00000</ele>
      </trkpt>
      <trkpt lat="-31.7997650" lon="-64.9822418">
        <ele>893.00000</ele>
      </trkpt>
      <trkpt lat="-31.7997534" lon="-64.9822464">
        <ele>893.00000</ele>
      </trkpt>
      <trkpt lat="-31.7997341" lon="-64.9822486">
        <ele>893.00000</ele>
      </trkpt>
      <trkpt lat="-31.7997264" lon="-64.9822464">
        <ele>893.00000</ele>
      </trkpt>
      <trkpt lat="-31.7997167" lon="-64.9822463">
        <ele>893.00000</ele>
      </trkpt>
      <trkpt lat="-31.7997032" lon="-64.9822532">
        <ele>893.00000</ele>
      </trkpt>
      <trkpt lat="-31.7996916" lon="-64.9822577">
        <ele>893.00000</ele>
      </trkpt>
      <trkpt lat="-31.7996819" lon="-64.9822600">
        <ele>893.00000</ele>
      </trkpt>
      <trkpt lat="-31.7996723" lon="-64.9822668">
        <ele>893.00000</ele>
      </trkpt>
      <trkpt lat="-31.7996568" lon="-64.9822759">
        <ele>893.00000</ele>
      </trkpt>
      <trkpt lat="-31.7996491" lon="-64.9822781">
        <ele>893.00000</ele>
      </trkpt>
      <trkpt lat="-31.7996375" lon="-64.9822827">
        <ele>893.00000</ele>
      </trkpt>
      <trkpt lat="-31.7996279" lon="-64.9822895">
        <ele>893.00000</ele>
      </trkpt>
      <trkpt lat="-31.7996163" lon="-64.9822940">
        <ele>893.00000</ele>
      </trkpt>
      <trkpt lat="-31.7995989" lon="-64.9823031">
        <ele>893.00000</ele>
      </trkpt>
      <trkpt lat="-31.7995796" lon="-64.9823122">
        <ele>893.00000</ele>
      </trkpt>
      <trkpt lat="-31.7995584" lon="-64.9823236">
        <ele>893.00000</ele>
      </trkpt>
      <trkpt lat="-31.7995429" lon="-64.9823304">
        <ele>893.00000</ele>
      </trkpt>
      <trkpt lat="-31.7995371" lon="-64.9823349">
        <ele>893.00000</ele>
      </trkpt>
      <trkpt lat="-31.7995275" lon="-64.9823372">
        <ele>893.00000</ele>
      </trkpt>
      <trkpt lat="-31.7995197" lon="-64.9823440">
        <ele>893.00000</ele>
      </trkpt>
      <trkpt lat="-31.7995062" lon="-64.9823508">
        <ele>893.00000</ele>
      </trkpt>
      <trkpt lat="-31.7994908" lon="-64.9823622">
        <ele>893.00000</ele>
      </trkpt>
      <trkpt lat="-31.7994773" lon="-64.9823713">
        <ele>893.00000</ele>
      </trkpt>
      <trkpt lat="-31.7994695" lon="-64.9823781">
        <ele>893.00000</ele>
      </trkpt>
      <trkpt lat="-31.7994580" lon="-64.9823872">
        <ele>893.00000</ele>
      </trkpt>
      <trkpt lat="-31.7994047" lon="-64.9824298">
        <ele>893.00000</ele>
      </trkpt>
      <trkpt lat="-31.7993951" lon="-64.9824343">
        <ele>893.00000</ele>
      </trkpt>
      <trkpt lat="-31.7993777" lon="-64.9824411">
        <ele>893.00000</ele>
      </trkpt>
      <trkpt lat="-31.7993681" lon="-64.9824525">
        <ele>893.00000</ele>
      </trkpt>
      <trkpt lat="-31.7993526" lon="-64.9824684">
        <ele>893.00000</ele>
      </trkpt>
      <trkpt lat="-31.7993468" lon="-64.9824775">
        <ele>893.00000</ele>
      </trkpt>
      <trkpt lat="-31.7993372" lon="-64.9824888">
        <ele>893.00000</ele>
      </trkpt>
      <trkpt lat="-31.7993256" lon="-64.9825002">
        <ele>893.00000</ele>
      </trkpt>
      <trkpt lat="-31.7993140" lon="-64.9825093">
        <ele>893.00000</ele>
      </trkpt>
      <trkpt lat="-31.7993005" lon="-64.9825183">
        <ele>893.00000</ele>
      </trkpt>
      <trkpt lat="-31.7992870" lon="-64.9825297">
        <ele>893.00000</ele>
      </trkpt>
      <trkpt lat="-31.7992696" lon="-64.9825479">
        <ele>893.00000</ele>
      </trkpt>
      <trkpt lat="-31.7992599" lon="-64.9825615">
        <ele>893.00000</ele>
      </trkpt>
      <trkpt lat="-31.7992503" lon="-64.9825774">
        <ele>893.00000</ele>
      </trkpt>
      <trkpt lat="-31.7992406" lon="-64.9825933">
        <ele>893.00000</ele>
      </trkpt>
      <trkpt lat="-31.7992348" lon="-64.9826115">
        <ele>893.00000</ele>
      </trkpt>
      <trkpt lat="-31.7992290" lon="-64.9826342">
        <ele>893.00000</ele>
      </trkpt>
      <trkpt lat="-31.7992252" lon="-64.9826524">
        <ele>893.00000</ele>
      </trkpt>
      <trkpt lat="-31.7992213" lon="-64.9826615">
        <ele>893.00000</ele>
      </trkpt>
      <trkpt lat="-31.7992155" lon="-64.9826796">
        <ele>893.00000</ele>
      </trkpt>
      <trkpt lat="-31.7992116" lon="-64.9826910">
        <ele>893.00000</ele>
      </trkpt>
      <trkpt lat="-31.7992020" lon="-64.9827069">
        <ele>893.00000</ele>
      </trkpt>
      <trkpt lat="-31.7991962" lon="-64.9827183">
        <ele>893.00000</ele>
      </trkpt>
      <trkpt lat="-31.7991923" lon="-64.9827228">
        <ele>893.00000</ele>
      </trkpt>
      <trkpt lat="-31.7991846" lon="-64.9827342">
        <ele>893.00000</ele>
      </trkpt>
      <trkpt lat="-31.7991807" lon="-64.9827410">
        <ele>893.00000</ele>
      </trkpt>
      <trkpt lat="-31.7991730" lon="-64.9827569">
        <ele>893.00000</ele>
      </trkpt>
      <trkpt lat="-31.7991672" lon="-64.9827705">
        <ele>893.00000</ele>
      </trkpt>
      <trkpt lat="-31.7991576" lon="-64.9827819">
        <ele>893.00000</ele>
      </trkpt>
      <trkpt lat="-31.7991556" lon="-64.9827864">
        <ele>893.00000</ele>
      </trkpt>
      <trkpt lat="-31.7991440" lon="-64.9828023">
        <ele>893.00000</ele>
      </trkpt>
      <trkpt lat="-31.7991344" lon="-64.9828159">
        <ele>893.00000</ele>
      </trkpt>
      <trkpt lat="-31.7991286" lon="-64.9828273">
        <ele>893.00000</ele>
      </trkpt>
      <trkpt lat="-31.7991209" lon="-64.9828432">
        <ele>893.00000</ele>
      </trkpt>
      <trkpt lat="-31.7991170" lon="-64.9828568">
        <ele>893.00000</ele>
      </trkpt>
      <trkpt lat="-31.7991131" lon="-64.9828659">
        <ele>893.00000</ele>
      </trkpt>
      <trkpt lat="-31.7991112" lon="-64.9828773">
        <ele>893.00000</ele>
      </trkpt>
      <trkpt lat="-31.7991112" lon="-64.9828864">
        <ele>893.00000</ele>
      </trkpt>
      <trkpt lat="-31.7991073" lon="-64.9829023">
        <ele>893.00000</ele>
      </trkpt>
      <trkpt lat="-31.7991035" lon="-64.9829159">
        <ele>894.00000</ele>
      </trkpt>
      <trkpt lat="-31.7990977" lon="-64.9829273">
        <ele>894.00000</ele>
      </trkpt>
      <trkpt lat="-31.7990919" lon="-64.9829386">
        <ele>894.00000</ele>
      </trkpt>
      <trkpt lat="-31.7990861" lon="-64.9829454">
        <ele>894.00000</ele>
      </trkpt>
      <trkpt lat="-31.7990629" lon="-64.9829681">
        <ele>894.00000</ele>
      </trkpt>
      <trkpt lat="-31.7990475" lon="-64.9829795">
        <ele>894.00000</ele>
      </trkpt>
      <trkpt lat="-31.7990320" lon="-64.9829954">
        <ele>894.00000</ele>
      </trkpt>
      <trkpt lat="-31.7990243" lon="-64.9830022">
        <ele>895.00000</ele>
      </trkpt>
      <trkpt lat="-31.7990127" lon="-64.9830181">
        <ele>895.00000</ele>
      </trkpt>
      <trkpt lat="-31.7990011" lon="-64.9830363">
        <ele>895.00000</ele>
      </trkpt>
      <trkpt lat="-31.7989895" lon="-64.9830499">
        <ele>895.00000</ele>
      </trkpt>
      <trkpt lat="-31.7989857" lon="-64.9830567">
        <ele>895.00000</ele>
      </trkpt>
      <trkpt lat="-31.7989818" lon="-64.9830704">
        <ele>895.00000</ele>
      </trkpt>
      <trkpt lat="-31.7989818" lon="-64.9830817">
        <ele>895.00000</ele>
      </trkpt>
      <trkpt lat="-31.7989818" lon="-64.9831022">
        <ele>895.00000</ele>
      </trkpt>
      <trkpt lat="-31.7989818" lon="-64.9831135">
        <ele>896.00000</ele>
      </trkpt>
      <trkpt lat="-31.7989846" lon="-64.9831430">
        <ele>896.00000</ele>
      </trkpt>
      <trkpt lat="-31.7989827" lon="-64.9831611">
        <ele>896.00000</ele>
      </trkpt>
      <trkpt lat="-31.7989885" lon="-64.9831657">
        <ele>896.00000</ele>
      </trkpt>
      <trkpt lat="-31.7989981" lon="-64.9831793">
        <ele>896.00000</ele>
      </trkpt>
      <trkpt lat="-31.7990058" lon="-64.9832020">
        <ele>896.00000</ele>
      </trkpt>
      <trkpt lat="-31.7990058" lon="-64.9832293">
        <ele>896.00000</ele>
      </trkpt>
      <trkpt lat="-31.7990058" lon="-64.9832361">
        <ele>896.00000</ele>
      </trkpt>
      <trkpt lat="-31.7990039" lon="-64.9832475">
        <ele>896.00000</ele>
      </trkpt>
      <trkpt lat="-31.7989962" lon="-64.9832611">
        <ele>896.00000</ele>
      </trkpt>
      <trkpt lat="-31.7989904" lon="-64.9832679">
        <ele>896.00000</ele>
      </trkpt>
      <trkpt lat="-31.7989827" lon="-64.9832793">
        <ele>896.00000</ele>
      </trkpt>
      <trkpt lat="-31.7989730" lon="-64.9832952">
        <ele>897.00000</ele>
      </trkpt>
      <trkpt lat="-31.7989672" lon="-64.9833134">
        <ele>897.00000</ele>
      </trkpt>
      <trkpt lat="-31.7989672" lon="-64.9833361">
        <ele>897.00000</ele>
      </trkpt>
      <trkpt lat="-31.7989633" lon="-64.9833520">
        <ele>897.00000</ele>
      </trkpt>
      <trkpt lat="-31.7989614" lon="-64.9833656">
        <ele>897.00000</ele>
      </trkpt>
      <trkpt lat="-31.7989595" lon="-64.9833770">
        <ele>897.00000</ele>
      </trkpt>
      <trkpt lat="-31.7989518" lon="-64.9833974">
        <ele>897.00000</ele>
      </trkpt>
      <trkpt lat="-31.7989402" lon="-64.9834110">
        <ele>897.00000</ele>
      </trkpt>
      <trkpt lat="-31.7989305" lon="-64.9834224">
        <ele>897.00000</ele>
      </trkpt>
      <trkpt lat="-31.7989267" lon="-64.9834315">
        <ele>897.00000</ele>
      </trkpt>
      <trkpt lat="-31.7989209" lon="-64.9834360">
        <ele>897.00000</ele>
      </trkpt>
      <trkpt lat="-31.7989112" lon="-64.9834383">
        <ele>897.00000</ele>
      </trkpt>
      <trkpt lat="-31.7989035" lon="-64.9834428">
        <ele>897.00000</ele>
      </trkpt>
      <trkpt lat="-31.7988938" lon="-64.9834428">
        <ele>897.00000</ele>
      </trkpt>
      <trkpt lat="-31.7988764" lon="-64.9834451">
        <ele>896.00000</ele>
      </trkpt>
      <trkpt lat="-31.7988726" lon="-64.9834519">
        <ele>896.00000</ele>
      </trkpt>
      <trkpt lat="-31.7988687" lon="-64.9834656">
        <ele>896.00000</ele>
      </trkpt>
      <trkpt lat="-31.7988687" lon="-64.9834724">
        <ele>896.00000</ele>
      </trkpt>
      <trkpt lat="-31.7988668" lon="-64.9834792">
        <ele>896.00000</ele>
      </trkpt>
      <trkpt lat="-31.7988649" lon="-64.9834883">
        <ele>896.00000</ele>
      </trkpt>
      <trkpt lat="-31.7988629" lon="-64.9835019">
        <ele>896.00000</ele>
      </trkpt>
      <trkpt lat="-31.7988591" lon="-64.9835201">
        <ele>896.00000</ele>
      </trkpt>
      <trkpt lat="-31.7988533" lon="-64.9835292">
        <ele>896.00000</ele>
      </trkpt>
      <trkpt lat="-31.7988436" lon="-64.9835428">
        <ele>896.00000</ele>
      </trkpt>
      <trkpt lat="-31.7988301" lon="-64.9835632">
        <ele>896.00000</ele>
      </trkpt>
      <trkpt lat="-31.7988146" lon="-64.9835746">
        <ele>896.00000</ele>
      </trkpt>
      <trkpt lat="-31.7988108" lon="-64.9835769">
        <ele>896.00000</ele>
      </trkpt>
      <trkpt lat="-31.7987992" lon="-64.9835837">
        <ele>896.00000</ele>
      </trkpt>
      <trkpt lat="-31.7987857" lon="-64.9835882">
        <ele>895.00000</ele>
      </trkpt>
      <trkpt lat="-31.7987799" lon="-64.9835928">
        <ele>895.00000</ele>
      </trkpt>
      <trkpt lat="-31.7987722" lon="-64.9836018">
        <ele>895.00000</ele>
      </trkpt>
      <trkpt lat="-31.7987586" lon="-64.9836109">
        <ele>895.00000</ele>
      </trkpt>
      <trkpt lat="-31.7987567" lon="-64.9836132">
        <ele>895.00000</ele>
      </trkpt>
      <trkpt lat="-31.7987471" lon="-64.9836268">
        <ele>895.00000</ele>
      </trkpt>
      <trkpt lat="-31.7987393" lon="-64.9836359">
        <ele>895.00000</ele>
      </trkpt>
      <trkpt lat="-31.7987355" lon="-64.9836382">
        <ele>895.00000</ele>
      </trkpt>
      <trkpt lat="-31.7987239" lon="-64.9836450">
        <ele>894.00000</ele>
      </trkpt>
      <trkpt lat="-31.7987142" lon="-64.9836495">
        <ele>894.00000</ele>
      </trkpt>
      <trkpt lat="-31.7987104" lon="-64.9836518">
        <ele>894.00000</ele>
      </trkpt>
      <trkpt lat="-31.7986969" lon="-64.9836586">
        <ele>894.00000</ele>
      </trkpt>
      <trkpt lat="-31.7986853" lon="-64.9836654">
        <ele>894.00000</ele>
      </trkpt>
      <trkpt lat="-31.7986737" lon="-64.9836813">
        <ele>894.00000</ele>
      </trkpt>
      <trkpt lat="-31.7986660" lon="-64.9836950">
        <ele>894.00000</ele>
      </trkpt>
      <trkpt lat="-31.7986582" lon="-64.9837109">
        <ele>893.00000</ele>
      </trkpt>
      <trkpt lat="-31.7986447" lon="-64.9837290">
        <ele>893.00000</ele>
      </trkpt>
      <trkpt lat="-31.7986389" lon="-64.9837359">
        <ele>893.00000</ele>
      </trkpt>
      <trkpt lat="-31.7986293" lon="-64.9837518">
        <ele>893.00000</ele>
      </trkpt>
      <trkpt lat="-31.7986215" lon="-64.9837586">
        <ele>893.00000</ele>
      </trkpt>
      <trkpt lat="-31.7986138" lon="-64.9837654">
        <ele>893.00000</ele>
      </trkpt>
      <trkpt lat="-31.7986061" lon="-64.9837813">
        <ele>893.00000</ele>
      </trkpt>
      <trkpt lat="-31.7986042" lon="-64.9837836">
        <ele>893.00000</ele>
      </trkpt>
      <trkpt lat="-31.7985964" lon="-64.9837881">
        <ele>893.00000</ele>
      </trkpt>
      <trkpt lat="-31.7985791" lon="-64.9837949">
        <ele>893.00000</ele>
      </trkpt>
      <trkpt lat="-31.7985733" lon="-64.9837949">
        <ele>893.00000</ele>
      </trkpt>
      <trkpt lat="-31.7985655" lon="-64.9837995">
        <ele>893.00000</ele>
      </trkpt>
      <trkpt lat="-31.7985520" lon="-64.9838063">
        <ele>893.00000</ele>
      </trkpt>
      <trkpt lat="-31.7985482" lon="-64.9838154">
        <ele>893.00000</ele>
      </trkpt>
      <trkpt lat="-31.7985482" lon="-64.9838267">
        <ele>893.00000</ele>
      </trkpt>
      <trkpt lat="-31.7985482" lon="-64.9838404">
        <ele>893.00000</ele>
      </trkpt>
      <trkpt lat="-31.7985482" lon="-64.9838517">
        <ele>893.00000</ele>
      </trkpt>
      <trkpt lat="-31.7985482" lon="-64.9838653">
        <ele>893.00000</ele>
      </trkpt>
      <trkpt lat="-31.7985539" lon="-64.9838790">
        <ele>893.00000</ele>
      </trkpt>
      <trkpt lat="-31.7985578" lon="-64.9838881">
        <ele>893.00000</ele>
      </trkpt>
      <trkpt lat="-31.7985636" lon="-64.9839017">
        <ele>893.00000</ele>
      </trkpt>
      <trkpt lat="-31.7985636" lon="-64.9839062">
        <ele>893.00000</ele>
      </trkpt>
      <trkpt lat="-31.7985636" lon="-64.9839267">
        <ele>893.00000</ele>
      </trkpt>
      <trkpt lat="-31.7985636" lon="-64.9839312">
        <ele>893.00000</ele>
      </trkpt>
      <trkpt lat="-31.7985655" lon="-64.9839449">
        <ele>893.00000</ele>
      </trkpt>
      <trkpt lat="-31.7985675" lon="-64.9839608">
        <ele>893.00000</ele>
      </trkpt>
      <trkpt lat="-31.7985674" lon="-64.9839630">
        <ele>893.00000</ele>
      </trkpt>
      <trkpt lat="-31.7985694" lon="-64.9839744">
        <ele>893.00000</ele>
      </trkpt>
      <trkpt lat="-31.7985732" lon="-64.9839835">
        <ele>892.00000</ele>
      </trkpt>
      <trkpt lat="-31.7985810" lon="-64.9840062">
        <ele>892.00000</ele>
      </trkpt>
      <trkpt lat="-31.7985848" lon="-64.9840176">
        <ele>892.00000</ele>
      </trkpt>
      <trkpt lat="-31.7985868" lon="-64.9840289">
        <ele>892.00000</ele>
      </trkpt>
      <trkpt lat="-31.7985887" lon="-64.9840494">
        <ele>892.00000</ele>
      </trkpt>
      <trkpt lat="-31.7985887" lon="-64.9840698">
        <ele>892.00000</ele>
      </trkpt>
      <trkpt lat="-31.7985867" lon="-64.9840789">
        <ele>892.00000</ele>
      </trkpt>
      <trkpt lat="-31.7985863" lon="-64.9841194">
        <ele>892.00000</ele>
      </trkpt>
      <trkpt lat="-31.7985863" lon="-64.9841376">
        <ele>892.00000</ele>
      </trkpt>
      <trkpt lat="-31.7985863" lon="-64.9841421">
        <ele>892.00000</ele>
      </trkpt>
      <trkpt lat="-31.7985882" lon="-64.9841512">
        <ele>892.00000</ele>
      </trkpt>
      <trkpt lat="-31.7985882" lon="-64.9841739">
        <ele>892.00000</ele>
      </trkpt>
      <trkpt lat="-31.7985844" lon="-64.9842035">
        <ele>892.00000</ele>
      </trkpt>
      <trkpt lat="-31.7985728" lon="-64.9842307">
        <ele>892.00000</ele>
      </trkpt>
      <trkpt lat="-31.7985709" lon="-64.9842330">
        <ele>892.00000</ele>
      </trkpt>
      <trkpt lat="-31.7985670" lon="-64.9842489">
        <ele>892.00000</ele>
      </trkpt>
      <trkpt lat="-31.7985670" lon="-64.9842580">
        <ele>892.00000</ele>
      </trkpt>
      <trkpt lat="-31.7985670" lon="-64.9842694">
        <ele>892.00000</ele>
      </trkpt>
      <trkpt lat="-31.7985670" lon="-64.9842853">
        <ele>892.00000</ele>
      </trkpt>
      <trkpt lat="-31.7985708" lon="-64.9843125">
        <ele>892.00000</ele>
      </trkpt>
      <trkpt lat="-31.7985708" lon="-64.9843330">
        <ele>892.00000</ele>
      </trkpt>
      <trkpt lat="-31.7985708" lon="-64.9843489">
        <ele>892.00000</ele>
      </trkpt>
      <trkpt lat="-31.7985708" lon="-64.9843648">
        <ele>892.00000</ele>
      </trkpt>
      <trkpt lat="-31.7985689" lon="-64.9843761">
        <ele>892.00000</ele>
      </trkpt>
      <trkpt lat="-31.7985612" lon="-64.9843943">
        <ele>892.00000</ele>
      </trkpt>
      <trkpt lat="-31.7985593" lon="-64.9843966">
        <ele>892.00000</ele>
      </trkpt>
      <trkpt lat="-31.7985554" lon="-64.9844079">
        <ele>892.00000</ele>
      </trkpt>
      <trkpt lat="-31.7985535" lon="-64.9844193">
        <ele>892.00000</ele>
      </trkpt>
      <trkpt lat="-31.7985515" lon="-64.9844307">
        <ele>892.00000</ele>
      </trkpt>
      <trkpt lat="-31.7985496" lon="-64.9844488">
        <ele>892.00000</ele>
      </trkpt>
      <trkpt lat="-31.7985477" lon="-64.9844738">
        <ele>892.00000</ele>
      </trkpt>
      <trkpt lat="-31.7985438" lon="-64.9844920">
        <ele>892.00000</ele>
      </trkpt>
      <trkpt lat="-31.7985303" lon="-64.9845215">
        <ele>892.00000</ele>
      </trkpt>
      <trkpt lat="-31.7985226" lon="-64.9845329">
        <ele>892.00000</ele>
      </trkpt>
      <trkpt lat="-31.7985168" lon="-64.9845420">
        <ele>892.00000</ele>
      </trkpt>
      <trkpt lat="-31.7985071" lon="-64.9845488">
        <ele>892.00000</ele>
      </trkpt>
      <trkpt lat="-31.7984994" lon="-64.9845579">
        <ele>892.00000</ele>
      </trkpt>
      <trkpt lat="-31.7984897" lon="-64.9845647">
        <ele>892.00000</ele>
      </trkpt>
      <trkpt lat="-31.7984781" lon="-64.9845738">
        <ele>892.00000</ele>
      </trkpt>
      <trkpt lat="-31.7984685" lon="-64.9845806">
        <ele>892.00000</ele>
      </trkpt>
      <trkpt lat="-31.7984588" lon="-64.9845874">
        <ele>892.00000</ele>
      </trkpt>
      <trkpt lat="-31.7984472" lon="-64.9845988">
        <ele>892.00000</ele>
      </trkpt>
      <trkpt lat="-31.7984414" lon="-64.9846078">
        <ele>892.00000</ele>
      </trkpt>
      <trkpt lat="-31.7984357" lon="-64.9846237">
        <ele>892.00000</ele>
      </trkpt>
      <trkpt lat="-31.7984279" lon="-64.9846442">
        <ele>892.00000</ele>
      </trkpt>
      <trkpt lat="-31.7984241" lon="-64.9846533">
        <ele>892.00000</ele>
      </trkpt>
      <trkpt lat="-31.7984086" lon="-64.9846692">
        <ele>892.00000</ele>
      </trkpt>
      <trkpt lat="-31.7983990" lon="-64.9846805">
        <ele>892.00000</ele>
      </trkpt>
      <trkpt lat="-31.7983951" lon="-64.9846919">
        <ele>892.00000</ele>
      </trkpt>
      <trkpt lat="-31.7983893" lon="-64.9847101">
        <ele>892.00000</ele>
      </trkpt>
      <trkpt lat="-31.7983758" lon="-64.9847351">
        <ele>892.00000</ele>
      </trkpt>
      <trkpt lat="-31.7983738" lon="-64.9847419">
        <ele>892.00000</ele>
      </trkpt>
      <trkpt lat="-31.7983700" lon="-64.9847555">
        <ele>892.00000</ele>
      </trkpt>
      <trkpt lat="-31.7983700" lon="-64.9847646">
        <ele>892.00000</ele>
      </trkpt>
      <trkpt lat="-31.7983700" lon="-64.9847805">
        <ele>892.00000</ele>
      </trkpt>
      <trkpt lat="-31.7983700" lon="-64.9847964">
        <ele>892.00000</ele>
      </trkpt>
      <trkpt lat="-31.7983700" lon="-64.9848055">
        <ele>892.00000</ele>
      </trkpt>
      <trkpt lat="-31.7983700" lon="-64.9848214">
        <ele>892.00000</ele>
      </trkpt>
      <trkpt lat="-31.7983661" lon="-64.9848373">
        <ele>892.00000</ele>
      </trkpt>
      <trkpt lat="-31.7983642" lon="-64.9848486">
        <ele>892.00000</ele>
      </trkpt>
      <trkpt lat="-31.7983565" lon="-64.9848759">
        <ele>892.00000</ele>
      </trkpt>
      <trkpt lat="-31.7983468" lon="-64.9848963">
        <ele>892.00000</ele>
      </trkpt>
      <trkpt lat="-31.7983391" lon="-64.9849077">
        <ele>892.00000</ele>
      </trkpt>
      <trkpt lat="-31.7983352" lon="-64.9849168">
        <ele>892.00000</ele>
      </trkpt>
      <trkpt lat="-31.7983236" lon="-64.9849395">
        <ele>892.00000</ele>
      </trkpt>
      <trkpt lat="-31.7983140" lon="-64.9849577">
        <ele>892.00000</ele>
      </trkpt>
      <trkpt lat="-31.7983082" lon="-64.9849804">
        <ele>892.00000</ele>
      </trkpt>
      <trkpt lat="-31.7982966" lon="-64.9850099">
        <ele>892.00000</ele>
      </trkpt>
      <trkpt lat="-31.7982889" lon="-64.9850213">
        <ele>892.00000</ele>
      </trkpt>
      <trkpt lat="-31.7982734" lon="-64.9850326">
        <ele>892.00000</ele>
      </trkpt>
      <trkpt lat="-31.7982657" lon="-64.9850372">
        <ele>892.00000</ele>
      </trkpt>
      <trkpt lat="-31.7982580" lon="-64.9850463">
        <ele>892.00000</ele>
      </trkpt>
      <trkpt lat="-31.7982541" lon="-64.9850554">
        <ele>892.00000</ele>
      </trkpt>
      <trkpt lat="-31.7982406" lon="-64.9850735">
        <ele>892.00000</ele>
      </trkpt>
      <trkpt lat="-31.7982367" lon="-64.9850826">
        <ele>892.00000</ele>
      </trkpt>
      <trkpt lat="-31.7982290" lon="-64.9851008">
        <ele>892.00000</ele>
      </trkpt>
      <trkpt lat="-31.7982290" lon="-64.9851031">
        <ele>892.00000</ele>
      </trkpt>
      <trkpt lat="-31.7982290" lon="-64.9851144">
        <ele>892.00000</ele>
      </trkpt>
      <trkpt lat="-31.7982290" lon="-64.9851371">
        <ele>892.00000</ele>
      </trkpt>
      <trkpt lat="-31.7982290" lon="-64.9851644">
        <ele>892.00000</ele>
      </trkpt>
      <trkpt lat="-31.7982290" lon="-64.9851735">
        <ele>892.00000</ele>
      </trkpt>
      <trkpt lat="-31.7982290" lon="-64.9851894">
        <ele>892.00000</ele>
      </trkpt>
      <trkpt lat="-31.7982290" lon="-64.9851917">
        <ele>892.00000</ele>
      </trkpt>
      <trkpt lat="-31.7982290" lon="-64.9852008">
        <ele>892.00000</ele>
      </trkpt>
      <trkpt lat="-31.7982290" lon="-64.9852257">
        <ele>892.00000</ele>
      </trkpt>
      <trkpt lat="-31.7982309" lon="-64.9852326">
        <ele>892.00000</ele>
      </trkpt>
      <trkpt lat="-31.7982328" lon="-64.9852462">
        <ele>892.00000</ele>
      </trkpt>
      <trkpt lat="-31.7982367" lon="-64.9852644">
        <ele>892.00000</ele>
      </trkpt>
      <trkpt lat="-31.7982367" lon="-64.9852894">
        <ele>891.00000</ele>
      </trkpt>
      <trkpt lat="-31.7982367" lon="-64.9852962">
        <ele>891.00000</ele>
      </trkpt>
      <trkpt lat="-31.7982309" lon="-64.9853325">
        <ele>891.00000</ele>
      </trkpt>
      <trkpt lat="-31.7982232" lon="-64.9853552">
        <ele>891.00000</ele>
      </trkpt>
      <trkpt lat="-31.7982174" lon="-64.9853621">
        <ele>891.00000</ele>
      </trkpt>
      <trkpt lat="-31.7982039" lon="-64.9853711">
        <ele>891.00000</ele>
      </trkpt>
      <trkpt lat="-31.7981961" lon="-64.9853780">
        <ele>891.00000</ele>
      </trkpt>
      <trkpt lat="-31.7981903" lon="-64.9853780">
        <ele>891.00000</ele>
      </trkpt>
      <trkpt lat="-31.7981787" lon="-64.9853802">
        <ele>891.00000</ele>
      </trkpt>
      <trkpt lat="-31.7981652" lon="-64.9853802">
        <ele>891.00000</ele>
      </trkpt>
      <trkpt lat="-31.7981498" lon="-64.9853802">
        <ele>891.00000</ele>
      </trkpt>
      <trkpt lat="-31.7981382" lon="-64.9853802">
        <ele>891.00000</ele>
      </trkpt>
      <trkpt lat="-31.7981208" lon="-64.9853802">
        <ele>891.00000</ele>
      </trkpt>
      <trkpt lat="-31.7981150" lon="-64.9853802">
        <ele>891.00000</ele>
      </trkpt>
      <trkpt lat="-31.7981073" lon="-64.9853848">
        <ele>891.00000</ele>
      </trkpt>
      <trkpt lat="-31.7980977" lon="-64.9853870">
        <ele>891.00000</ele>
      </trkpt>
      <trkpt lat="-31.7980899" lon="-64.9853893">
        <ele>891.00000</ele>
      </trkpt>
      <trkpt lat="-31.7980803" lon="-64.9853916">
        <ele>891.00000</ele>
      </trkpt>
      <trkpt lat="-31.7980648" lon="-64.9853961">
        <ele>891.00000</ele>
      </trkpt>
      <trkpt lat="-31.7980312" lon="-64.9854375">
        <ele>891.00000</ele>
      </trkpt>
      <trkpt lat="-31.7980235" lon="-64.9854488">
        <ele>891.00000</ele>
      </trkpt>
      <trkpt lat="-31.7980177" lon="-64.9854625">
        <ele>891.00000</ele>
      </trkpt>
      <trkpt lat="-31.7980023" lon="-64.9854920">
        <ele>891.00000</ele>
      </trkpt>
      <trkpt lat="-31.7979965" lon="-64.9855011">
        <ele>891.00000</ele>
      </trkpt>
      <trkpt lat="-31.7979926" lon="-64.9855124">
        <ele>891.00000</ele>
      </trkpt>
      <trkpt lat="-31.7979887" lon="-64.9855215">
        <ele>891.00000</ele>
      </trkpt>
      <trkpt lat="-31.7979887" lon="-64.9855352">
        <ele>891.00000</ele>
      </trkpt>
      <trkpt lat="-31.7979887" lon="-64.9855465">
        <ele>891.00000</ele>
      </trkpt>
      <trkpt lat="-31.7979907" lon="-64.9855556">
        <ele>890.00000</ele>
      </trkpt>
      <trkpt lat="-31.7979945" lon="-64.9855738">
        <ele>890.00000</ele>
      </trkpt>
      <trkpt lat="-31.7979945" lon="-64.9855851">
        <ele>890.00000</ele>
      </trkpt>
      <trkpt lat="-31.7980023" lon="-64.9856169">
        <ele>890.00000</ele>
      </trkpt>
      <trkpt lat="-31.7980061" lon="-64.9856397">
        <ele>890.00000</ele>
      </trkpt>
      <trkpt lat="-31.7980100" lon="-64.9856533">
        <ele>890.00000</ele>
      </trkpt>
      <trkpt lat="-31.7980100" lon="-64.9856737">
        <ele>890.00000</ele>
      </trkpt>
      <trkpt lat="-31.7980022" lon="-64.9856987">
        <ele>890.00000</ele>
      </trkpt>
      <trkpt lat="-31.7979926" lon="-64.9857192">
        <ele>890.00000</ele>
      </trkpt>
      <trkpt lat="-31.7979887" lon="-64.9857283">
        <ele>890.00000</ele>
      </trkpt>
      <trkpt lat="-31.7979829" lon="-64.9857396">
        <ele>890.00000</ele>
      </trkpt>
      <trkpt lat="-31.7979771" lon="-64.9857533">
        <ele>890.00000</ele>
      </trkpt>
      <trkpt lat="-31.7979713" lon="-64.9857669">
        <ele>890.00000</ele>
      </trkpt>
      <trkpt lat="-31.7979655" lon="-64.9857805">
        <ele>889.00000</ele>
      </trkpt>
      <trkpt lat="-31.7979559" lon="-64.9858010">
        <ele>889.00000</ele>
      </trkpt>
      <trkpt lat="-31.7979501" lon="-64.9858078">
        <ele>889.00000</ele>
      </trkpt>
      <trkpt lat="-31.7979443" lon="-64.9858146">
        <ele>889.00000</ele>
      </trkpt>
      <trkpt lat="-31.7979346" lon="-64.9858237">
        <ele>889.00000</ele>
      </trkpt>
      <trkpt lat="-31.7979250" lon="-64.9858282">
        <ele>889.00000</ele>
      </trkpt>
      <trkpt lat="-31.7979134" lon="-64.9858373">
        <ele>889.00000</ele>
      </trkpt>
      <trkpt lat="-31.7979037" lon="-64.9858441">
        <ele>889.00000</ele>
      </trkpt>
      <trkpt lat="-31.7978922" lon="-64.9858623">
        <ele>889.00000</ele>
      </trkpt>
      <trkpt lat="-31.7978806" lon="-64.9858714">
        <ele>889.00000</ele>
      </trkpt>
      <trkpt lat="-31.7978748" lon="-64.9858873">
        <ele>889.00000</ele>
      </trkpt>
      <trkpt lat="-31.7978728" lon="-64.9859009">
        <ele>889.00000</ele>
      </trkpt>
      <trkpt lat="-31.7978728" lon="-64.9859100">
        <ele>889.00000</ele>
      </trkpt>
      <trkpt lat="-31.7978690" lon="-64.9859259">
        <ele>889.00000</ele>
      </trkpt>
      <trkpt lat="-31.7978670" lon="-64.9859282">
        <ele>889.00000</ele>
      </trkpt>
      <trkpt lat="-31.7978613" lon="-64.9859463">
        <ele>889.00000</ele>
      </trkpt>
      <trkpt lat="-31.7978593" lon="-64.9859486">
        <ele>889.00000</ele>
      </trkpt>
      <trkpt lat="-31.7978516" lon="-64.9859759">
        <ele>888.00000</ele>
      </trkpt>
      <trkpt lat="-31.7978477" lon="-64.9859872">
        <ele>888.00000</ele>
      </trkpt>
      <trkpt lat="-31.7978439" lon="-64.9859963">
        <ele>888.00000</ele>
      </trkpt>
      <trkpt lat="-31.7978419" lon="-64.9860054">
        <ele>888.00000</ele>
      </trkpt>
      <trkpt lat="-31.7978400" lon="-64.9860168">
        <ele>888.00000</ele>
      </trkpt>
      <trkpt lat="-31.7978400" lon="-64.9860372">
        <ele>888.00000</ele>
      </trkpt>
      <trkpt lat="-31.7978439" lon="-64.9860508">
        <ele>888.00000</ele>
      </trkpt>
      <trkpt lat="-31.7978458" lon="-64.9860622">
        <ele>888.00000</ele>
      </trkpt>
      <trkpt lat="-31.7978458" lon="-64.9860690">
        <ele>888.00000</ele>
      </trkpt>
      <trkpt lat="-31.7978496" lon="-64.9860849">
        <ele>888.00000</ele>
      </trkpt>
      <trkpt lat="-31.7978496" lon="-64.9860872">
        <ele>888.00000</ele>
      </trkpt>
      <trkpt lat="-31.7978516" lon="-64.9861099">
        <ele>888.00000</ele>
      </trkpt>
      <trkpt lat="-31.7978554" lon="-64.9861281">
        <ele>888.00000</ele>
      </trkpt>
      <trkpt lat="-31.7978574" lon="-64.9861417">
        <ele>888.00000</ele>
      </trkpt>
      <trkpt lat="-31.7978593" lon="-64.9861599">
        <ele>888.00000</ele>
      </trkpt>
      <trkpt lat="-31.7978593" lon="-64.9861735">
        <ele>888.00000</ele>
      </trkpt>
      <trkpt lat="-31.7978593" lon="-64.9861940">
        <ele>888.00000</ele>
      </trkpt>
      <trkpt lat="-31.7978593" lon="-64.9862053">
        <ele>888.00000</ele>
      </trkpt>
      <trkpt lat="-31.7978689" lon="-64.9862235">
        <ele>888.00000</ele>
      </trkpt>
      <trkpt lat="-31.7978747" lon="-64.9862280">
        <ele>887.00000</ele>
      </trkpt>
      <trkpt lat="-31.7978805" lon="-64.9862349">
        <ele>887.00000</ele>
      </trkpt>
      <trkpt lat="-31.7978805" lon="-64.9862439">
        <ele>887.00000</ele>
      </trkpt>
      <trkpt lat="-31.7978805" lon="-64.9862576">
        <ele>887.00000</ele>
      </trkpt>
      <trkpt lat="-31.7978805" lon="-64.9862758">
        <ele>887.00000</ele>
      </trkpt>
      <trkpt lat="-31.7978805" lon="-64.9862985">
        <ele>887.00000</ele>
      </trkpt>
      <trkpt lat="-31.7978805" lon="-64.9863166">
        <ele>887.00000</ele>
      </trkpt>
      <trkpt lat="-31.7978805" lon="-64.9863189">
        <ele>887.00000</ele>
      </trkpt>
      <trkpt lat="-31.7978805" lon="-64.9863371">
        <ele>887.00000</ele>
      </trkpt>
      <trkpt lat="-31.7978805" lon="-64.9863462">
        <ele>887.00000</ele>
      </trkpt>
      <trkpt lat="-31.7978824" lon="-64.9863621">
        <ele>887.00000</ele>
      </trkpt>
      <trkpt lat="-31.7978824" lon="-64.9863757">
        <ele>887.00000</ele>
      </trkpt>
      <trkpt lat="-31.7978863" lon="-64.9863871">
        <ele>886.00000</ele>
      </trkpt>
      <trkpt lat="-31.7978882" lon="-64.9863939">
        <ele>886.00000</ele>
      </trkpt>
      <trkpt lat="-31.7978882" lon="-64.9864030">
        <ele>886.00000</ele>
      </trkpt>
      <trkpt lat="-31.7978921" lon="-64.9864143">
        <ele>886.00000</ele>
      </trkpt>
      <trkpt lat="-31.7978921" lon="-64.9864280">
        <ele>886.00000</ele>
      </trkpt>
      <trkpt lat="-31.7978901" lon="-64.9864461">
        <ele>886.00000</ele>
      </trkpt>
      <trkpt lat="-31.7978863" lon="-64.9864598">
        <ele>886.00000</ele>
      </trkpt>
      <trkpt lat="-31.7978863" lon="-64.9864711">
        <ele>886.00000</ele>
      </trkpt>
      <trkpt lat="-31.7978843" lon="-64.9864825">
        <ele>886.00000</ele>
      </trkpt>
      <trkpt lat="-31.7978843" lon="-64.9864893">
        <ele>886.00000</ele>
      </trkpt>
      <trkpt lat="-31.7978843" lon="-64.9865075">
        <ele>886.00000</ele>
      </trkpt>
      <trkpt lat="-31.7978843" lon="-64.9865211">
        <ele>886.00000</ele>
      </trkpt>
      <trkpt lat="-31.7978843" lon="-64.9865393">
        <ele>886.00000</ele>
      </trkpt>
      <trkpt lat="-31.7978785" lon="-64.9865734">
        <ele>886.00000</ele>
      </trkpt>
      <trkpt lat="-31.7978727" lon="-64.9865870">
        <ele>886.00000</ele>
      </trkpt>
      <trkpt lat="-31.7978708" lon="-64.9865984">
        <ele>886.00000</ele>
      </trkpt>
      <trkpt lat="-31.7978670" lon="-64.9866143">
        <ele>886.00000</ele>
      </trkpt>
      <trkpt lat="-31.7978612" lon="-64.9866347">
        <ele>886.00000</ele>
      </trkpt>
      <trkpt lat="-31.7978592" lon="-64.9866506">
        <ele>885.00000</ele>
      </trkpt>
      <trkpt lat="-31.7978515" lon="-64.9866688">
        <ele>885.00000</ele>
      </trkpt>
      <trkpt lat="-31.7978496" lon="-64.9866824">
        <ele>885.00000</ele>
      </trkpt>
      <trkpt lat="-31.7978476" lon="-64.9867119">
        <ele>885.00000</ele>
      </trkpt>
      <trkpt lat="-31.7978476" lon="-64.9867233">
        <ele>885.00000</ele>
      </trkpt>
      <trkpt lat="-31.7978476" lon="-64.9867256">
        <ele>885.00000</ele>
      </trkpt>
      <trkpt lat="-31.7978496" lon="-64.9867574">
        <ele>885.00000</ele>
      </trkpt>
      <trkpt lat="-31.7978534" lon="-64.9867710">
        <ele>885.00000</ele>
      </trkpt>
      <trkpt lat="-31.7978534" lon="-64.9867915">
        <ele>885.00000</ele>
      </trkpt>
      <trkpt lat="-31.7978534" lon="-64.9868028">
        <ele>885.00000</ele>
      </trkpt>
      <trkpt lat="-31.7978573" lon="-64.9868142">
        <ele>885.00000</ele>
      </trkpt>
      <trkpt lat="-31.7978592" lon="-64.9868301">
        <ele>885.00000</ele>
      </trkpt>
      <trkpt lat="-31.7978592" lon="-64.9868414">
        <ele>885.00000</ele>
      </trkpt>
      <trkpt lat="-31.7978727" lon="-64.9868963">
        <ele>885.00000</ele>
      </trkpt>
      <trkpt lat="-31.7978727" lon="-64.9869326">
        <ele>885.00000</ele>
      </trkpt>
      <trkpt lat="-31.7978727" lon="-64.9869531">
        <ele>885.00000</ele>
      </trkpt>
      <trkpt lat="-31.7978727" lon="-64.9869781">
        <ele>885.00000</ele>
      </trkpt>
      <trkpt lat="-31.7978785" lon="-64.9869872">
        <ele>885.00000</ele>
      </trkpt>
      <trkpt lat="-31.7978804" lon="-64.9869963">
        <ele>885.00000</ele>
      </trkpt>
      <trkpt lat="-31.7978862" lon="-64.9870190">
        <ele>885.00000</ele>
      </trkpt>
      <trkpt lat="-31.7978881" lon="-64.9870371">
        <ele>885.00000</ele>
      </trkpt>
      <trkpt lat="-31.7978920" lon="-64.9870531">
        <ele>886.00000</ele>
      </trkpt>
      <trkpt lat="-31.7978939" lon="-64.9870690">
        <ele>886.00000</ele>
      </trkpt>
      <trkpt lat="-31.7978939" lon="-64.9870780">
        <ele>886.00000</ele>
      </trkpt>
      <trkpt lat="-31.7978939" lon="-64.9870962">
        <ele>886.00000</ele>
      </trkpt>
      <trkpt lat="-31.7978958" lon="-64.9871189">
        <ele>886.00000</ele>
      </trkpt>
      <trkpt lat="-31.7978978" lon="-64.9871485">
        <ele>886.00000</ele>
      </trkpt>
      <trkpt lat="-31.7978978" lon="-64.9871576">
        <ele>886.00000</ele>
      </trkpt>
      <trkpt lat="-31.7978978" lon="-64.9871666">
        <ele>886.00000</ele>
      </trkpt>
      <trkpt lat="-31.7978978" lon="-64.9871780">
        <ele>886.00000</ele>
      </trkpt>
      <trkpt lat="-31.7978997" lon="-64.9871894">
        <ele>886.00000</ele>
      </trkpt>
      <trkpt lat="-31.7979055" lon="-64.9872030">
        <ele>886.00000</ele>
      </trkpt>
      <trkpt lat="-31.7979132" lon="-64.9872144">
        <ele>886.00000</ele>
      </trkpt>
      <trkpt lat="-31.7979171" lon="-64.9872257">
        <ele>886.00000</ele>
      </trkpt>
      <trkpt lat="-31.7979229" lon="-64.9872439">
        <ele>886.00000</ele>
      </trkpt>
      <trkpt lat="-31.7979248" lon="-64.9872598">
        <ele>886.00000</ele>
      </trkpt>
      <trkpt lat="-31.7979306" lon="-64.9872916">
        <ele>886.00000</ele>
      </trkpt>
      <trkpt lat="-31.7979306" lon="-64.9872961">
        <ele>886.00000</ele>
      </trkpt>
      <trkpt lat="-31.7979344" lon="-64.9873121">
        <ele>886.00000</ele>
      </trkpt>
      <trkpt lat="-31.7979402" lon="-64.9873302">
        <ele>886.00000</ele>
      </trkpt>
      <trkpt lat="-31.7979479" lon="-64.9873688">
        <ele>887.00000</ele>
      </trkpt>
      <trkpt lat="-31.7979499" lon="-64.9873870">
        <ele>887.00000</ele>
      </trkpt>
      <trkpt lat="-31.7979499" lon="-64.9874075">
        <ele>887.00000</ele>
      </trkpt>
      <trkpt lat="-31.7979499" lon="-64.9874256">
        <ele>887.00000</ele>
      </trkpt>
      <trkpt lat="-31.7979460" lon="-64.9874484">
        <ele>887.00000</ele>
      </trkpt>
      <trkpt lat="-31.7979441" lon="-64.9874597">
        <ele>887.00000</ele>
      </trkpt>
      <trkpt lat="-31.7979441" lon="-64.9874870">
        <ele>887.00000</ele>
      </trkpt>
      <trkpt lat="-31.7979441" lon="-64.9875029">
        <ele>887.00000</ele>
      </trkpt>
      <trkpt lat="-31.7979441" lon="-64.9875279">
        <ele>886.00000</ele>
      </trkpt>
      <trkpt lat="-31.7979421" lon="-64.9875415">
        <ele>886.00000</ele>
      </trkpt>
      <trkpt lat="-31.7979383" lon="-64.9875574">
        <ele>886.00000</ele>
      </trkpt>
      <trkpt lat="-31.7979363" lon="-64.9875688">
        <ele>886.00000</ele>
      </trkpt>
      <trkpt lat="-31.7979363" lon="-64.9875869">
        <ele>886.00000</ele>
      </trkpt>
      <trkpt lat="-31.7979363" lon="-64.9876097">
        <ele>886.00000</ele>
      </trkpt>
      <trkpt lat="-31.7979363" lon="-64.9876187">
        <ele>886.00000</ele>
      </trkpt>
      <trkpt lat="-31.7979363" lon="-64.9876551">
        <ele>886.00000</ele>
      </trkpt>
      <trkpt lat="-31.7979363" lon="-64.9876710">
        <ele>886.00000</ele>
      </trkpt>
      <trkpt lat="-31.7979344" lon="-64.9876846">
        <ele>886.00000</ele>
      </trkpt>
      <trkpt lat="-31.7979305" lon="-64.9877005">
        <ele>886.00000</ele>
      </trkpt>
      <trkpt lat="-31.7979286" lon="-64.9877164">
        <ele>886.00000</ele>
      </trkpt>
      <trkpt lat="-31.7979266" lon="-64.9877323">
        <ele>886.00000</ele>
      </trkpt>
      <trkpt lat="-31.7979266" lon="-64.9877437">
        <ele>886.00000</ele>
      </trkpt>
      <trkpt lat="-31.7979228" lon="-64.9877596">
        <ele>886.00000</ele>
      </trkpt>
      <trkpt lat="-31.7979189" lon="-64.9877755">
        <ele>886.00000</ele>
      </trkpt>
      <trkpt lat="-31.7979189" lon="-64.9877823">
        <ele>885.00000</ele>
      </trkpt>
      <trkpt lat="-31.7979170" lon="-64.9877959">
        <ele>885.00000</ele>
      </trkpt>
      <trkpt lat="-31.7979131" lon="-64.9878073">
        <ele>885.00000</ele>
      </trkpt>
      <trkpt lat="-31.7979131" lon="-64.9878209">
        <ele>885.00000</ele>
      </trkpt>
      <trkpt lat="-31.7979112" lon="-64.9878300">
        <ele>885.00000</ele>
      </trkpt>
      <trkpt lat="-31.7979112" lon="-64.9878391">
        <ele>885.00000</ele>
      </trkpt>
      <trkpt lat="-31.7979112" lon="-64.9878596">
        <ele>885.00000</ele>
      </trkpt>
      <trkpt lat="-31.7979092" lon="-64.9878686">
        <ele>885.00000</ele>
      </trkpt>
      <trkpt lat="-31.7979092" lon="-64.9878800">
        <ele>885.00000</ele>
      </trkpt>
      <trkpt lat="-31.7979092" lon="-64.9879004">
        <ele>885.00000</ele>
      </trkpt>
      <trkpt lat="-31.7979092" lon="-64.9879209">
        <ele>885.00000</ele>
      </trkpt>
      <trkpt lat="-31.7979092" lon="-64.9879277">
        <ele>885.00000</ele>
      </trkpt>
      <trkpt lat="-31.7979092" lon="-64.9879436">
        <ele>884.00000</ele>
      </trkpt>
      <trkpt lat="-31.7979092" lon="-64.9879527">
        <ele>884.00000</ele>
      </trkpt>
      <trkpt lat="-31.7979092" lon="-64.9879709">
        <ele>884.00000</ele>
      </trkpt>
      <trkpt lat="-31.7979092" lon="-64.9879868">
        <ele>884.00000</ele>
      </trkpt>
      <trkpt lat="-31.7979092" lon="-64.9879959">
        <ele>884.00000</ele>
      </trkpt>
      <trkpt lat="-31.7979092" lon="-64.9880140">
        <ele>884.00000</ele>
      </trkpt>
      <trkpt lat="-31.7979092" lon="-64.9880186">
        <ele>884.00000</ele>
      </trkpt>
      <trkpt lat="-31.7979092" lon="-64.9880322">
        <ele>884.00000</ele>
      </trkpt>
      <trkpt lat="-31.7979092" lon="-64.9880527">
        <ele>884.00000</ele>
      </trkpt>
      <trkpt lat="-31.7979054" lon="-64.9880640">
        <ele>884.00000</ele>
      </trkpt>
      <trkpt lat="-31.7979034" lon="-64.9880754">
        <ele>884.00000</ele>
      </trkpt>
      <trkpt lat="-31.7979034" lon="-64.9880913">
        <ele>884.00000</ele>
      </trkpt>
      <trkpt lat="-31.7979073" lon="-64.9881072">
        <ele>884.00000</ele>
      </trkpt>
      <trkpt lat="-31.7979131" lon="-64.9881208">
        <ele>884.00000</ele>
      </trkpt>
      <trkpt lat="-31.7978872" lon="-64.9881806">
        <ele>883.00000</ele>
      </trkpt>
      <trkpt lat="-31.7978852" lon="-64.9881919">
        <ele>883.00000</ele>
      </trkpt>
      <trkpt lat="-31.7978814" lon="-64.9882078">
        <ele>883.00000</ele>
      </trkpt>
      <trkpt lat="-31.7978794" lon="-64.9882215">
        <ele>883.00000</ele>
      </trkpt>
      <trkpt lat="-31.7978756" lon="-64.9882351">
        <ele>883.00000</ele>
      </trkpt>
      <trkpt lat="-31.7978659" lon="-64.9882669">
        <ele>883.00000</ele>
      </trkpt>
      <trkpt lat="-31.7977906" lon="-64.9884282">
        <ele>882.00000</ele>
      </trkpt>
      <trkpt lat="-31.7977809" lon="-64.9884441">
        <ele>882.00000</ele>
      </trkpt>
      <trkpt lat="-31.7977674" lon="-64.9884668">
        <ele>882.00000</ele>
      </trkpt>
      <trkpt lat="-31.7977616" lon="-64.9884782">
        <ele>882.00000</ele>
      </trkpt>
      <trkpt lat="-31.7977519" lon="-64.9884918">
        <ele>882.00000</ele>
      </trkpt>
      <trkpt lat="-31.7977442" lon="-64.9885054">
        <ele>882.00000</ele>
      </trkpt>
      <trkpt lat="-31.7977346" lon="-64.9885236">
        <ele>882.00000</ele>
      </trkpt>
      <trkpt lat="-31.7977249" lon="-64.9885418">
        <ele>883.00000</ele>
      </trkpt>
      <trkpt lat="-31.7977133" lon="-64.9885622">
        <ele>883.00000</ele>
      </trkpt>
      <trkpt lat="-31.7977037" lon="-64.9885827">
        <ele>883.00000</ele>
      </trkpt>
      <trkpt lat="-31.7976979" lon="-64.9886008">
        <ele>883.00000</ele>
      </trkpt>
      <trkpt lat="-31.7976901" lon="-64.9886145">
        <ele>883.00000</ele>
      </trkpt>
      <trkpt lat="-31.7976863" lon="-64.9886236">
        <ele>883.00000</ele>
      </trkpt>
      <trkpt lat="-31.7976824" lon="-64.9886395">
        <ele>883.00000</ele>
      </trkpt>
      <trkpt lat="-31.7976786" lon="-64.9886599">
        <ele>884.00000</ele>
      </trkpt>
      <trkpt lat="-31.7976785" lon="-64.9886667">
        <ele>884.00000</ele>
      </trkpt>
      <trkpt lat="-31.7976747" lon="-64.9886849">
        <ele>884.00000</ele>
      </trkpt>
      <trkpt lat="-31.7976728" lon="-64.9887008">
        <ele>884.00000</ele>
      </trkpt>
      <trkpt lat="-31.7976708" lon="-64.9887121">
        <ele>884.00000</ele>
      </trkpt>
      <trkpt lat="-31.7976650" lon="-64.9887235">
        <ele>884.00000</ele>
      </trkpt>
      <trkpt lat="-31.7976612" lon="-64.9887440">
        <ele>884.00000</ele>
      </trkpt>
      <trkpt lat="-31.7976554" lon="-64.9887689">
        <ele>885.00000</ele>
      </trkpt>
      <trkpt lat="-31.7976515" lon="-64.9887962">
        <ele>885.00000</ele>
      </trkpt>
      <trkpt lat="-31.7976457" lon="-64.9888257">
        <ele>885.00000</ele>
      </trkpt>
      <trkpt lat="-31.7976457" lon="-64.9888416">
        <ele>885.00000</ele>
      </trkpt>
      <trkpt lat="-31.7976457" lon="-64.9888689">
        <ele>885.00000</ele>
      </trkpt>
      <trkpt lat="-31.7976457" lon="-64.9889007">
        <ele>886.00000</ele>
      </trkpt>
      <trkpt lat="-31.7976438" lon="-64.9889348">
        <ele>886.00000</ele>
      </trkpt>
      <trkpt lat="-31.7976380" lon="-64.9889643">
        <ele>886.00000</ele>
      </trkpt>
      <trkpt lat="-31.7976341" lon="-64.9889757">
        <ele>886.00000</ele>
      </trkpt>
      <trkpt lat="-31.7976283" lon="-64.9890052">
        <ele>886.00000</ele>
      </trkpt>
      <trkpt lat="-31.7976244" lon="-64.9890347">
        <ele>887.00000</ele>
      </trkpt>
      <trkpt lat="-31.7976206" lon="-64.9890438">
        <ele>887.00000</ele>
      </trkpt>
      <trkpt lat="-31.7976128" lon="-64.9890847">
        <ele>887.00000</ele>
      </trkpt>
      <trkpt lat="-31.7976051" lon="-64.9891301">
        <ele>887.00000</ele>
      </trkpt>
      <trkpt lat="-31.7976012" lon="-64.9891620">
        <ele>887.00000</ele>
      </trkpt>
      <trkpt lat="-31.7975916" lon="-64.9892165">
        <ele>887.00000</ele>
      </trkpt>
      <trkpt lat="-31.7975916" lon="-64.9892301">
        <ele>887.00000</ele>
      </trkpt>
      <trkpt lat="-31.7975916" lon="-64.9892437">
        <ele>887.00000</ele>
      </trkpt>
      <trkpt lat="-31.7975916" lon="-64.9892619">
        <ele>887.00000</ele>
      </trkpt>
      <trkpt lat="-31.7975916" lon="-64.9893051">
        <ele>887.00000</ele>
      </trkpt>
      <trkpt lat="-31.7975916" lon="-64.9893255">
        <ele>887.00000</ele>
      </trkpt>
      <trkpt lat="-31.7975916" lon="-64.9893437">
        <ele>887.00000</ele>
      </trkpt>
      <trkpt lat="-31.7975896" lon="-64.9893755">
        <ele>887.00000</ele>
      </trkpt>
      <trkpt lat="-31.7975896" lon="-64.9894073">
        <ele>887.00000</ele>
      </trkpt>
      <trkpt lat="-31.7975877" lon="-64.9894164">
        <ele>887.00000</ele>
      </trkpt>
      <trkpt lat="-31.7975819" lon="-64.9894437">
        <ele>886.00000</ele>
      </trkpt>
      <trkpt lat="-31.7975799" lon="-64.9894618">
        <ele>886.00000</ele>
      </trkpt>
      <trkpt lat="-31.7975471" lon="-64.9898619">
        <ele>882.00000</ele>
      </trkpt>
      <trkpt lat="-31.7975393" lon="-64.9898937">
        <ele>881.00000</ele>
      </trkpt>
      <trkpt lat="-31.7975374" lon="-64.9899119">
        <ele>881.00000</ele>
      </trkpt>
      <trkpt lat="-31.7975355" lon="-64.9899187">
        <ele>881.00000</ele>
      </trkpt>
      <trkpt lat="-31.7975297" lon="-64.9899437">
        <ele>881.00000</ele>
      </trkpt>
      <trkpt lat="-31.7975258" lon="-64.9899642">
        <ele>881.00000</ele>
      </trkpt>
      <trkpt lat="-31.7975219" lon="-64.9899914">
        <ele>881.00000</ele>
      </trkpt>
      <trkpt lat="-31.7975200" lon="-64.9900073">
        <ele>881.00000</ele>
      </trkpt>
      <trkpt lat="-31.7975181" lon="-64.9900187">
        <ele>881.00000</ele>
      </trkpt>
      <trkpt lat="-31.7975161" lon="-64.9900278">
        <ele>881.00000</ele>
      </trkpt>
      <trkpt lat="-31.7975161" lon="-64.9900482">
        <ele>881.00000</ele>
      </trkpt>
      <trkpt lat="-31.7975161" lon="-64.9900641">
        <ele>881.00000</ele>
      </trkpt>
      <trkpt lat="-31.7975161" lon="-64.9900823">
        <ele>881.00000</ele>
      </trkpt>
      <trkpt lat="-31.7975181" lon="-64.9900982">
        <ele>881.00000</ele>
      </trkpt>
      <trkpt lat="-31.7975200" lon="-64.9901096">
        <ele>881.00000</ele>
      </trkpt>
      <trkpt lat="-31.7975200" lon="-64.9901323">
        <ele>881.00000</ele>
      </trkpt>
      <trkpt lat="-31.7975200" lon="-64.9901459">
        <ele>881.00000</ele>
      </trkpt>
      <trkpt lat="-31.7975200" lon="-64.9901709">
        <ele>881.00000</ele>
      </trkpt>
      <trkpt lat="-31.7975200" lon="-64.9901845">
        <ele>881.00000</ele>
      </trkpt>
      <trkpt lat="-31.7975200" lon="-64.9901982">
        <ele>881.00000</ele>
      </trkpt>
      <trkpt lat="-31.7975200" lon="-64.9902254">
        <ele>881.00000</ele>
      </trkpt>
      <trkpt lat="-31.7975200" lon="-64.9902663">
        <ele>882.00000</ele>
      </trkpt>
      <trkpt lat="-31.7975200" lon="-64.9902890">
        <ele>882.00000</ele>
      </trkpt>
      <trkpt lat="-31.7975199" lon="-64.9903299">
        <ele>881.00000</ele>
      </trkpt>
      <trkpt lat="-31.7975199" lon="-64.9903436">
        <ele>881.00000</ele>
      </trkpt>
      <trkpt lat="-31.7975180" lon="-64.9903617">
        <ele>881.00000</ele>
      </trkpt>
      <trkpt lat="-31.7975122" lon="-64.9903958">
        <ele>881.00000</ele>
      </trkpt>
      <trkpt lat="-31.7975103" lon="-64.9904163">
        <ele>881.00000</ele>
      </trkpt>
      <trkpt lat="-31.7975064" lon="-64.9904299">
        <ele>881.00000</ele>
      </trkpt>
      <trkpt lat="-31.7974987" lon="-64.9904526">
        <ele>881.00000</ele>
      </trkpt>
      <trkpt lat="-31.7974929" lon="-64.9904821">
        <ele>881.00000</ele>
      </trkpt>
      <trkpt lat="-31.7974774" lon="-64.9905185">
        <ele>881.00000</ele>
      </trkpt>
      <trkpt lat="-31.7974678" lon="-64.9905526">
        <ele>880.00000</ele>
      </trkpt>
      <trkpt lat="-31.7974620" lon="-64.9905707">
        <ele>880.00000</ele>
      </trkpt>
      <trkpt lat="-31.7974562" lon="-64.9906025">
        <ele>880.00000</ele>
      </trkpt>
      <trkpt lat="-31.7974523" lon="-64.9906321">
        <ele>880.00000</ele>
      </trkpt>
      <trkpt lat="-31.7974484" lon="-64.9906525">
        <ele>880.00000</ele>
      </trkpt>
      <trkpt lat="-31.7974446" lon="-64.9906707">
        <ele>880.00000</ele>
      </trkpt>
      <trkpt lat="-31.7974427" lon="-64.9906889">
        <ele>880.00000</ele>
      </trkpt>
      <trkpt lat="-31.7974388" lon="-64.9907070">
        <ele>880.00000</ele>
      </trkpt>
      <trkpt lat="-31.7974388" lon="-64.9907275">
        <ele>880.00000</ele>
      </trkpt>
      <trkpt lat="-31.7974368" lon="-64.9907479">
        <ele>880.00000</ele>
      </trkpt>
      <trkpt lat="-31.7974349" lon="-64.9907547">
        <ele>880.00000</ele>
      </trkpt>
      <trkpt lat="-31.7974349" lon="-64.9907684">
        <ele>880.00000</ele>
      </trkpt>
      <trkpt lat="-31.7974349" lon="-64.9907956">
        <ele>879.00000</ele>
      </trkpt>
      <trkpt lat="-31.7974349" lon="-64.9908093">
        <ele>879.00000</ele>
      </trkpt>
      <trkpt lat="-31.7974349" lon="-64.9908161">
        <ele>879.00000</ele>
      </trkpt>
      <trkpt lat="-31.7974349" lon="-64.9908274">
        <ele>879.00000</ele>
      </trkpt>
      <trkpt lat="-31.7974349" lon="-64.9908388">
        <ele>879.00000</ele>
      </trkpt>
      <trkpt lat="-31.7974349" lon="-64.9908570">
        <ele>879.00000</ele>
      </trkpt>
      <trkpt lat="-31.7974349" lon="-64.9908683">
        <ele>879.00000</ele>
      </trkpt>
      <trkpt lat="-31.7974349" lon="-64.9908956">
        <ele>879.00000</ele>
      </trkpt>
      <trkpt lat="-31.7974349" lon="-64.9909138">
        <ele>879.00000</ele>
      </trkpt>
      <trkpt lat="-31.7974330" lon="-64.9909229">
        <ele>879.00000</ele>
      </trkpt>
      <trkpt lat="-31.7974310" lon="-64.9909365">
        <ele>879.00000</ele>
      </trkpt>
      <trkpt lat="-31.7974310" lon="-64.9909615">
        <ele>879.00000</ele>
      </trkpt>
      <trkpt lat="-31.7974310" lon="-64.9909842">
        <ele>879.00000</ele>
      </trkpt>
      <trkpt lat="-31.7974310" lon="-64.9910024">
        <ele>879.00000</ele>
      </trkpt>
      <trkpt lat="-31.7974291" lon="-64.9910319">
        <ele>879.00000</ele>
      </trkpt>
      <trkpt lat="-31.7974291" lon="-64.9910364">
        <ele>879.00000</ele>
      </trkpt>
      <trkpt lat="-31.7974271" lon="-64.9910523">
        <ele>879.00000</ele>
      </trkpt>
      <trkpt lat="-31.7974233" lon="-64.9910660">
        <ele>879.00000</ele>
      </trkpt>
      <trkpt lat="-31.7974213" lon="-64.9910819">
        <ele>879.00000</ele>
      </trkpt>
      <trkpt lat="-31.7974175" lon="-64.9910910">
        <ele>879.00000</ele>
      </trkpt>
      <trkpt lat="-31.7974136" lon="-64.9911069">
        <ele>879.00000</ele>
      </trkpt>
      <trkpt lat="-31.7974098" lon="-64.9911114">
        <ele>879.00000</ele>
      </trkpt>
      <trkpt lat="-31.7974078" lon="-64.9911228">
        <ele>879.00000</ele>
      </trkpt>
      <trkpt lat="-31.7974078" lon="-64.9911364">
        <ele>879.00000</ele>
      </trkpt>
      <trkpt lat="-31.7974059" lon="-64.9911500">
        <ele>879.00000</ele>
      </trkpt>
      <trkpt lat="-31.7974039" lon="-64.9911682">
        <ele>879.00000</ele>
      </trkpt>
      <trkpt lat="-31.7974001" lon="-64.9911818">
        <ele>879.00000</ele>
      </trkpt>
      <trkpt lat="-31.7974001" lon="-64.9911977">
        <ele>879.00000</ele>
      </trkpt>
      <trkpt lat="-31.7974001" lon="-64.9912068">
        <ele>879.00000</ele>
      </trkpt>
      <trkpt lat="-31.7974020" lon="-64.9912205">
        <ele>880.00000</ele>
      </trkpt>
      <trkpt lat="-31.7974020" lon="-64.9912273">
        <ele>880.00000</ele>
      </trkpt>
      <trkpt lat="-31.7973551" lon="-64.9913006">
        <ele>880.00000</ele>
      </trkpt>
      <trkpt lat="-31.7973493" lon="-64.9913142">
        <ele>880.00000</ele>
      </trkpt>
      <trkpt lat="-31.7973416" lon="-64.9913392">
        <ele>880.00000</ele>
      </trkpt>
      <trkpt lat="-31.7973223" lon="-64.9913778">
        <ele>880.00000</ele>
      </trkpt>
      <trkpt lat="-31.7973223" lon="-64.9913824">
        <ele>880.00000</ele>
      </trkpt>
      <trkpt lat="-31.7973107" lon="-64.9913983">
        <ele>880.00000</ele>
      </trkpt>
      <trkpt lat="-31.7972972" lon="-64.9914187">
        <ele>880.00000</ele>
      </trkpt>
      <trkpt lat="-31.7972875" lon="-64.9914278">
        <ele>880.00000</ele>
      </trkpt>
      <trkpt lat="-31.7972701" lon="-64.9914391">
        <ele>880.00000</ele>
      </trkpt>
      <trkpt lat="-31.7972547" lon="-64.9914573">
        <ele>880.00000</ele>
      </trkpt>
      <trkpt lat="-31.7972450" lon="-64.9914641">
        <ele>880.00000</ele>
      </trkpt>
      <trkpt lat="-31.7972257" lon="-64.9914868">
        <ele>880.00000</ele>
      </trkpt>
      <trkpt lat="-31.7972161" lon="-64.9915050">
        <ele>880.00000</ele>
      </trkpt>
      <trkpt lat="-31.7972083" lon="-64.9915141">
        <ele>880.00000</ele>
      </trkpt>
      <trkpt lat="-31.7971987" lon="-64.9915277">
        <ele>880.00000</ele>
      </trkpt>
      <trkpt lat="-31.7971794" lon="-64.9915504">
        <ele>880.00000</ele>
      </trkpt>
      <trkpt lat="-31.7971600" lon="-64.9915754">
        <ele>880.00000</ele>
      </trkpt>
      <trkpt lat="-31.7971446" lon="-64.9915959">
        <ele>880.00000</ele>
      </trkpt>
      <trkpt lat="-31.7971311" lon="-64.9916163">
        <ele>880.00000</ele>
      </trkpt>
      <trkpt lat="-31.7971214" lon="-64.9916390">
        <ele>880.00000</ele>
      </trkpt>
      <trkpt lat="-31.7971021" lon="-64.9916731">
        <ele>881.00000</ele>
      </trkpt>
      <trkpt lat="-31.7970886" lon="-64.9917072">
        <ele>881.00000</ele>
      </trkpt>
      <trkpt lat="-31.7970809" lon="-64.9917276">
        <ele>881.00000</ele>
      </trkpt>
      <trkpt lat="-31.7970751" lon="-64.9917571">
        <ele>881.00000</ele>
      </trkpt>
      <trkpt lat="-31.7970673" lon="-64.9917799">
        <ele>881.00000</ele>
      </trkpt>
      <trkpt lat="-31.7970615" lon="-64.9918003">
        <ele>881.00000</ele>
      </trkpt>
      <trkpt lat="-31.7970538" lon="-64.9918230">
        <ele>881.00000</ele>
      </trkpt>
      <trkpt lat="-31.7970441" lon="-64.9918548">
        <ele>881.00000</ele>
      </trkpt>
      <trkpt lat="-31.7970345" lon="-64.9918821">
        <ele>881.00000</ele>
      </trkpt>
      <trkpt lat="-31.7970171" lon="-64.9919162">
        <ele>881.00000</ele>
      </trkpt>
      <trkpt lat="-31.7970113" lon="-64.9919366">
        <ele>881.00000</ele>
      </trkpt>
      <trkpt lat="-31.7970074" lon="-64.9919457">
        <ele>881.00000</ele>
      </trkpt>
      <trkpt lat="-31.7970036" lon="-64.9919593">
        <ele>881.00000</ele>
      </trkpt>
      <trkpt lat="-31.7969997" lon="-64.9919911">
        <ele>881.00000</ele>
      </trkpt>
      <trkpt lat="-31.7969939" lon="-64.9920229">
        <ele>881.00000</ele>
      </trkpt>
      <trkpt lat="-31.7969939" lon="-64.9920456">
        <ele>881.00000</ele>
      </trkpt>
      <trkpt lat="-31.7969920" lon="-64.9920797">
        <ele>881.00000</ele>
      </trkpt>
      <trkpt lat="-31.7969881" lon="-64.9921070">
        <ele>881.00000</ele>
      </trkpt>
      <trkpt lat="-31.7969881" lon="-64.9921297">
        <ele>881.00000</ele>
      </trkpt>
      <trkpt lat="-31.7969823" lon="-64.9921729">
        <ele>881.00000</ele>
      </trkpt>
      <trkpt lat="-31.7969804" lon="-64.9921888">
        <ele>881.00000</ele>
      </trkpt>
      <trkpt lat="-31.7969784" lon="-64.9922183">
        <ele>881.00000</ele>
      </trkpt>
      <trkpt lat="-31.7969784" lon="-64.9922501">
        <ele>880.00000</ele>
      </trkpt>
      <trkpt lat="-31.7969784" lon="-64.9922615">
        <ele>880.00000</ele>
      </trkpt>
      <trkpt lat="-31.7969784" lon="-64.9922842">
        <ele>880.00000</ele>
      </trkpt>
      <trkpt lat="-31.7969784" lon="-64.9922910">
        <ele>880.00000</ele>
      </trkpt>
      <trkpt lat="-31.7969823" lon="-64.9922978">
        <ele>880.00000</ele>
      </trkpt>
      <trkpt lat="-31.7968902" lon="-64.9927558">
        <ele>878.00000</ele>
      </trkpt>
      <trkpt lat="-31.7968399" lon="-64.9931079">
        <ele>879.00000</ele>
      </trkpt>
      <trkpt lat="-31.7968302" lon="-64.9934282">
        <ele>879.00000</ele>
      </trkpt>
      <trkpt lat="-31.7968263" lon="-64.9934419">
        <ele>879.00000</ele>
      </trkpt>
      <trkpt lat="-31.7968224" lon="-64.9934691">
        <ele>879.00000</ele>
      </trkpt>
      <trkpt lat="-31.7968205" lon="-64.9934850">
        <ele>879.00000</ele>
      </trkpt>
      <trkpt lat="-31.7967548" lon="-64.9938939">
        <ele>879.00000</ele>
      </trkpt>
      <trkpt lat="-31.7967103" lon="-64.9941611">
        <ele>878.00000</ele>
      </trkpt>
      <trkpt lat="-31.7966504" lon="-64.9943656">
        <ele>876.00000</ele>
      </trkpt>
      <trkpt lat="-31.7966408" lon="-64.9943928">
        <ele>876.00000</ele>
      </trkpt>
      <trkpt lat="-31.7966118" lon="-64.9944519">
        <ele>876.00000</ele>
      </trkpt>
      <trkpt lat="-31.7965867" lon="-64.9944996">
        <ele>876.00000</ele>
      </trkpt>
      <trkpt lat="-31.7965712" lon="-64.9945291">
        <ele>876.00000</ele>
      </trkpt>
      <trkpt lat="-31.7965577" lon="-64.9945654">
        <ele>876.00000</ele>
      </trkpt>
      <trkpt lat="-31.7965480" lon="-64.9945950">
        <ele>876.00000</ele>
      </trkpt>
      <trkpt lat="-31.7965403" lon="-64.9946177">
        <ele>876.00000</ele>
      </trkpt>
      <trkpt lat="-31.7965307" lon="-64.9946359">
        <ele>876.00000</ele>
      </trkpt>
      <trkpt lat="-31.7965210" lon="-64.9946586">
        <ele>876.00000</ele>
      </trkpt>
      <trkpt lat="-31.7965152" lon="-64.9946745">
        <ele>876.00000</ele>
      </trkpt>
      <trkpt lat="-31.7964277" lon="-64.9949079">
        <ele>877.00000</ele>
      </trkpt>
      <trkpt lat="-31.7963716" lon="-64.9950988">
        <ele>878.00000</ele>
      </trkpt>
      <trkpt lat="-31.7963233" lon="-64.9953350">
        <ele>879.00000</ele>
      </trkpt>
      <trkpt lat="-31.7963001" lon="-64.9954872">
        <ele>879.00000</ele>
      </trkpt>
      <trkpt lat="-31.7962692" lon="-64.9956099">
        <ele>878.00000</ele>
      </trkpt>
      <trkpt lat="-31.7962692" lon="-64.9956212">
        <ele>878.00000</ele>
      </trkpt>
      <trkpt lat="-31.7962499" lon="-64.9957394">
        <ele>878.00000</ele>
      </trkpt>
      <trkpt lat="-31.7962460" lon="-64.9957553">
        <ele>878.00000</ele>
      </trkpt>
      <trkpt lat="-31.7962460" lon="-64.9957644">
        <ele>878.00000</ele>
      </trkpt>
      <trkpt lat="-31.7962421" lon="-64.9958575">
        <ele>877.00000</ele>
      </trkpt>
      <trkpt lat="-31.7962421" lon="-64.9958598">
        <ele>877.00000</ele>
      </trkpt>
      <trkpt lat="-31.7962459" lon="-64.9960529">
        <ele>876.00000</ele>
      </trkpt>
      <trkpt lat="-31.7962459" lon="-64.9960597">
        <ele>876.00000</ele>
      </trkpt>
      <trkpt lat="-31.7962633" lon="-64.9961574">
        <ele>875.00000</ele>
      </trkpt>
      <trkpt lat="-31.7962922" lon="-64.9962145">
        <ele>875.00000</ele>
      </trkpt>
      <trkpt lat="-31.7962903" lon="-64.9962327">
        <ele>875.00000</ele>
      </trkpt>
      <trkpt lat="-31.7962922" lon="-64.9962417">
        <ele>875.00000</ele>
      </trkpt>
      <trkpt lat="-31.7962942" lon="-64.9962508">
        <ele>875.00000</ele>
      </trkpt>
      <trkpt lat="-31.7962961" lon="-64.9962599">
        <ele>875.00000</ele>
      </trkpt>
      <trkpt lat="-31.7962980" lon="-64.9962736">
        <ele>875.00000</ele>
      </trkpt>
      <trkpt lat="-31.7962999" lon="-64.9962985">
        <ele>875.00000</ele>
      </trkpt>
      <trkpt lat="-31.7962999" lon="-64.9963167">
        <ele>875.00000</ele>
      </trkpt>
      <trkpt lat="-31.7963038" lon="-64.9963394">
        <ele>875.00000</ele>
      </trkpt>
      <trkpt lat="-31.7963115" lon="-64.9963553">
        <ele>875.00000</ele>
      </trkpt>
      <trkpt lat="-31.7963154" lon="-64.9963667">
        <ele>875.00000</ele>
      </trkpt>
      <trkpt lat="-31.7963192" lon="-64.9963781">
        <ele>875.00000</ele>
      </trkpt>
      <trkpt lat="-31.7963212" lon="-64.9963849">
        <ele>875.00000</ele>
      </trkpt>
      <trkpt lat="-31.7963270" lon="-64.9963940">
        <ele>875.00000</ele>
      </trkpt>
      <trkpt lat="-31.7963308" lon="-64.9964008">
        <ele>875.00000</ele>
      </trkpt>
      <trkpt lat="-31.7963347" lon="-64.9964144">
        <ele>875.00000</ele>
      </trkpt>
      <trkpt lat="-31.7963385" lon="-64.9964258">
        <ele>875.00000</ele>
      </trkpt>
      <trkpt lat="-31.7963424" lon="-64.9964371">
        <ele>875.00000</ele>
      </trkpt>
      <trkpt lat="-31.7963424" lon="-64.9964440">
        <ele>875.00000</ele>
      </trkpt>
      <trkpt lat="-31.7963462" lon="-64.9964621">
        <ele>875.00000</ele>
      </trkpt>
      <trkpt lat="-31.7963462" lon="-64.9964644">
        <ele>875.00000</ele>
      </trkpt>
      <trkpt lat="-31.7963501" lon="-64.9964871">
        <ele>875.00000</ele>
      </trkpt>
      <trkpt lat="-31.7963559" lon="-64.9965030">
        <ele>875.00000</ele>
      </trkpt>
      <trkpt lat="-31.7963636" lon="-64.9965212">
        <ele>875.00000</ele>
      </trkpt>
      <trkpt lat="-31.7963655" lon="-64.9965326">
        <ele>875.00000</ele>
      </trkpt>
      <trkpt lat="-31.7963694" lon="-64.9965439">
        <ele>875.00000</ele>
      </trkpt>
      <trkpt lat="-31.7963752" lon="-64.9965553">
        <ele>875.00000</ele>
      </trkpt>
      <trkpt lat="-31.7963868" lon="-64.9965757">
        <ele>875.00000</ele>
      </trkpt>
      <trkpt lat="-31.7963945" lon="-64.9965871">
        <ele>875.00000</ele>
      </trkpt>
      <trkpt lat="-31.7964003" lon="-64.9965939">
        <ele>875.00000</ele>
      </trkpt>
      <trkpt lat="-31.7964138" lon="-64.9966053">
        <ele>875.00000</ele>
      </trkpt>
      <trkpt lat="-31.7964177" lon="-64.9966075">
        <ele>875.00000</ele>
      </trkpt>
      <trkpt lat="-31.7964254" lon="-64.9966257">
        <ele>875.00000</ele>
      </trkpt>
      <trkpt lat="-31.7964292" lon="-64.9966348">
        <ele>876.00000</ele>
      </trkpt>
      <trkpt lat="-31.7964350" lon="-64.9966462">
        <ele>876.00000</ele>
      </trkpt>
      <trkpt lat="-31.7964370" lon="-64.9966530">
        <ele>876.00000</ele>
      </trkpt>
      <trkpt lat="-31.7964408" lon="-64.9966689">
        <ele>876.00000</ele>
      </trkpt>
      <trkpt lat="-31.7964427" lon="-64.9966712">
        <ele>876.00000</ele>
      </trkpt>
      <trkpt lat="-31.7964485" lon="-64.9966848">
        <ele>876.00000</ele>
      </trkpt>
      <trkpt lat="-31.7964505" lon="-64.9966916">
        <ele>876.00000</ele>
      </trkpt>
      <trkpt lat="-31.7964582" lon="-64.9967052">
        <ele>876.00000</ele>
      </trkpt>
      <trkpt lat="-31.7964659" lon="-64.9967211">
        <ele>876.00000</ele>
      </trkpt>
      <trkpt lat="-31.7964659" lon="-64.9967234">
        <ele>876.00000</ele>
      </trkpt>
      <trkpt lat="-31.7964717" lon="-64.9967348">
        <ele>876.00000</ele>
      </trkpt>
      <trkpt lat="-31.7964736" lon="-64.9967439">
        <ele>876.00000</ele>
      </trkpt>
      <trkpt lat="-31.7964775" lon="-64.9967575">
        <ele>876.00000</ele>
      </trkpt>
      <trkpt lat="-31.7964833" lon="-64.9967711">
        <ele>876.00000</ele>
      </trkpt>
      <trkpt lat="-31.7964852" lon="-64.9967802">
        <ele>876.00000</ele>
      </trkpt>
      <trkpt lat="-31.7964910" lon="-64.9967893">
        <ele>876.00000</ele>
      </trkpt>
      <trkpt lat="-31.7964987" lon="-64.9967984">
        <ele>876.00000</ele>
      </trkpt>
      <trkpt lat="-31.7965180" lon="-64.9968120">
        <ele>876.00000</ele>
      </trkpt>
      <trkpt lat="-31.7965431" lon="-64.9968325">
        <ele>877.00000</ele>
      </trkpt>
      <trkpt lat="-31.7965450" lon="-64.9968370">
        <ele>877.00000</ele>
      </trkpt>
      <trkpt lat="-31.7965528" lon="-64.9968507">
        <ele>877.00000</ele>
      </trkpt>
      <trkpt lat="-31.7965566" lon="-64.9968620">
        <ele>877.00000</ele>
      </trkpt>
      <trkpt lat="-31.7965663" lon="-64.9968779">
        <ele>877.00000</ele>
      </trkpt>
      <trkpt lat="-31.7965721" lon="-64.9968984">
        <ele>877.00000</ele>
      </trkpt>
      <trkpt lat="-31.7966579" lon="-64.9969759">
        <ele>877.00000</ele>
      </trkpt>
      <trkpt lat="-31.7967100" lon="-64.9970554">
        <ele>877.00000</ele>
      </trkpt>
      <trkpt lat="-31.7967197" lon="-64.9970736">
        <ele>877.00000</ele>
      </trkpt>
      <trkpt lat="-31.7967274" lon="-64.9970895">
        <ele>877.00000</ele>
      </trkpt>
      <trkpt lat="-31.7967390" lon="-64.9971100">
        <ele>877.00000</ele>
      </trkpt>
      <trkpt lat="-31.7967486" lon="-64.9971191">
        <ele>877.00000</ele>
      </trkpt>
      <trkpt lat="-31.7967583" lon="-64.9971281">
        <ele>877.00000</ele>
      </trkpt>
      <trkpt lat="-31.7967737" lon="-64.9971395">
        <ele>877.00000</ele>
      </trkpt>
      <trkpt lat="-31.7967988" lon="-64.9971645">
        <ele>877.00000</ele>
      </trkpt>
      <trkpt lat="-31.7968123" lon="-64.9971713">
        <ele>877.00000</ele>
      </trkpt>
      <trkpt lat="-31.7968258" lon="-64.9971713">
        <ele>877.00000</ele>
      </trkpt>
      <trkpt lat="-31.7968413" lon="-64.9971804">
        <ele>877.00000</ele>
      </trkpt>
      <trkpt lat="-31.7968567" lon="-64.9971963">
        <ele>876.00000</ele>
      </trkpt>
      <trkpt lat="-31.7968760" lon="-64.9972304">
        <ele>876.00000</ele>
      </trkpt>
      <trkpt lat="-31.7968837" lon="-64.9972440">
        <ele>876.00000</ele>
      </trkpt>
      <trkpt lat="-31.7968895" lon="-64.9972531">
        <ele>876.00000</ele>
      </trkpt>
      <trkpt lat="-31.7968953" lon="-64.9972668">
        <ele>876.00000</ele>
      </trkpt>
      <trkpt lat="-31.7969011" lon="-64.9972781">
        <ele>876.00000</ele>
      </trkpt>
      <trkpt lat="-31.7969069" lon="-64.9972827">
        <ele>876.00000</ele>
      </trkpt>
      <trkpt lat="-31.7969165" lon="-64.9972872">
        <ele>876.00000</ele>
      </trkpt>
      <trkpt lat="-31.7969359" lon="-64.9972963">
        <ele>876.00000</ele>
      </trkpt>
      <trkpt lat="-31.7969416" lon="-64.9973031">
        <ele>876.00000</ele>
      </trkpt>
      <trkpt lat="-31.7969474" lon="-64.9973168">
        <ele>876.00000</ele>
      </trkpt>
      <trkpt lat="-31.7969552" lon="-64.9973304">
        <ele>875.00000</ele>
      </trkpt>
      <trkpt lat="-31.7969609" lon="-64.9973440">
        <ele>875.00000</ele>
      </trkpt>
      <trkpt lat="-31.7969667" lon="-64.9973531">
        <ele>875.00000</ele>
      </trkpt>
      <trkpt lat="-31.7969667" lon="-64.9973577">
        <ele>875.00000</ele>
      </trkpt>
      <trkpt lat="-31.7969764" lon="-64.9973713">
        <ele>875.00000</ele>
      </trkpt>
      <trkpt lat="-31.7969822" lon="-64.9973781">
        <ele>875.00000</ele>
      </trkpt>
      <trkpt lat="-31.7969899" lon="-64.9973917">
        <ele>875.00000</ele>
      </trkpt>
      <trkpt lat="-31.7970015" lon="-64.9974054">
        <ele>874.00000</ele>
      </trkpt>
      <trkpt lat="-31.7970111" lon="-64.9974122">
        <ele>874.00000</ele>
      </trkpt>
      <trkpt lat="-31.7970189" lon="-64.9974190">
        <ele>874.00000</ele>
      </trkpt>
      <trkpt lat="-31.7970285" lon="-64.9974258">
        <ele>874.00000</ele>
      </trkpt>
      <trkpt lat="-31.7970401" lon="-64.9974327">
        <ele>874.00000</ele>
      </trkpt>
      <trkpt lat="-31.7970440" lon="-64.9974327">
        <ele>874.00000</ele>
      </trkpt>
      <trkpt lat="-31.7970555" lon="-64.9974372">
        <ele>874.00000</ele>
      </trkpt>
      <trkpt lat="-31.7970710" lon="-64.9974395">
        <ele>874.00000</ele>
      </trkpt>
      <trkpt lat="-31.7970768" lon="-64.9974486">
        <ele>874.00000</ele>
      </trkpt>
      <trkpt lat="-31.7970845" lon="-64.9974554">
        <ele>874.00000</ele>
      </trkpt>
      <trkpt lat="-31.7970903" lon="-64.9974622">
        <ele>874.00000</ele>
      </trkpt>
      <trkpt lat="-31.7970961" lon="-64.9974736">
        <ele>873.00000</ele>
      </trkpt>
      <trkpt lat="-31.7971057" lon="-64.9974827">
        <ele>873.00000</ele>
      </trkpt>
      <trkpt lat="-31.7971096" lon="-64.9974872">
        <ele>873.00000</ele>
      </trkpt>
      <trkpt lat="-31.7971154" lon="-64.9975031">
        <ele>873.00000</ele>
      </trkpt>
      <trkpt lat="-31.7971212" lon="-64.9975122">
        <ele>873.00000</ele>
      </trkpt>
      <trkpt lat="-31.7971270" lon="-64.9975190">
        <ele>873.00000</ele>
      </trkpt>
      <trkpt lat="-31.7971308" lon="-64.9975281">
        <ele>873.00000</ele>
      </trkpt>
      <trkpt lat="-31.7971366" lon="-64.9975395">
        <ele>873.00000</ele>
      </trkpt>
      <trkpt lat="-31.7971405" lon="-64.9975531">
        <ele>873.00000</ele>
      </trkpt>
      <trkpt lat="-31.7971424" lon="-64.9975690">
        <ele>873.00000</ele>
      </trkpt>
      <trkpt lat="-31.7971463" lon="-64.9975894">
        <ele>872.00000</ele>
      </trkpt>
      <trkpt lat="-31.7971482" lon="-64.9975963">
        <ele>872.00000</ele>
      </trkpt>
      <trkpt lat="-31.7971501" lon="-64.9976053">
        <ele>872.00000</ele>
      </trkpt>
      <trkpt lat="-31.7971540" lon="-64.9976144">
        <ele>872.00000</ele>
      </trkpt>
      <trkpt lat="-31.7971598" lon="-64.9976303">
        <ele>872.00000</ele>
      </trkpt>
      <trkpt lat="-31.7971675" lon="-64.9976462">
        <ele>872.00000</ele>
      </trkpt>
      <trkpt lat="-31.7971752" lon="-64.9976553">
        <ele>872.00000</ele>
      </trkpt>
      <trkpt lat="-31.7971810" lon="-64.9976599">
        <ele>872.00000</ele>
      </trkpt>
      <trkpt lat="-31.7971945" lon="-64.9976667">
        <ele>872.00000</ele>
      </trkpt>
      <trkpt lat="-31.7972003" lon="-64.9976712">
        <ele>872.00000</ele>
      </trkpt>
      <trkpt lat="-31.7972080" lon="-64.9976849">
        <ele>872.00000</ele>
      </trkpt>
      <trkpt lat="-31.7972138" lon="-64.9976940">
        <ele>872.00000</ele>
      </trkpt>
      <trkpt lat="-31.7972254" lon="-64.9977167">
        <ele>872.00000</ele>
      </trkpt>
      <trkpt lat="-31.7972273" lon="-64.9977258">
        <ele>872.00000</ele>
      </trkpt>
      <trkpt lat="-31.7972350" lon="-64.9977394">
        <ele>872.00000</ele>
      </trkpt>
      <trkpt lat="-31.7972428" lon="-64.9977599">
        <ele>872.00000</ele>
      </trkpt>
      <trkpt lat="-31.7972848" lon="-64.9978821">
        <ele>871.00000</ele>
      </trkpt>
      <trkpt lat="-31.7973448" lon="-64.9980209">
        <ele>871.00000</ele>
      </trkpt>
      <trkpt lat="-31.7974358" lon="-64.9981036">
        <ele>871.00000</ele>
      </trkpt>
      <trkpt lat="-31.7974461" lon="-64.9981061">
        <ele>871.00000</ele>
      </trkpt>
      <trkpt lat="-31.7974606" lon="-64.9981085">
        <ele>871.00000</ele>
      </trkpt>
      <trkpt lat="-31.7974689" lon="-64.9981110">
        <ele>871.00000</ele>
      </trkpt>
      <trkpt lat="-31.7974771" lon="-64.9981110">
        <ele>871.00000</ele>
      </trkpt>
      <trkpt lat="-31.7974854" lon="-64.9981110">
        <ele>871.00000</ele>
      </trkpt>
      <trkpt lat="-31.7974937" lon="-64.9981183">
        <ele>871.00000</ele>
      </trkpt>
      <trkpt lat="-31.7975040" lon="-64.9981329">
        <ele>871.00000</ele>
      </trkpt>
      <trkpt lat="-31.7975123" lon="-64.9981377">
        <ele>871.00000</ele>
      </trkpt>
      <trkpt lat="-31.7975226" lon="-64.9981475">
        <ele>871.00000</ele>
      </trkpt>
      <trkpt lat="-31.7975226" lon="-64.9981499">
        <ele>871.00000</ele>
      </trkpt>
      <trkpt lat="-31.7975309" lon="-64.9981572">
        <ele>871.00000</ele>
      </trkpt>
      <trkpt lat="-31.7975392" lon="-64.9981597">
        <ele>871.00000</ele>
      </trkpt>
      <trkpt lat="-31.7975516" lon="-64.9981645">
        <ele>871.00000</ele>
      </trkpt>
      <trkpt lat="-31.7975661" lon="-64.9981767">
        <ele>872.00000</ele>
      </trkpt>
      <trkpt lat="-31.7975867" lon="-64.9981889">
        <ele>872.00000</ele>
      </trkpt>
      <trkpt lat="-31.7976116" lon="-64.9982132">
        <ele>872.00000</ele>
      </trkpt>
      <trkpt lat="-31.7976260" lon="-64.9982157">
        <ele>872.00000</ele>
      </trkpt>
      <trkpt lat="-31.7976385" lon="-64.9982157">
        <ele>872.00000</ele>
      </trkpt>
      <trkpt lat="-31.7976488" lon="-64.9982157">
        <ele>872.00000</ele>
      </trkpt>
      <trkpt lat="-31.7976571" lon="-64.9982157">
        <ele>872.00000</ele>
      </trkpt>
      <trkpt lat="-31.7976653" lon="-64.9982132">
        <ele>872.00000</ele>
      </trkpt>
      <trkpt lat="-31.7976778" lon="-64.9982108">
        <ele>872.00000</ele>
      </trkpt>
      <trkpt lat="-31.7976902" lon="-64.9982084">
        <ele>872.00000</ele>
      </trkpt>
      <trkpt lat="-31.7977067" lon="-64.9982084">
        <ele>872.00000</ele>
      </trkpt>
      <trkpt lat="-31.7977171" lon="-64.9982133">
        <ele>872.00000</ele>
      </trkpt>
      <trkpt lat="-31.7977315" lon="-64.9982181">
        <ele>872.00000</ele>
      </trkpt>
      <trkpt lat="-31.7977377" lon="-64.9982206">
        <ele>872.00000</ele>
      </trkpt>
      <trkpt lat="-31.7977502" lon="-64.9982254">
        <ele>872.00000</ele>
      </trkpt>
      <trkpt lat="-31.7977646" lon="-64.9982255">
        <ele>872.00000</ele>
      </trkpt>
      <trkpt lat="-31.7977750" lon="-64.9982255">
        <ele>872.00000</ele>
      </trkpt>
      <trkpt lat="-31.7977874" lon="-64.9982157">
        <ele>872.00000</ele>
      </trkpt>
      <trkpt lat="-31.7977915" lon="-64.9982133">
        <ele>872.00000</ele>
      </trkpt>
      <trkpt lat="-31.7977998" lon="-64.9982011">
        <ele>872.00000</ele>
      </trkpt>
      <trkpt lat="-31.7978081" lon="-64.9981938">
        <ele>872.00000</ele>
      </trkpt>
      <trkpt lat="-31.7978205" lon="-64.9981890">
        <ele>872.00000</ele>
      </trkpt>
      <trkpt lat="-31.7978329" lon="-64.9981890">
        <ele>873.00000</ele>
      </trkpt>
      <trkpt lat="-31.7978453" lon="-64.9981890">
        <ele>873.00000</ele>
      </trkpt>
      <trkpt lat="-31.7978639" lon="-64.9981914">
        <ele>873.00000</ele>
      </trkpt>
      <trkpt lat="-31.7978805" lon="-64.9981963">
        <ele>873.00000</ele>
      </trkpt>
      <trkpt lat="-31.7978908" lon="-64.9981963">
        <ele>873.00000</ele>
      </trkpt>
      <trkpt lat="-31.7979794" lon="-64.9982036">
        <ele>874.00000</ele>
      </trkpt>
      <trkpt lat="-31.7979877" lon="-64.9982036">
        <ele>874.00000</ele>
      </trkpt>
      <trkpt lat="-31.7980001" lon="-64.9982036">
        <ele>874.00000</ele>
      </trkpt>
      <trkpt lat="-31.7980125" lon="-64.9982036">
        <ele>874.00000</ele>
      </trkpt>
      <trkpt lat="-31.7980229" lon="-64.9982036">
        <ele>875.00000</ele>
      </trkpt>
      <trkpt lat="-31.7980312" lon="-64.9982036">
        <ele>875.00000</ele>
      </trkpt>
      <trkpt lat="-31.7980477" lon="-64.9982036">
        <ele>875.00000</ele>
      </trkpt>
      <trkpt lat="-31.7980725" lon="-64.9982036">
        <ele>875.00000</ele>
      </trkpt>
      <trkpt lat="-31.7980953" lon="-64.9982085">
        <ele>875.00000</ele>
      </trkpt>
      <trkpt lat="-31.7981036" lon="-64.9982085">
        <ele>875.00000</ele>
      </trkpt>
      <trkpt lat="-31.7981160" lon="-64.9982158">
        <ele>875.00000</ele>
      </trkpt>
      <trkpt lat="-31.7981180" lon="-64.9982158">
        <ele>876.00000</ele>
      </trkpt>
      <trkpt lat="-31.7981284" lon="-64.9982183">
        <ele>876.00000</ele>
      </trkpt>
      <trkpt lat="-31.7981470" lon="-64.9982110">
        <ele>876.00000</ele>
      </trkpt>
      <trkpt lat="-31.7981573" lon="-64.9982085">
        <ele>876.00000</ele>
      </trkpt>
      <trkpt lat="-31.7981801" lon="-64.9982061">
        <ele>876.00000</ele>
      </trkpt>
      <trkpt lat="-31.7981946" lon="-64.9982061">
        <ele>876.00000</ele>
      </trkpt>
      <trkpt lat="-31.7981966" lon="-64.9982061">
        <ele>876.00000</ele>
      </trkpt>
      <trkpt lat="-31.7982132" lon="-64.9982086">
        <ele>876.00000</ele>
      </trkpt>
      <trkpt lat="-31.7982277" lon="-64.9982134">
        <ele>877.00000</ele>
      </trkpt>
      <trkpt lat="-31.7982442" lon="-64.9982159">
        <ele>877.00000</ele>
      </trkpt>
      <trkpt lat="-31.7982628" lon="-64.9982232">
        <ele>877.00000</ele>
      </trkpt>
      <trkpt lat="-31.7982711" lon="-64.9982280">
        <ele>877.00000</ele>
      </trkpt>
      <trkpt lat="-31.7982877" lon="-64.9982281">
        <ele>877.00000</ele>
      </trkpt>
      <trkpt lat="-31.7983083" lon="-64.9982281">
        <ele>877.00000</ele>
      </trkpt>
      <trkpt lat="-31.7983270" lon="-64.9982256">
        <ele>877.00000</ele>
      </trkpt>
      <trkpt lat="-31.7983435" lon="-64.9982232">
        <ele>877.00000</ele>
      </trkpt>
      <trkpt lat="-31.7983559" lon="-64.9982232">
        <ele>877.00000</ele>
      </trkpt>
      <trkpt lat="-31.7983725" lon="-64.9982232">
        <ele>877.00000</ele>
      </trkpt>
      <trkpt lat="-31.7983911" lon="-64.9982232">
        <ele>877.00000</ele>
      </trkpt>
      <trkpt lat="-31.7984035" lon="-64.9982281">
        <ele>877.00000</ele>
      </trkpt>
      <trkpt lat="-31.7984159" lon="-64.9982330">
        <ele>877.00000</ele>
      </trkpt>
      <trkpt lat="-31.7984304" lon="-64.9982354">
        <ele>877.00000</ele>
      </trkpt>
      <trkpt lat="-31.7984490" lon="-64.9982378">
        <ele>877.00000</ele>
      </trkpt>
      <trkpt lat="-31.7984573" lon="-64.9982378">
        <ele>877.00000</ele>
      </trkpt>
      <trkpt lat="-31.7984676" lon="-64.9982378">
        <ele>877.00000</ele>
      </trkpt>
      <trkpt lat="-31.7984800" lon="-64.9982379">
        <ele>877.00000</ele>
      </trkpt>
      <trkpt lat="-31.7984904" lon="-64.9982379">
        <ele>877.00000</ele>
      </trkpt>
      <trkpt lat="-31.7985111" lon="-64.9982379">
        <ele>876.00000</ele>
      </trkpt>
      <trkpt lat="-31.7985276" lon="-64.9982379">
        <ele>876.00000</ele>
      </trkpt>
      <trkpt lat="-31.7985380" lon="-64.9982379">
        <ele>876.00000</ele>
      </trkpt>
      <trkpt lat="-31.7985504" lon="-64.9982379">
        <ele>876.00000</ele>
      </trkpt>
      <trkpt lat="-31.7985607" lon="-64.9982330">
        <ele>876.00000</ele>
      </trkpt>
      <trkpt lat="-31.7985773" lon="-64.9982257">
        <ele>876.00000</ele>
      </trkpt>
      <trkpt lat="-31.7985897" lon="-64.9982208">
        <ele>876.00000</ele>
      </trkpt>
      <trkpt lat="-31.7986104" lon="-64.9982184">
        <ele>876.00000</ele>
      </trkpt>
      <trkpt lat="-31.7986331" lon="-64.9982184">
        <ele>875.00000</ele>
      </trkpt>
      <trkpt lat="-31.7986455" lon="-64.9982184">
        <ele>875.00000</ele>
      </trkpt>
      <trkpt lat="-31.7986600" lon="-64.9982184">
        <ele>875.00000</ele>
      </trkpt>
      <trkpt lat="-31.7986704" lon="-64.9982111">
        <ele>875.00000</ele>
      </trkpt>
      <trkpt lat="-31.7986786" lon="-64.9982087">
        <ele>875.00000</ele>
      </trkpt>
      <trkpt lat="-31.7986869" lon="-64.9982038">
        <ele>874.00000</ele>
      </trkpt>
      <trkpt lat="-31.7986993" lon="-64.9981965">
        <ele>874.00000</ele>
      </trkpt>
      <trkpt lat="-31.7987097" lon="-64.9981892">
        <ele>874.00000</ele>
      </trkpt>
      <trkpt lat="-31.7987221" lon="-64.9981844">
        <ele>874.00000</ele>
      </trkpt>
      <trkpt lat="-31.7988426" lon="-64.9981649">
        <ele>872.00000</ele>
      </trkpt>
      <trkpt lat="-31.7988592" lon="-64.9981601">
        <ele>872.00000</ele>
      </trkpt>
      <trkpt lat="-31.7988695" lon="-64.9981552">
        <ele>872.00000</ele>
      </trkpt>
      <trkpt lat="-31.7988778" lon="-64.9981528">
        <ele>872.00000</ele>
      </trkpt>
      <trkpt lat="-31.7989047" lon="-64.9981406">
        <ele>872.00000</ele>
      </trkpt>
      <trkpt lat="-31.7989316" lon="-64.9981187">
        <ele>872.00000</ele>
      </trkpt>
      <trkpt lat="-31.7989481" lon="-64.9981114">
        <ele>872.00000</ele>
      </trkpt>
      <trkpt lat="-31.7989606" lon="-64.9981066">
        <ele>872.00000</ele>
      </trkpt>
      <trkpt lat="-31.7989668" lon="-64.9981041">
        <ele>872.00000</ele>
      </trkpt>
      <trkpt lat="-31.7989916" lon="-64.9980920">
        <ele>872.00000</ele>
      </trkpt>
      <trkpt lat="-31.7989978" lon="-64.9980895">
        <ele>872.00000</ele>
      </trkpt>
      <trkpt lat="-31.7990123" lon="-64.9980822">
        <ele>872.00000</ele>
      </trkpt>
      <trkpt lat="-31.7990350" lon="-64.9980774">
        <ele>872.00000</ele>
      </trkpt>
      <trkpt lat="-31.7990599" lon="-64.9980774">
        <ele>872.00000</ele>
      </trkpt>
      <trkpt lat="-31.7990764" lon="-64.9980750">
        <ele>872.00000</ele>
      </trkpt>
      <trkpt lat="-31.7990992" lon="-64.9980750">
        <ele>872.00000</ele>
      </trkpt>
      <trkpt lat="-31.7991136" lon="-64.9980701">
        <ele>872.00000</ele>
      </trkpt>
      <trkpt lat="-31.7991157" lon="-64.9980677">
        <ele>872.00000</ele>
      </trkpt>
      <trkpt lat="-31.7991385" lon="-64.9980531">
        <ele>872.00000</ele>
      </trkpt>
      <trkpt lat="-31.7992111" lon="-64.9980020">
        <ele>872.00000</ele>
      </trkpt>
      <trkpt lat="-31.7992297" lon="-64.9979923">
        <ele>872.00000</ele>
      </trkpt>
      <trkpt lat="-31.7992380" lon="-64.9979850">
        <ele>872.00000</ele>
      </trkpt>
      <trkpt lat="-31.7992525" lon="-64.9979679">
        <ele>873.00000</ele>
      </trkpt>
      <trkpt lat="-31.7992669" lon="-64.9979582">
        <ele>873.00000</ele>
      </trkpt>
      <trkpt lat="-31.7992794" lon="-64.9979509">
        <ele>873.00000</ele>
      </trkpt>
      <trkpt lat="-31.7992897" lon="-64.9979436">
        <ele>873.00000</ele>
      </trkpt>
      <trkpt lat="-31.7993021" lon="-64.9979314">
        <ele>873.00000</ele>
      </trkpt>
      <trkpt lat="-31.7993083" lon="-64.9979193">
        <ele>873.00000</ele>
      </trkpt>
      <trkpt lat="-31.7993145" lon="-64.9979168">
        <ele>873.00000</ele>
      </trkpt>
      <trkpt lat="-31.7993269" lon="-64.9979095">
        <ele>873.00000</ele>
      </trkpt>
      <trkpt lat="-31.7993332" lon="-64.9979071">
        <ele>874.00000</ele>
      </trkpt>
      <trkpt lat="-31.7993435" lon="-64.9978998">
        <ele>874.00000</ele>
      </trkpt>
      <trkpt lat="-31.7993456" lon="-64.9978949">
        <ele>874.00000</ele>
      </trkpt>
      <trkpt lat="-31.7993621" lon="-64.9978828">
        <ele>874.00000</ele>
      </trkpt>
      <trkpt lat="-31.7993704" lon="-64.9978779">
        <ele>874.00000</ele>
      </trkpt>
      <trkpt lat="-31.7993725" lon="-64.9978779">
        <ele>874.00000</ele>
      </trkpt>
      <trkpt lat="-31.7993828" lon="-64.9978755">
        <ele>874.00000</ele>
      </trkpt>
      <trkpt lat="-31.7994035" lon="-64.9978731">
        <ele>874.00000</ele>
      </trkpt>
      <trkpt lat="-31.7994118" lon="-64.9978682">
        <ele>874.00000</ele>
      </trkpt>
      <trkpt lat="-31.7994283" lon="-64.9978682">
        <ele>874.00000</ele>
      </trkpt>
      <trkpt lat="-31.7994387" lon="-64.9978682">
        <ele>874.00000</ele>
      </trkpt>
      <trkpt lat="-31.7994511" lon="-64.9978706">
        <ele>874.00000</ele>
      </trkpt>
      <trkpt lat="-31.7994635" lon="-64.9978755">
        <ele>874.00000</ele>
      </trkpt>
      <trkpt lat="-31.7994697" lon="-64.9978828">
        <ele>874.00000</ele>
      </trkpt>
      <trkpt lat="-31.7994780" lon="-64.9978901">
        <ele>874.00000</ele>
      </trkpt>
      <trkpt lat="-31.7994842" lon="-64.9978974">
        <ele>874.00000</ele>
      </trkpt>
      <trkpt lat="-31.7994924" lon="-64.9978999">
        <ele>874.00000</ele>
      </trkpt>
      <trkpt lat="-31.7995069" lon="-64.9979023">
        <ele>874.00000</ele>
      </trkpt>
      <trkpt lat="-31.7995152" lon="-64.9979023">
        <ele>874.00000</ele>
      </trkpt>
      <trkpt lat="-31.7995276" lon="-64.9979023">
        <ele>874.00000</ele>
      </trkpt>
      <trkpt lat="-31.7995379" lon="-64.9979023">
        <ele>874.00000</ele>
      </trkpt>
      <trkpt lat="-31.7995504" lon="-64.9979023">
        <ele>874.00000</ele>
      </trkpt>
      <trkpt lat="-31.7995566" lon="-64.9979023">
        <ele>874.00000</ele>
      </trkpt>
      <trkpt lat="-31.7995690" lon="-64.9979023">
        <ele>874.00000</ele>
      </trkpt>
      <trkpt lat="-31.7995876" lon="-64.9979121">
        <ele>874.00000</ele>
      </trkpt>
      <trkpt lat="-31.7995979" lon="-64.9979169">
        <ele>874.00000</ele>
      </trkpt>
      <trkpt lat="-31.7996103" lon="-64.9979194">
        <ele>874.00000</ele>
      </trkpt>
      <trkpt lat="-31.7996165" lon="-64.9979218">
        <ele>874.00000</ele>
      </trkpt>
      <trkpt lat="-31.7996331" lon="-64.9979315">
        <ele>874.00000</ele>
      </trkpt>
      <trkpt lat="-31.7996414" lon="-64.9979364">
        <ele>874.00000</ele>
      </trkpt>
      <trkpt lat="-31.7996517" lon="-64.9979413">
        <ele>874.00000</ele>
      </trkpt>
      <trkpt lat="-31.7996600" lon="-64.9979437">
        <ele>874.00000</ele>
      </trkpt>
      <trkpt lat="-31.7996745" lon="-64.9979437">
        <ele>874.00000</ele>
      </trkpt>
      <trkpt lat="-31.7996848" lon="-64.9979462">
        <ele>874.00000</ele>
      </trkpt>
      <trkpt lat="-31.7996931" lon="-64.9979510">
        <ele>874.00000</ele>
      </trkpt>
      <trkpt lat="-31.7997034" lon="-64.9979608">
        <ele>874.00000</ele>
      </trkpt>
      <trkpt lat="-31.7997055" lon="-64.9979705">
        <ele>874.00000</ele>
      </trkpt>
      <trkpt lat="-31.7997076" lon="-64.9979778">
        <ele>874.00000</ele>
      </trkpt>
      <trkpt lat="-31.7997117" lon="-64.9979924">
        <ele>874.00000</ele>
      </trkpt>
      <trkpt lat="-31.7997179" lon="-64.9980168">
        <ele>874.00000</ele>
      </trkpt>
      <trkpt lat="-31.7997200" lon="-64.9980241">
        <ele>874.00000</ele>
      </trkpt>
      <trkpt lat="-31.7997262" lon="-64.9980338">
        <ele>874.00000</ele>
      </trkpt>
      <trkpt lat="-31.7997365" lon="-64.9980411">
        <ele>874.00000</ele>
      </trkpt>
      <trkpt lat="-31.7997489" lon="-64.9980435">
        <ele>874.00000</ele>
      </trkpt>
      <trkpt lat="-31.7997510" lon="-64.9980460">
        <ele>874.00000</ele>
      </trkpt>
      <trkpt lat="-31.7997613" lon="-64.9980533">
        <ele>874.00000</ele>
      </trkpt>
      <trkpt lat="-31.7997717" lon="-64.9980606">
        <ele>874.00000</ele>
      </trkpt>
      <trkpt lat="-31.7997820" lon="-64.9980655">
        <ele>874.00000</ele>
      </trkpt>
      <trkpt lat="-31.7997944" lon="-64.9980679">
        <ele>874.00000</ele>
      </trkpt>
      <trkpt lat="-31.7997965" lon="-64.9980679">
        <ele>874.00000</ele>
      </trkpt>
      <trkpt lat="-31.7998048" lon="-64.9980752">
        <ele>874.00000</ele>
      </trkpt>
      <trkpt lat="-31.7998192" lon="-64.9980825">
        <ele>874.00000</ele>
      </trkpt>
      <trkpt lat="-31.7998296" lon="-64.9980898">
        <ele>874.00000</ele>
      </trkpt>
      <trkpt lat="-31.7998358" lon="-64.9980947">
        <ele>874.00000</ele>
      </trkpt>
      <trkpt lat="-31.7998399" lon="-64.9980971">
        <ele>874.00000</ele>
      </trkpt>
      <trkpt lat="-31.7998523" lon="-64.9981020">
        <ele>874.00000</ele>
      </trkpt>
      <trkpt lat="-31.7998337" lon="-64.9982145">
        <ele>875.00000</ele>
      </trkpt>
      <trkpt lat="-31.7996929" lon="-64.9985235">
        <ele>876.00000</ele>
      </trkpt>
      <trkpt lat="-31.7995398" lon="-64.9988667">
        <ele>874.00000</ele>
      </trkpt>
      <trkpt lat="-31.7993887" lon="-64.9991782">
        <ele>876.00000</ele>
      </trkpt>
      <trkpt lat="-31.7992279" lon="-64.9995182">
        <ele>879.00000</ele>
      </trkpt>
      <trkpt lat="-31.7991182" lon="-64.9997640">
        <ele>883.00000</ele>
      </trkpt>
      <trkpt lat="-31.7989568" lon="-64.9999878">
        <ele>884.00000</ele>
      </trkpt>
      <trkpt lat="-31.7988244" lon="-65.0001630">
        <ele>882.00000</ele>
      </trkpt>
      <trkpt lat="-31.7985869" lon="-65.0004355">
        <ele>878.00000</ele>
      </trkpt>
      <trkpt lat="-31.7983614" lon="-65.0007105">
        <ele>878.00000</ele>
      </trkpt>
      <trkpt lat="-31.7981938" lon="-65.0009148">
        <ele>877.00000</ele>
      </trkpt>
      <trkpt lat="-31.7980385" lon="-65.0010679">
        <ele>875.00000</ele>
      </trkpt>
      <trkpt lat="-31.7979392" lon="-65.0012431">
        <ele>876.00000</ele>
      </trkpt>
      <trkpt lat="-31.7979371" lon="-65.0012504">
        <ele>876.00000</ele>
      </trkpt>
      <trkpt lat="-31.7978709" lon="-65.0014451">
        <ele>877.00000</ele>
      </trkpt>
      <trkpt lat="-31.7977963" lon="-65.0017542">
        <ele>878.00000</ele>
      </trkpt>
      <trkpt lat="-31.7977424" lon="-65.0020414">
        <ele>879.00000</ele>
      </trkpt>
      <trkpt lat="-31.7976854" lon="-65.0023654">
        <ele>881.00000</ele>
      </trkpt>
      <trkpt lat="-31.7975735" lon="-65.0029495">
        <ele>886.00000</ele>
      </trkpt>
      <trkpt lat="-31.7975342" lon="-65.0031004">
        <ele>886.00000</ele>
      </trkpt>
      <trkpt lat="-31.7974370" lon="-65.0030955">
        <ele>886.00000</ele>
      </trkpt>
      <trkpt lat="-31.7972570" lon="-65.0030395">
        <ele>886.00000</ele>
      </trkpt>
      <trkpt lat="-31.7971805" lon="-65.0030297">
        <ele>886.00000</ele>
      </trkpt>
      <trkpt lat="-31.7971060" lon="-65.0029956">
        <ele>886.00000</ele>
      </trkpt>
      <trkpt lat="-31.7970336" lon="-65.0029858">
        <ele>886.00000</ele>
      </trkpt>
      <trkpt lat="-31.7969943" lon="-65.0029980">
        <ele>886.00000</ele>
      </trkpt>
    </trkseg>
  </trk>
</gpx>

