<?xml version="1.0" encoding="UTF-8"?>
<gpx xmlns="http://www.topografix.com/GPX/1/1" creator="AllTrails https://www.alltrails.com/ - 23.2 NONO  OFICIAL 2021" version="1.1" xmlns:xsi="http://www.w3.org/2001/XMLSchema-instance" xsi:schemaLocation="http://www.topografix.com/GPX/1/1 http://www.topografix.com/GPX/1/1/gpx.xsd">
  <metadata>
    <name>23.2 NONO  OFICIAL 2021</name>
    <link href="https://www.gpsies.com/">
      <text>23.2 NONO  OFICIAL 2021 on AllTrails</text>
    </link>
    <time>2024-04-09T15:47:12Z</time>
  </metadata>
  <rte>
    <name>23.2 NONO  OFICIAL 2021 on AllTrails</name>
    <rtept lat="-31.7969769" lon="-65.0029665">
      <ele>886.00000</ele>
    </rtept>
    <rtept lat="-31.7963921" lon="-65.0028387">
      <ele>885.00000</ele>
    </rtept>
    <rtept lat="-31.7957035" lon="-65.0026388">
      <ele>888.00000</ele>
    </rtept>
    <rtept lat="-31.7953687" lon="-65.0025832">
      <ele>886.00000</ele>
    </rtept>
    <rtept lat="-31.7945596" lon="-65.0024110">
      <ele>886.00000</ele>
    </rtept>
    <rtept lat="-31.7941871" lon="-65.0023110">
      <ele>888.00000</ele>
    </rtept>
    <rtept lat="-31.7941494" lon="-65.0020613">
      <ele>889.00000</ele>
    </rtept>
    <rtept lat="-31.7940646" lon="-65.0012011">
      <ele>890.00000</ele>
    </rtept>
    <rtept lat="-31.7939704" lon="-65.0003077">
      <ele>889.00000</ele>
    </rtept>
    <rtept lat="-31.7937725" lon="-64.9988035">
      <ele>886.00000</ele>
    </rtept>
    <rtept lat="-31.7937019" lon="-64.9980932">
      <ele>885.00000</ele>
    </rtept>
    <rtept lat="-31.7936878" lon="-64.9976437">
      <ele>887.00000</ele>
    </rtept>
    <rtept lat="-31.7936549" lon="-64.9964950">
      <ele>888.00000</ele>
    </rtept>
    <rtept lat="-31.7937351" lon="-64.9962453">
      <ele>887.00000</ele>
    </rtept>
    <rtept lat="-31.7939663" lon="-64.9955182">
      <ele>883.00000</ele>
    </rtept>
    <rtept lat="-31.7942777" lon="-64.9948635">
      <ele>886.00000</ele>
    </rtept>
    <rtept lat="-31.7944617" lon="-64.9941032">
      <ele>887.00000</ele>
    </rtept>
    <rtept lat="-31.7947023" lon="-64.9931876">
      <ele>884.00000</ele>
    </rtept>
    <rtept lat="-31.7947825" lon="-64.9927659">
      <ele>886.00000</ele>
    </rtept>
    <rtept lat="-31.7949052" lon="-64.9922054">
      <ele>890.00000</ele>
    </rtept>
    <rtept lat="-31.7950703" lon="-64.9917171">
      <ele>894.00000</ele>
    </rtept>
    <rtept lat="-31.7952269" lon="-64.9911139">
      <ele>895.00000</ele>
    </rtept>
    <rtept lat="-31.7956185" lon="-64.9896101">
      <ele>905.00000</ele>
    </rtept>
    <rtept lat="-31.7958025" lon="-64.9889664">
      <ele>903.00000</ele>
    </rtept>
    <rtept lat="-31.7959393" lon="-64.9883615">
      <ele>903.00000</ele>
    </rtept>
    <rtept lat="-31.7960525" lon="-64.9878843">
      <ele>903.00000</ele>
    </rtept>
    <rtept lat="-31.7962142" lon="-64.9872467">
      <ele>902.00000</ele>
    </rtept>
    <rtept lat="-31.7963699" lon="-64.9865475">
      <ele>902.00000</ele>
    </rtept>
    <rtept lat="-31.7964831" lon="-64.9860703">
      <ele>907.00000</ele>
    </rtept>
    <rtept lat="-31.7966199" lon="-64.9853711">
      <ele>907.00000</ele>
    </rtept>
    <rtept lat="-31.7967379" lon="-64.9848161">
      <ele>910.00000</ele>
    </rtept>
    <rtept lat="-31.7974072" lon="-64.9839128">
      <ele>902.00000</ele>
    </rtept>
    <rtept lat="-31.7979873" lon="-64.9831192">
      <ele>900.00000</ele>
    </rtept>
    <rtept lat="-31.7982326" lon="-64.9829860">
      <ele>898.00000</ele>
    </rtept>
    <rtept lat="-31.7984731" lon="-64.9827807">
      <ele>896.00000</ele>
    </rtept>
    <rtept lat="-31.7987231" lon="-64.9825920">
      <ele>895.00000</ele>
    </rtept>
    <rtept lat="-31.7989259" lon="-64.9822590">
      <ele>899.00000</ele>
    </rtept>
    <rtept lat="-31.7989872" lon="-64.9815765">
      <ele>902.00000</ele>
    </rtept>
    <rtept lat="-31.7989967" lon="-64.9809993">
      <ele>903.00000</ele>
    </rtept>
    <rtept lat="-31.7989023" lon="-64.9806552">
      <ele>907.00000</ele>
    </rtept>
    <rtept lat="-31.7988457" lon="-64.9801003">
      <ele>910.00000</ele>
    </rtept>
    <rtept lat="-31.7986193" lon="-64.9783395">
      <ele>908.00000</ele>
    </rtept>
    <rtept lat="-31.7986429" lon="-64.9779565">
      <ele>912.00000</ele>
    </rtept>
    <rtept lat="-31.7986712" lon="-64.9774404">
      <ele>916.00000</ele>
    </rtept>
    <rtept lat="-31.7986900" lon="-64.9770076">
      <ele>916.00000</ele>
    </rtept>
    <rtept lat="-31.7979920" lon="-64.9769355">
      <ele>916.00000</ele>
    </rtept>
    <rtept lat="-31.7973222" lon="-64.9768855">
      <ele>919.00000</ele>
    </rtept>
    <rtept lat="-31.7968458" lon="-64.9768301">
      <ele>921.00000</ele>
    </rtept>
    <rtept lat="-31.7958731" lon="-64.9767597">
      <ele>909.00000</ele>
    </rtept>
    <rtept lat="-31.7957127" lon="-64.9767875">
      <ele>908.00000</ele>
    </rtept>
    <rtept lat="-31.7953967" lon="-64.9771038">
      <ele>902.00000</ele>
    </rtept>
    <rtept lat="-31.7951703" lon="-64.9768652">
      <ele>900.00000</ele>
    </rtept>
    <rtept lat="-31.7950760" lon="-64.9767043">
      <ele>899.00000</ele>
    </rtept>
    <rtept lat="-31.7947977" lon="-64.9765434">
      <ele>899.00000</ele>
    </rtept>
    <rtept lat="-31.7947033" lon="-64.9764046">
      <ele>900.00000</ele>
    </rtept>
    <rtept lat="-31.7946986" lon="-64.9763769">
      <ele>900.00000</ele>
    </rtept>
    <rtept lat="-31.7946939" lon="-64.9763547">
      <ele>901.00000</ele>
    </rtept>
    <rtept lat="-31.7946845" lon="-64.9763325">
      <ele>901.00000</ele>
    </rtept>
    <rtept lat="-31.7946609" lon="-64.9763159">
      <ele>901.00000</ele>
    </rtept>
    <rtept lat="-31.7946420" lon="-64.9762992">
      <ele>901.00000</ele>
    </rtept>
    <rtept lat="-31.7946184" lon="-64.9762770">
      <ele>901.00000</ele>
    </rtept>
    <rtept lat="-31.7946184" lon="-64.9762604">
      <ele>901.00000</ele>
    </rtept>
    <rtept lat="-31.7946184" lon="-64.9762160">
      <ele>901.00000</ele>
    </rtept>
    <rtept lat="-31.7946184" lon="-64.9761827">
      <ele>901.00000</ele>
    </rtept>
    <rtept lat="-31.7946090" lon="-64.9761438">
      <ele>902.00000</ele>
    </rtept>
    <rtept lat="-31.7945949" lon="-64.9761216">
      <ele>902.00000</ele>
    </rtept>
    <rtept lat="-31.7945807" lon="-64.9760939">
      <ele>902.00000</ele>
    </rtept>
    <rtept lat="-31.7945760" lon="-64.9760772">
      <ele>902.00000</ele>
    </rtept>
    <rtept lat="-31.7945665" lon="-64.9760384">
      <ele>903.00000</ele>
    </rtept>
    <rtept lat="-31.7945571" lon="-64.9759829">
      <ele>903.00000</ele>
    </rtept>
    <rtept lat="-31.7945571" lon="-64.9759718">
      <ele>903.00000</ele>
    </rtept>
    <rtept lat="-31.7945571" lon="-64.9759441">
      <ele>903.00000</ele>
    </rtept>
    <rtept lat="-31.7945665" lon="-64.9758997">
      <ele>904.00000</ele>
    </rtept>
    <rtept lat="-31.7945760" lon="-64.9758719">
      <ele>904.00000</ele>
    </rtept>
    <rtept lat="-31.7945760" lon="-64.9758497">
      <ele>904.00000</ele>
    </rtept>
    <rtept lat="-31.7945760" lon="-64.9758275">
      <ele>904.00000</ele>
    </rtept>
    <rtept lat="-31.7945760" lon="-64.9757720">
      <ele>904.00000</ele>
    </rtept>
    <rtept lat="-31.7945760" lon="-64.9757387">
      <ele>904.00000</ele>
    </rtept>
    <rtept lat="-31.7945712" lon="-64.9757110">
      <ele>904.00000</ele>
    </rtept>
    <rtept lat="-31.7945712" lon="-64.9757054">
      <ele>904.00000</ele>
    </rtept>
    <rtept lat="-31.7945712" lon="-64.9756555">
      <ele>904.00000</ele>
    </rtept>
    <rtept lat="-31.7945760" lon="-64.9755889">
      <ele>904.00000</ele>
    </rtept>
    <rtept lat="-31.7945854" lon="-64.9755834">
      <ele>904.00000</ele>
    </rtept>
    <rtept lat="-31.7946043" lon="-64.9755723">
      <ele>903.00000</ele>
    </rtept>
    <rtept lat="-31.7946231" lon="-64.9755556">
      <ele>903.00000</ele>
    </rtept>
    <rtept lat="-31.7946514" lon="-64.9755279">
      <ele>903.00000</ele>
    </rtept>
    <rtept lat="-31.7946656" lon="-64.9755057">
      <ele>903.00000</ele>
    </rtept>
    <rtept lat="-31.7946844" lon="-64.9754613">
      <ele>903.00000</ele>
    </rtept>
    <rtept lat="-31.7946986" lon="-64.9754335">
      <ele>903.00000</ele>
    </rtept>
    <rtept lat="-31.7947174" lon="-64.9754169">
      <ele>903.00000</ele>
    </rtept>
    <rtept lat="-31.7947410" lon="-64.9754058">
      <ele>903.00000</ele>
    </rtept>
    <rtept lat="-31.7947410" lon="-64.9753891">
      <ele>903.00000</ele>
    </rtept>
    <rtept lat="-31.7947457" lon="-64.9753725">
      <ele>903.00000</ele>
    </rtept>
    <rtept lat="-31.7947505" lon="-64.9753392">
      <ele>903.00000</ele>
    </rtept>
    <rtept lat="-31.7947552" lon="-64.9753059">
      <ele>903.00000</ele>
    </rtept>
    <rtept lat="-31.7947552" lon="-64.9752559">
      <ele>903.00000</ele>
    </rtept>
    <rtept lat="-31.7947646" lon="-64.9752337">
      <ele>903.00000</ele>
    </rtept>
    <rtept lat="-31.7947693" lon="-64.9752171">
      <ele>903.00000</ele>
    </rtept>
    <rtept lat="-31.7947835" lon="-64.9751893">
      <ele>903.00000</ele>
    </rtept>
    <rtept lat="-31.7949153" lon="-64.9750300">
      <ele>903.00000</ele>
    </rtept>
    <rtept lat="-31.7949294" lon="-64.9750078">
      <ele>903.00000</ele>
    </rtept>
    <rtept lat="-31.7949530" lon="-64.9749911">
      <ele>903.00000</ele>
    </rtept>
    <rtept lat="-31.7949719" lon="-64.9749634">
      <ele>902.00000</ele>
    </rtept>
    <rtept lat="-31.7949860" lon="-64.9749356">
      <ele>902.00000</ele>
    </rtept>
    <rtept lat="-31.7950096" lon="-64.9749134">
      <ele>902.00000</ele>
    </rtept>
    <rtept lat="-31.7950332" lon="-64.9748968">
      <ele>902.00000</ele>
    </rtept>
    <rtept lat="-31.7950521" lon="-64.9748801">
      <ele>903.00000</ele>
    </rtept>
    <rtept lat="-31.7950615" lon="-64.9748801">
      <ele>903.00000</ele>
    </rtept>
    <rtept lat="-31.7950804" lon="-64.9748635">
      <ele>903.00000</ele>
    </rtept>
    <rtept lat="-31.7951039" lon="-64.9748357">
      <ele>903.00000</ele>
    </rtept>
    <rtept lat="-31.7951087" lon="-64.9748135">
      <ele>903.00000</ele>
    </rtept>
    <rtept lat="-31.7951134" lon="-64.9747913">
      <ele>903.00000</ele>
    </rtept>
    <rtept lat="-31.7951228" lon="-64.9747636">
      <ele>903.00000</ele>
    </rtept>
    <rtept lat="-31.7951370" lon="-64.9747358">
      <ele>903.00000</ele>
    </rtept>
    <rtept lat="-31.7951511" lon="-64.9747081">
      <ele>903.00000</ele>
    </rtept>
    <rtept lat="-31.7951652" lon="-64.9746803">
      <ele>903.00000</ele>
    </rtept>
    <rtept lat="-31.7951652" lon="-64.9746581">
      <ele>903.00000</ele>
    </rtept>
    <rtept lat="-31.7951652" lon="-64.9746359">
      <ele>903.00000</ele>
    </rtept>
    <rtept lat="-31.7951605" lon="-64.9746082">
      <ele>903.00000</ele>
    </rtept>
    <rtept lat="-31.7951417" lon="-64.9745694">
      <ele>903.00000</ele>
    </rtept>
    <rtept lat="-31.7951322" lon="-64.9745638">
      <ele>903.00000</ele>
    </rtept>
    <rtept lat="-31.7951228" lon="-64.9745416">
      <ele>903.00000</ele>
    </rtept>
    <rtept lat="-31.7951134" lon="-64.9745083">
      <ele>903.00000</ele>
    </rtept>
    <rtept lat="-31.7951134" lon="-64.9744639">
      <ele>903.00000</ele>
    </rtept>
    <rtept lat="-31.7951134" lon="-64.9744417">
      <ele>903.00000</ele>
    </rtept>
    <rtept lat="-31.7951134" lon="-64.9744029">
      <ele>903.00000</ele>
    </rtept>
    <rtept lat="-31.7951133" lon="-64.9743696">
      <ele>903.00000</ele>
    </rtept>
    <rtept lat="-31.7951133" lon="-64.9743307">
      <ele>903.00000</ele>
    </rtept>
    <rtept lat="-31.7951133" lon="-64.9743141">
      <ele>903.00000</ele>
    </rtept>
    <rtept lat="-31.7951275" lon="-64.9742586">
      <ele>903.00000</ele>
    </rtept>
    <rtept lat="-31.7951322" lon="-64.9742253">
      <ele>903.00000</ele>
    </rtept>
    <rtept lat="-31.7951322" lon="-64.9742197">
      <ele>903.00000</ele>
    </rtept>
    <rtept lat="-31.7951322" lon="-64.9741809">
      <ele>903.00000</ele>
    </rtept>
    <rtept lat="-31.7951369" lon="-64.9741698">
      <ele>903.00000</ele>
    </rtept>
    <rtept lat="-31.7951464" lon="-64.9741088">
      <ele>903.00000</ele>
    </rtept>
    <rtept lat="-31.7951463" lon="-64.9740644">
      <ele>903.00000</ele>
    </rtept>
    <rtept lat="-31.7951463" lon="-64.9740200">
      <ele>903.00000</ele>
    </rtept>
    <rtept lat="-31.7951369" lon="-64.9739700">
      <ele>903.00000</ele>
    </rtept>
    <rtept lat="-31.7951322" lon="-64.9739367">
      <ele>903.00000</ele>
    </rtept>
    <rtept lat="-31.7951228" lon="-64.9738979">
      <ele>903.00000</ele>
    </rtept>
    <rtept lat="-31.7951228" lon="-64.9738535">
      <ele>904.00000</ele>
    </rtept>
    <rtept lat="-31.7951086" lon="-64.9738091">
      <ele>904.00000</ele>
    </rtept>
    <rtept lat="-31.7950992" lon="-64.9737869">
      <ele>904.00000</ele>
    </rtept>
    <rtept lat="-31.7950992" lon="-64.9737758">
      <ele>904.00000</ele>
    </rtept>
    <rtept lat="-31.7950756" lon="-64.9737481">
      <ele>905.00000</ele>
    </rtept>
    <rtept lat="-31.7950661" lon="-64.9737370">
      <ele>905.00000</ele>
    </rtept>
    <rtept lat="-31.7950378" lon="-64.9737203">
      <ele>904.00000</ele>
    </rtept>
    <rtept lat="-31.7950143" lon="-64.9736926">
      <ele>904.00000</ele>
    </rtept>
    <rtept lat="-31.7950001" lon="-64.9736815">
      <ele>904.00000</ele>
    </rtept>
    <rtept lat="-31.7949907" lon="-64.9736593">
      <ele>904.00000</ele>
    </rtept>
    <rtept lat="-31.7949812" lon="-64.9736315">
      <ele>904.00000</ele>
    </rtept>
    <rtept lat="-31.7949671" lon="-64.9736038">
      <ele>904.00000</ele>
    </rtept>
    <rtept lat="-31.7949577" lon="-64.9735927">
      <ele>904.00000</ele>
    </rtept>
    <rtept lat="-31.7949341" lon="-64.9735705">
      <ele>905.00000</ele>
    </rtept>
    <rtept lat="-31.7949058" lon="-64.9735483">
      <ele>905.00000</ele>
    </rtept>
    <rtept lat="-31.7948775" lon="-64.9735317">
      <ele>904.00000</ele>
    </rtept>
    <rtept lat="-31.7948539" lon="-64.9735206">
      <ele>904.00000</ele>
    </rtept>
    <rtept lat="-31.7948397" lon="-64.9735150">
      <ele>904.00000</ele>
    </rtept>
    <rtept lat="-31.7948114" lon="-64.9734984">
      <ele>904.00000</ele>
    </rtept>
    <rtept lat="-31.7947926" lon="-64.9734873">
      <ele>904.00000</ele>
    </rtept>
    <rtept lat="-31.7947643" lon="-64.9734651">
      <ele>904.00000</ele>
    </rtept>
    <rtept lat="-31.7947454" lon="-64.9734484">
      <ele>904.00000</ele>
    </rtept>
    <rtept lat="-31.7947124" lon="-64.9734262">
      <ele>904.00000</ele>
    </rtept>
    <rtept lat="-31.7946982" lon="-64.9734040">
      <ele>904.00000</ele>
    </rtept>
    <rtept lat="-31.7946747" lon="-64.9733874">
      <ele>904.00000</ele>
    </rtept>
    <rtept lat="-31.7946558" lon="-64.9733763">
      <ele>904.00000</ele>
    </rtept>
    <rtept lat="-31.7946275" lon="-64.9733652">
      <ele>905.00000</ele>
    </rtept>
    <rtept lat="-31.7946039" lon="-64.9733597">
      <ele>905.00000</ele>
    </rtept>
    <rtept lat="-31.7945803" lon="-64.9733319">
      <ele>905.00000</ele>
    </rtept>
    <rtept lat="-31.7945662" lon="-64.9733097">
      <ele>904.00000</ele>
    </rtept>
    <rtept lat="-31.7945426" lon="-64.9732875">
      <ele>904.00000</ele>
    </rtept>
    <rtept lat="-31.7945237" lon="-64.9732709">
      <ele>904.00000</ele>
    </rtept>
    <rtept lat="-31.7945048" lon="-64.9732598">
      <ele>904.00000</ele>
    </rtept>
    <rtept lat="-31.7944813" lon="-64.9732542">
      <ele>904.00000</ele>
    </rtept>
    <rtept lat="-31.7944577" lon="-64.9732431">
      <ele>904.00000</ele>
    </rtept>
    <rtept lat="-31.7944341" lon="-64.9732431">
      <ele>904.00000</ele>
    </rtept>
    <rtept lat="-31.7943917" lon="-64.9732320">
      <ele>904.00000</ele>
    </rtept>
    <rtept lat="-31.7943681" lon="-64.9732320">
      <ele>904.00000</ele>
    </rtept>
    <rtept lat="-31.7943445" lon="-64.9732320">
      <ele>904.00000</ele>
    </rtept>
    <rtept lat="-31.7943256" lon="-64.9732376">
      <ele>904.00000</ele>
    </rtept>
    <rtept lat="-31.7943068" lon="-64.9732376">
      <ele>904.00000</ele>
    </rtept>
    <rtept lat="-31.7942832" lon="-64.9732487">
      <ele>904.00000</ele>
    </rtept>
    <rtept lat="-31.7942596" lon="-64.9732487">
      <ele>904.00000</ele>
    </rtept>
    <rtept lat="-31.7942360" lon="-64.9732487">
      <ele>905.00000</ele>
    </rtept>
    <rtept lat="-31.7942124" lon="-64.9732376">
      <ele>904.00000</ele>
    </rtept>
    <rtept lat="-31.7941841" lon="-64.9732265">
      <ele>904.00000</ele>
    </rtept>
    <rtept lat="-31.7941653" lon="-64.9732099">
      <ele>904.00000</ele>
    </rtept>
    <rtept lat="-31.7941511" lon="-64.9731932">
      <ele>904.00000</ele>
    </rtept>
    <rtept lat="-31.7941322" lon="-64.9731821">
      <ele>904.00000</ele>
    </rtept>
    <rtept lat="-31.7941039" lon="-64.9731599">
      <ele>903.00000</ele>
    </rtept>
    <rtept lat="-31.7940804" lon="-64.9731433">
      <ele>903.00000</ele>
    </rtept>
    <rtept lat="-31.7940662" lon="-64.9731322">
      <ele>903.00000</ele>
    </rtept>
    <rtept lat="-31.7940521" lon="-64.9731211">
      <ele>903.00000</ele>
    </rtept>
    <rtept lat="-31.7940285" lon="-64.9730989">
      <ele>902.00000</ele>
    </rtept>
    <rtept lat="-31.7940143" lon="-64.9730878">
      <ele>902.00000</ele>
    </rtept>
    <rtept lat="-31.7939860" lon="-64.9730656">
      <ele>902.00000</ele>
    </rtept>
    <rtept lat="-31.7939766" lon="-64.9730545">
      <ele>902.00000</ele>
    </rtept>
    <rtept lat="-31.7939577" lon="-64.9730268">
      <ele>902.00000</ele>
    </rtept>
    <rtept lat="-31.7939436" lon="-64.9730157">
      <ele>902.00000</ele>
    </rtept>
    <rtept lat="-31.7939200" lon="-64.9729935">
      <ele>902.00000</ele>
    </rtept>
    <rtept lat="-31.7939153" lon="-64.9729879">
      <ele>902.00000</ele>
    </rtept>
    <rtept lat="-31.7938964" lon="-64.9729713">
      <ele>902.00000</ele>
    </rtept>
    <rtept lat="-31.7938822" lon="-64.9729380">
      <ele>902.00000</ele>
    </rtept>
    <rtept lat="-31.7938539" lon="-64.9728880">
      <ele>902.00000</ele>
    </rtept>
    <rtept lat="-31.7938304" lon="-64.9728658">
      <ele>902.00000</ele>
    </rtept>
    <rtept lat="-31.7938162" lon="-64.9728436">
      <ele>902.00000</ele>
    </rtept>
    <rtept lat="-31.7938162" lon="-64.9728214">
      <ele>902.00000</ele>
    </rtept>
    <rtept lat="-31.7938162" lon="-64.9727882">
      <ele>902.00000</ele>
    </rtept>
    <rtept lat="-31.7938209" lon="-64.9727438">
      <ele>902.00000</ele>
    </rtept>
    <rtept lat="-31.7938209" lon="-64.9727105">
      <ele>902.00000</ele>
    </rtept>
    <rtept lat="-31.7938303" lon="-64.9726827">
      <ele>902.00000</ele>
    </rtept>
    <rtept lat="-31.7938445" lon="-64.9726439">
      <ele>902.00000</ele>
    </rtept>
    <rtept lat="-31.7938586" lon="-64.9726161">
      <ele>902.00000</ele>
    </rtept>
    <rtept lat="-31.7938586" lon="-64.9725939">
      <ele>902.00000</ele>
    </rtept>
    <rtept lat="-31.7938634" lon="-64.9725440">
      <ele>902.00000</ele>
    </rtept>
    <rtept lat="-31.7938681" lon="-64.9725218">
      <ele>902.00000</ele>
    </rtept>
    <rtept lat="-31.7938728" lon="-64.9725051">
      <ele>902.00000</ele>
    </rtept>
    <rtept lat="-31.7938822" lon="-64.9724607">
      <ele>902.00000</ele>
    </rtept>
    <rtept lat="-31.7938964" lon="-64.9724330">
      <ele>902.00000</ele>
    </rtept>
    <rtept lat="-31.7939105" lon="-64.9723831">
      <ele>902.00000</ele>
    </rtept>
    <rtept lat="-31.7939341" lon="-64.9723276">
      <ele>902.00000</ele>
    </rtept>
    <rtept lat="-31.7939577" lon="-64.9723165">
      <ele>902.00000</ele>
    </rtept>
    <rtept lat="-31.7939671" lon="-64.9722887">
      <ele>902.00000</ele>
    </rtept>
    <rtept lat="-31.7939860" lon="-64.9722443">
      <ele>902.00000</ele>
    </rtept>
    <rtept lat="-31.7940001" lon="-64.9721944">
      <ele>902.00000</ele>
    </rtept>
    <rtept lat="-31.7940143" lon="-64.9721389">
      <ele>902.00000</ele>
    </rtept>
    <rtept lat="-31.7940190" lon="-64.9721056">
      <ele>902.00000</ele>
    </rtept>
    <rtept lat="-31.7940190" lon="-64.9720889">
      <ele>902.00000</ele>
    </rtept>
    <rtept lat="-31.7940284" lon="-64.9720612">
      <ele>903.00000</ele>
    </rtept>
    <rtept lat="-31.7940378" lon="-64.9720112">
      <ele>903.00000</ele>
    </rtept>
    <rtept lat="-31.7940425" lon="-64.9720001">
      <ele>903.00000</ele>
    </rtept>
    <rtept lat="-31.7940614" lon="-64.9719391">
      <ele>903.00000</ele>
    </rtept>
    <rtept lat="-31.7940708" lon="-64.9719113">
      <ele>903.00000</ele>
    </rtept>
    <rtept lat="-31.7940944" lon="-64.9718170">
      <ele>903.00000</ele>
    </rtept>
    <rtept lat="-31.7941133" lon="-64.9717726">
      <ele>903.00000</ele>
    </rtept>
    <rtept lat="-31.7941133" lon="-64.9717560">
      <ele>904.00000</ele>
    </rtept>
    <rtept lat="-31.7941133" lon="-64.9717282">
      <ele>904.00000</ele>
    </rtept>
    <rtept lat="-31.7941133" lon="-64.9717060">
      <ele>904.00000</ele>
    </rtept>
    <rtept lat="-31.7941133" lon="-64.9716616">
      <ele>904.00000</ele>
    </rtept>
    <rtept lat="-31.7941133" lon="-64.9716450">
      <ele>904.00000</ele>
    </rtept>
    <rtept lat="-31.7941133" lon="-64.9715784">
      <ele>904.00000</ele>
    </rtept>
    <rtept lat="-31.7941133" lon="-64.9715728">
      <ele>904.00000</ele>
    </rtept>
    <rtept lat="-31.7941321" lon="-64.9715340">
      <ele>904.00000</ele>
    </rtept>
    <rtept lat="-31.7941415" lon="-64.9715062">
      <ele>904.00000</ele>
    </rtept>
    <rtept lat="-31.7941463" lon="-64.9715007">
      <ele>904.00000</ele>
    </rtept>
    <rtept lat="-31.7941604" lon="-64.9714729">
      <ele>904.00000</ele>
    </rtept>
    <rtept lat="-31.7941698" lon="-64.9714563">
      <ele>904.00000</ele>
    </rtept>
    <rtept lat="-31.7941840" lon="-64.9714175">
      <ele>904.00000</ele>
    </rtept>
    <rtept lat="-31.7941840" lon="-64.9714064">
      <ele>905.00000</ele>
    </rtept>
    <rtept lat="-31.7941887" lon="-64.9713398">
      <ele>905.00000</ele>
    </rtept>
    <rtept lat="-31.7941981" lon="-64.9713231">
      <ele>905.00000</ele>
    </rtept>
    <rtept lat="-31.7942028" lon="-64.9712843">
      <ele>905.00000</ele>
    </rtept>
    <rtept lat="-31.7942076" lon="-64.9712621">
      <ele>905.00000</ele>
    </rtept>
    <rtept lat="-31.7942170" lon="-64.9712232">
      <ele>905.00000</ele>
    </rtept>
    <rtept lat="-31.7942217" lon="-64.9711899">
      <ele>905.00000</ele>
    </rtept>
    <rtept lat="-31.7942217" lon="-64.9711788">
      <ele>905.00000</ele>
    </rtept>
    <rtept lat="-31.7942311" lon="-64.9711289">
      <ele>905.00000</ele>
    </rtept>
    <rtept lat="-31.7942358" lon="-64.9710956">
      <ele>905.00000</ele>
    </rtept>
    <rtept lat="-31.7942453" lon="-64.9710734">
      <ele>905.00000</ele>
    </rtept>
    <rtept lat="-31.7942594" lon="-64.9710345">
      <ele>906.00000</ele>
    </rtept>
    <rtept lat="-31.7942689" lon="-64.9710068">
      <ele>906.00000</ele>
    </rtept>
    <rtept lat="-31.7942783" lon="-64.9709790">
      <ele>906.00000</ele>
    </rtept>
    <rtept lat="-31.7942877" lon="-64.9709568">
      <ele>906.00000</ele>
    </rtept>
    <rtept lat="-31.7942971" lon="-64.9709513">
      <ele>906.00000</ele>
    </rtept>
    <rtept lat="-31.7943302" lon="-64.9709346">
      <ele>907.00000</ele>
    </rtept>
    <rtept lat="-31.7943537" lon="-64.9709124">
      <ele>907.00000</ele>
    </rtept>
    <rtept lat="-31.7943537" lon="-64.9709013">
      <ele>907.00000</ele>
    </rtept>
    <rtept lat="-31.7943537" lon="-64.9708459">
      <ele>907.00000</ele>
    </rtept>
    <rtept lat="-31.7943443" lon="-64.9708181">
      <ele>908.00000</ele>
    </rtept>
    <rtept lat="-31.7943349" lon="-64.9707904">
      <ele>908.00000</ele>
    </rtept>
    <rtept lat="-31.7943349" lon="-64.9707848">
      <ele>908.00000</ele>
    </rtept>
    <rtept lat="-31.7943349" lon="-64.9707127">
      <ele>908.00000</ele>
    </rtept>
    <rtept lat="-31.7943349" lon="-64.9706905">
      <ele>908.00000</ele>
    </rtept>
    <rtept lat="-31.7943443" lon="-64.9706239">
      <ele>908.00000</ele>
    </rtept>
    <rtept lat="-31.7943584" lon="-64.9705850">
      <ele>908.00000</ele>
    </rtept>
    <rtept lat="-31.7943773" lon="-64.9705462">
      <ele>908.00000</ele>
    </rtept>
    <rtept lat="-31.7943914" lon="-64.9705240">
      <ele>908.00000</ele>
    </rtept>
    <rtept lat="-31.7944103" lon="-64.9704962">
      <ele>908.00000</ele>
    </rtept>
    <rtept lat="-31.7944197" lon="-64.9704851">
      <ele>908.00000</ele>
    </rtept>
    <rtept lat="-31.7944339" lon="-64.9704574">
      <ele>907.00000</ele>
    </rtept>
    <rtept lat="-31.7944527" lon="-64.9704019">
      <ele>907.00000</ele>
    </rtept>
    <rtept lat="-31.7944575" lon="-64.9703741">
      <ele>907.00000</ele>
    </rtept>
    <rtept lat="-31.7944527" lon="-64.9703575">
      <ele>906.00000</ele>
    </rtept>
    <rtept lat="-31.7944056" lon="-64.9700355">
      <ele>904.00000</ele>
    </rtept>
    <rtept lat="-31.7944056" lon="-64.9700133">
      <ele>904.00000</ele>
    </rtept>
    <rtept lat="-31.7944055" lon="-64.9699855">
      <ele>904.00000</ele>
    </rtept>
    <rtept lat="-31.7944055" lon="-64.9699633">
      <ele>904.00000</ele>
    </rtept>
    <rtept lat="-31.7944055" lon="-64.9699356">
      <ele>904.00000</ele>
    </rtept>
    <rtept lat="-31.7944008" lon="-64.9698912">
      <ele>904.00000</ele>
    </rtept>
    <rtept lat="-31.7943961" lon="-64.9698635">
      <ele>904.00000</ele>
    </rtept>
    <rtept lat="-31.7943867" lon="-64.9698302">
      <ele>904.00000</ele>
    </rtept>
    <rtept lat="-31.7943820" lon="-64.9698080">
      <ele>904.00000</ele>
    </rtept>
    <rtept lat="-31.7943725" lon="-64.9697580">
      <ele>904.00000</ele>
    </rtept>
    <rtept lat="-31.7943584" lon="-64.9697247">
      <ele>904.00000</ele>
    </rtept>
    <rtept lat="-31.7943536" lon="-64.9697025">
      <ele>904.00000</ele>
    </rtept>
    <rtept lat="-31.7943489" lon="-64.9696581">
      <ele>904.00000</ele>
    </rtept>
    <rtept lat="-31.7943442" lon="-64.9696248">
      <ele>904.00000</ele>
    </rtept>
    <rtept lat="-31.7943395" lon="-64.9696026">
      <ele>905.00000</ele>
    </rtept>
    <rtept lat="-31.7943206" lon="-64.9695527">
      <ele>905.00000</ele>
    </rtept>
    <rtept lat="-31.7943112" lon="-64.9695305">
      <ele>905.00000</ele>
    </rtept>
    <rtept lat="-31.7942970" lon="-64.9695139">
      <ele>905.00000</ele>
    </rtept>
    <rtept lat="-31.7942687" lon="-64.9694695">
      <ele>905.00000</ele>
    </rtept>
    <rtept lat="-31.7942640" lon="-64.9694639">
      <ele>905.00000</ele>
    </rtept>
    <rtept lat="-31.7942451" lon="-64.9694251">
      <ele>906.00000</ele>
    </rtept>
    <rtept lat="-31.7942404" lon="-64.9694195">
      <ele>906.00000</ele>
    </rtept>
    <rtept lat="-31.7942357" lon="-64.9693807">
      <ele>906.00000</ele>
    </rtept>
    <rtept lat="-31.7942215" lon="-64.9693363">
      <ele>906.00000</ele>
    </rtept>
    <rtept lat="-31.7942121" lon="-64.9693141">
      <ele>907.00000</ele>
    </rtept>
    <rtept lat="-31.7942027" lon="-64.9692919">
      <ele>907.00000</ele>
    </rtept>
    <rtept lat="-31.7941838" lon="-64.9692586">
      <ele>907.00000</ele>
    </rtept>
    <rtept lat="-31.7941649" lon="-64.9692364">
      <ele>907.00000</ele>
    </rtept>
    <rtept lat="-31.7941555" lon="-64.9692253">
      <ele>907.00000</ele>
    </rtept>
    <rtept lat="-31.7941366" lon="-64.9692031">
      <ele>907.00000</ele>
    </rtept>
    <rtept lat="-31.7941319" lon="-64.9691920">
      <ele>908.00000</ele>
    </rtept>
    <rtept lat="-31.7941036" lon="-64.9691698">
      <ele>908.00000</ele>
    </rtept>
    <rtept lat="-31.7940800" lon="-64.9691643">
      <ele>908.00000</ele>
    </rtept>
    <rtept lat="-31.7940612" lon="-64.9691643">
      <ele>908.00000</ele>
    </rtept>
    <rtept lat="-31.7940329" lon="-64.9691643">
      <ele>909.00000</ele>
    </rtept>
    <rtept lat="-31.7940187" lon="-64.9691643">
      <ele>909.00000</ele>
    </rtept>
    <rtept lat="-31.7939951" lon="-64.9691643">
      <ele>909.00000</ele>
    </rtept>
    <rtept lat="-31.7939621" lon="-64.9691532">
      <ele>909.00000</ele>
    </rtept>
    <rtept lat="-31.7939527" lon="-64.9691421">
      <ele>909.00000</ele>
    </rtept>
    <rtept lat="-31.7939432" lon="-64.9691255">
      <ele>910.00000</ele>
    </rtept>
    <rtept lat="-31.7939291" lon="-64.9690977">
      <ele>910.00000</ele>
    </rtept>
    <rtept lat="-31.7939055" lon="-64.9690977">
      <ele>910.00000</ele>
    </rtept>
    <rtept lat="-31.7938772" lon="-64.9690866">
      <ele>911.00000</ele>
    </rtept>
    <rtept lat="-31.7938536" lon="-64.9690755">
      <ele>911.00000</ele>
    </rtept>
    <rtept lat="-31.7938395" lon="-64.9690589">
      <ele>911.00000</ele>
    </rtept>
    <rtept lat="-31.7938206" lon="-64.9690367">
      <ele>912.00000</ele>
    </rtept>
    <rtept lat="-31.7937970" lon="-64.9690311">
      <ele>912.00000</ele>
    </rtept>
    <rtept lat="-31.7937782" lon="-64.9690256">
      <ele>912.00000</ele>
    </rtept>
    <rtept lat="-31.7937499" lon="-64.9690201">
      <ele>912.00000</ele>
    </rtept>
    <rtept lat="-31.7937216" lon="-64.9690201">
      <ele>912.00000</ele>
    </rtept>
    <rtept lat="-31.7936980" lon="-64.9690201">
      <ele>913.00000</ele>
    </rtept>
    <rtept lat="-31.7936791" lon="-64.9690312">
      <ele>913.00000</ele>
    </rtept>
    <rtept lat="-31.7936555" lon="-64.9690367">
      <ele>913.00000</ele>
    </rtept>
    <rtept lat="-31.7936414" lon="-64.9690367">
      <ele>913.00000</ele>
    </rtept>
    <rtept lat="-31.7936225" lon="-64.9690256">
      <ele>913.00000</ele>
    </rtept>
    <rtept lat="-31.7936178" lon="-64.9689979">
      <ele>913.00000</ele>
    </rtept>
    <rtept lat="-31.7936036" lon="-64.9689646">
      <ele>913.00000</ele>
    </rtept>
    <rtept lat="-31.7935895" lon="-64.9689479">
      <ele>913.00000</ele>
    </rtept>
    <rtept lat="-31.7935612" lon="-64.9689146">
      <ele>912.00000</ele>
    </rtept>
    <rtept lat="-31.7935282" lon="-64.9689091">
      <ele>912.00000</ele>
    </rtept>
    <rtept lat="-31.7935046" lon="-64.9688925">
      <ele>912.00000</ele>
    </rtept>
    <rtept lat="-31.7934999" lon="-64.9688703">
      <ele>912.00000</ele>
    </rtept>
    <rtept lat="-31.7934810" lon="-64.9688314">
      <ele>912.00000</ele>
    </rtept>
    <rtept lat="-31.7934480" lon="-64.9688203">
      <ele>912.00000</ele>
    </rtept>
    <rtept lat="-31.7934102" lon="-64.9688148">
      <ele>912.00000</ele>
    </rtept>
    <rtept lat="-31.7933961" lon="-64.9688092">
      <ele>912.00000</ele>
    </rtept>
    <rtept lat="-31.7933867" lon="-64.9687870">
      <ele>912.00000</ele>
    </rtept>
    <rtept lat="-31.7933867" lon="-64.9687704">
      <ele>912.00000</ele>
    </rtept>
    <rtept lat="-31.7933867" lon="-64.9687371">
      <ele>912.00000</ele>
    </rtept>
    <rtept lat="-31.7933772" lon="-64.9687260">
      <ele>912.00000</ele>
    </rtept>
    <rtept lat="-31.7933536" lon="-64.9686927">
      <ele>912.00000</ele>
    </rtept>
    <rtept lat="-31.7933442" lon="-64.9686816">
      <ele>912.00000</ele>
    </rtept>
    <rtept lat="-31.7932635" lon="-64.9685661">
      <ele>912.00000</ele>
    </rtept>
    <rtept lat="-31.7932352" lon="-64.9685606">
      <ele>913.00000</ele>
    </rtept>
    <rtept lat="-31.7932163" lon="-64.9685550">
      <ele>913.00000</ele>
    </rtept>
    <rtept lat="-31.7932069" lon="-64.9685550">
      <ele>913.00000</ele>
    </rtept>
    <rtept lat="-31.7931692" lon="-64.9685495">
      <ele>913.00000</ele>
    </rtept>
    <rtept lat="-31.7931503" lon="-64.9685495">
      <ele>913.00000</ele>
    </rtept>
    <rtept lat="-31.7931361" lon="-64.9685495">
      <ele>913.00000</ele>
    </rtept>
    <rtept lat="-31.7931031" lon="-64.9685550">
      <ele>914.00000</ele>
    </rtept>
    <rtept lat="-31.7930748" lon="-64.9685661">
      <ele>914.00000</ele>
    </rtept>
    <rtept lat="-31.7930654" lon="-64.9685661">
      <ele>914.00000</ele>
    </rtept>
    <rtept lat="-31.7930277" lon="-64.9685828">
      <ele>915.00000</ele>
    </rtept>
    <rtept lat="-31.7930088" lon="-64.9685717">
      <ele>915.00000</ele>
    </rtept>
    <rtept lat="-31.7929852" lon="-64.9685495">
      <ele>915.00000</ele>
    </rtept>
    <rtept lat="-31.7929569" lon="-64.9685107">
      <ele>915.00000</ele>
    </rtept>
    <rtept lat="-31.7929428" lon="-64.9684996">
      <ele>915.00000</ele>
    </rtept>
    <rtept lat="-31.7929192" lon="-64.9684718">
      <ele>915.00000</ele>
    </rtept>
    <rtept lat="-31.7929050" lon="-64.9684718">
      <ele>915.00000</ele>
    </rtept>
    <rtept lat="-31.7928720" lon="-64.9684718">
      <ele>916.00000</ele>
    </rtept>
    <rtept lat="-31.7928531" lon="-64.9684829">
      <ele>916.00000</ele>
    </rtept>
    <rtept lat="-31.7928390" lon="-64.9685051">
      <ele>917.00000</ele>
    </rtept>
    <rtept lat="-31.7928296" lon="-64.9685273">
      <ele>917.00000</ele>
    </rtept>
    <rtept lat="-31.7928248" lon="-64.9685384">
      <ele>917.00000</ele>
    </rtept>
    <rtept lat="-31.7928107" lon="-64.9685551">
      <ele>917.00000</ele>
    </rtept>
    <rtept lat="-31.7927966" lon="-64.9685884">
      <ele>918.00000</ele>
    </rtept>
    <rtept lat="-31.7927777" lon="-64.9685884">
      <ele>918.00000</ele>
    </rtept>
    <rtept lat="-31.7927447" lon="-64.9685995">
      <ele>919.00000</ele>
    </rtept>
    <rtept lat="-31.7927211" lon="-64.9685828">
      <ele>919.00000</ele>
    </rtept>
    <rtept lat="-31.7927164" lon="-64.9685717">
      <ele>919.00000</ele>
    </rtept>
    <rtept lat="-31.7927022" lon="-64.9685551">
      <ele>920.00000</ele>
    </rtept>
    <rtept lat="-31.7926928" lon="-64.9685329">
      <ele>920.00000</ele>
    </rtept>
    <rtept lat="-31.7926739" lon="-64.9684940">
      <ele>919.00000</ele>
    </rtept>
    <rtept lat="-31.7926598" lon="-64.9684497">
      <ele>919.00000</ele>
    </rtept>
    <rtept lat="-31.7926362" lon="-64.9683997">
      <ele>919.00000</ele>
    </rtept>
    <rtept lat="-31.7926126" lon="-64.9683886">
      <ele>920.00000</ele>
    </rtept>
    <rtept lat="-31.7925984" lon="-64.9683831">
      <ele>920.00000</ele>
    </rtept>
    <rtept lat="-31.7925701" lon="-64.9683664">
      <ele>920.00000</ele>
    </rtept>
    <rtept lat="-31.7925560" lon="-64.9683553">
      <ele>920.00000</ele>
    </rtept>
    <rtept lat="-31.7925277" lon="-64.9683387">
      <ele>921.00000</ele>
    </rtept>
    <rtept lat="-31.7925135" lon="-64.9683220">
      <ele>921.00000</ele>
    </rtept>
    <rtept lat="-31.7924994" lon="-64.9682943">
      <ele>921.00000</ele>
    </rtept>
    <rtept lat="-31.7924852" lon="-64.9682666">
      <ele>921.00000</ele>
    </rtept>
    <rtept lat="-31.7924664" lon="-64.9682499">
      <ele>921.00000</ele>
    </rtept>
    <rtept lat="-31.7924475" lon="-64.9682499">
      <ele>921.00000</ele>
    </rtept>
    <rtept lat="-31.7924286" lon="-64.9682444">
      <ele>922.00000</ele>
    </rtept>
    <rtept lat="-31.7924050" lon="-64.9682333">
      <ele>922.00000</ele>
    </rtept>
    <rtept lat="-31.7923815" lon="-64.9682277">
      <ele>922.00000</ele>
    </rtept>
    <rtept lat="-31.7923579" lon="-64.9682166">
      <ele>923.00000</ele>
    </rtept>
    <rtept lat="-31.7923343" lon="-64.9681889">
      <ele>923.00000</ele>
    </rtept>
    <rtept lat="-31.7923154" lon="-64.9681722">
      <ele>923.00000</ele>
    </rtept>
    <rtept lat="-31.7923013" lon="-64.9681334">
      <ele>923.00000</ele>
    </rtept>
    <rtept lat="-31.7922871" lon="-64.9681112">
      <ele>923.00000</ele>
    </rtept>
    <rtept lat="-31.7922682" lon="-64.9680946">
      <ele>924.00000</ele>
    </rtept>
    <rtept lat="-31.7922682" lon="-64.9680779">
      <ele>924.00000</ele>
    </rtept>
    <rtept lat="-31.7922541" lon="-64.9680502">
      <ele>924.00000</ele>
    </rtept>
    <rtept lat="-31.7922352" lon="-64.9680335">
      <ele>924.00000</ele>
    </rtept>
    <rtept lat="-31.7922069" lon="-64.9680169">
      <ele>924.00000</ele>
    </rtept>
    <rtept lat="-31.7921975" lon="-64.9680113">
      <ele>924.00000</ele>
    </rtept>
    <rtept lat="-31.7921692" lon="-64.9679947">
      <ele>924.00000</ele>
    </rtept>
    <rtept lat="-31.7921409" lon="-64.9679836">
      <ele>925.00000</ele>
    </rtept>
    <rtept lat="-31.7921315" lon="-64.9679725">
      <ele>925.00000</ele>
    </rtept>
    <rtept lat="-31.7921079" lon="-64.9679559">
      <ele>925.00000</ele>
    </rtept>
    <rtept lat="-31.7920890" lon="-64.9679448">
      <ele>925.00000</ele>
    </rtept>
    <rtept lat="-31.7920749" lon="-64.9679281">
      <ele>925.00000</ele>
    </rtept>
    <rtept lat="-31.7920560" lon="-64.9679004">
      <ele>925.00000</ele>
    </rtept>
    <rtept lat="-31.7920465" lon="-64.9678782">
      <ele>925.00000</ele>
    </rtept>
    <rtept lat="-31.7920371" lon="-64.9678560">
      <ele>925.00000</ele>
    </rtept>
    <rtept lat="-31.7920182" lon="-64.9678338">
      <ele>925.00000</ele>
    </rtept>
    <rtept lat="-31.7920041" lon="-64.9678227">
      <ele>926.00000</ele>
    </rtept>
    <rtept lat="-31.7919852" lon="-64.9678005">
      <ele>926.00000</ele>
    </rtept>
    <rtept lat="-31.7919711" lon="-64.9677839">
      <ele>926.00000</ele>
    </rtept>
    <rtept lat="-31.7919381" lon="-64.9677561">
      <ele>926.00000</ele>
    </rtept>
    <rtept lat="-31.7919192" lon="-64.9677339">
      <ele>926.00000</ele>
    </rtept>
    <rtept lat="-31.7918956" lon="-64.9677117">
      <ele>927.00000</ele>
    </rtept>
    <rtept lat="-31.7918720" lon="-64.9676840">
      <ele>927.00000</ele>
    </rtept>
    <rtept lat="-31.7918720" lon="-64.9676618">
      <ele>926.00000</ele>
    </rtept>
    <rtept lat="-31.7918673" lon="-64.9676396">
      <ele>926.00000</ele>
    </rtept>
    <rtept lat="-31.7918579" lon="-64.9676119">
      <ele>926.00000</ele>
    </rtept>
    <rtept lat="-31.7918437" lon="-64.9675897">
      <ele>926.00000</ele>
    </rtept>
    <rtept lat="-31.7918248" lon="-64.9675786">
      <ele>926.00000</ele>
    </rtept>
    <rtept lat="-31.7918013" lon="-64.9675730">
      <ele>926.00000</ele>
    </rtept>
    <rtept lat="-31.7917871" lon="-64.9675675">
      <ele>926.00000</ele>
    </rtept>
    <rtept lat="-31.7917588" lon="-64.9675508">
      <ele>926.00000</ele>
    </rtept>
    <rtept lat="-31.7917447" lon="-64.9675286">
      <ele>926.00000</ele>
    </rtept>
    <rtept lat="-31.7917258" lon="-64.9674953">
      <ele>926.00000</ele>
    </rtept>
    <rtept lat="-31.7917116" lon="-64.9674842">
      <ele>926.00000</ele>
    </rtept>
    <rtept lat="-31.7916975" lon="-64.9674732">
      <ele>926.00000</ele>
    </rtept>
    <rtept lat="-31.7916645" lon="-64.9674621">
      <ele>926.00000</ele>
    </rtept>
    <rtept lat="-31.7916597" lon="-64.9674565">
      <ele>926.00000</ele>
    </rtept>
    <rtept lat="-31.7916314" lon="-64.9674343">
      <ele>927.00000</ele>
    </rtept>
    <rtept lat="-31.7916126" lon="-64.9674177">
      <ele>927.00000</ele>
    </rtept>
    <rtept lat="-31.7915937" lon="-64.9673899">
      <ele>927.00000</ele>
    </rtept>
    <rtept lat="-31.7915890" lon="-64.9673677">
      <ele>927.00000</ele>
    </rtept>
    <rtept lat="-31.7915984" lon="-64.9673400">
      <ele>926.00000</ele>
    </rtept>
    <rtept lat="-31.7916126" lon="-64.9673344">
      <ele>926.00000</ele>
    </rtept>
    <rtept lat="-31.7916361" lon="-64.9673344">
      <ele>926.00000</ele>
    </rtept>
    <rtept lat="-31.7916503" lon="-64.9673289">
      <ele>926.00000</ele>
    </rtept>
    <rtept lat="-31.7916739" lon="-64.9672845">
      <ele>925.00000</ele>
    </rtept>
    <rtept lat="-31.7916833" lon="-64.9672567">
      <ele>925.00000</ele>
    </rtept>
    <rtept lat="-31.7916880" lon="-64.9672345">
      <ele>924.00000</ele>
    </rtept>
    <rtept lat="-31.7916927" lon="-64.9672234">
      <ele>924.00000</ele>
    </rtept>
    <rtept lat="-31.7917022" lon="-64.9671735">
      <ele>923.00000</ele>
    </rtept>
    <rtept lat="-31.7916927" lon="-64.9671458">
      <ele>923.00000</ele>
    </rtept>
    <rtept lat="-31.7916644" lon="-64.9671291">
      <ele>924.00000</ele>
    </rtept>
    <rtept lat="-31.7916456" lon="-64.9671236">
      <ele>924.00000</ele>
    </rtept>
    <rtept lat="-31.7916267" lon="-64.9671125">
      <ele>924.00000</ele>
    </rtept>
    <rtept lat="-31.7916173" lon="-64.9670958">
      <ele>924.00000</ele>
    </rtept>
    <rtept lat="-31.7916031" lon="-64.9670736">
      <ele>924.00000</ele>
    </rtept>
    <rtept lat="-31.7915842" lon="-64.9670570">
      <ele>924.00000</ele>
    </rtept>
    <rtept lat="-31.7915748" lon="-64.9670514">
      <ele>924.00000</ele>
    </rtept>
    <rtept lat="-31.7915465" lon="-64.9670459">
      <ele>925.00000</ele>
    </rtept>
    <rtept lat="-31.7915135" lon="-64.9670293">
      <ele>925.00000</ele>
    </rtept>
    <rtept lat="-31.7914946" lon="-64.9670237">
      <ele>925.00000</ele>
    </rtept>
    <rtept lat="-31.7914805" lon="-64.9670071">
      <ele>926.00000</ele>
    </rtept>
    <rtept lat="-31.7914663" lon="-64.9669738">
      <ele>925.00000</ele>
    </rtept>
    <rtept lat="-31.7914805" lon="-64.9669627">
      <ele>925.00000</ele>
    </rtept>
    <rtept lat="-31.7915088" lon="-64.9669571">
      <ele>924.00000</ele>
    </rtept>
    <rtept lat="-31.7915371" lon="-64.9669460">
      <ele>924.00000</ele>
    </rtept>
    <rtept lat="-31.7915512" lon="-64.9669460">
      <ele>924.00000</ele>
    </rtept>
    <rtept lat="-31.7915795" lon="-64.9669238">
      <ele>923.00000</ele>
    </rtept>
    <rtept lat="-31.7915937" lon="-64.9669072">
      <ele>923.00000</ele>
    </rtept>
    <rtept lat="-31.7916078" lon="-64.9668850">
      <ele>922.00000</ele>
    </rtept>
    <rtept lat="-31.7916172" lon="-64.9668628">
      <ele>922.00000</ele>
    </rtept>
    <rtept lat="-31.7916219" lon="-64.9668295">
      <ele>922.00000</ele>
    </rtept>
    <rtept lat="-31.7916455" lon="-64.9668184">
      <ele>921.00000</ele>
    </rtept>
    <rtept lat="-31.7916597" lon="-64.9668073">
      <ele>921.00000</ele>
    </rtept>
    <rtept lat="-31.7916785" lon="-64.9667851">
      <ele>921.00000</ele>
    </rtept>
    <rtept lat="-31.7916927" lon="-64.9667518">
      <ele>920.00000</ele>
    </rtept>
    <rtept lat="-31.7917021" lon="-64.9667240">
      <ele>920.00000</ele>
    </rtept>
    <rtept lat="-31.7917304" lon="-64.9667185">
      <ele>920.00000</ele>
    </rtept>
    <rtept lat="-31.7917540" lon="-64.9667185">
      <ele>919.00000</ele>
    </rtept>
    <rtept lat="-31.7917823" lon="-64.9667185">
      <ele>919.00000</ele>
    </rtept>
    <rtept lat="-31.7918012" lon="-64.9667185">
      <ele>918.00000</ele>
    </rtept>
    <rtept lat="-31.7918153" lon="-64.9667074">
      <ele>918.00000</ele>
    </rtept>
    <rtept lat="-31.7918200" lon="-64.9666852">
      <ele>918.00000</ele>
    </rtept>
    <rtept lat="-31.7918247" lon="-64.9666352">
      <ele>918.00000</ele>
    </rtept>
    <rtept lat="-31.7918294" lon="-64.9666130">
      <ele>918.00000</ele>
    </rtept>
    <rtept lat="-31.7918483" lon="-64.9665964">
      <ele>917.00000</ele>
    </rtept>
    <rtept lat="-31.7918625" lon="-64.9665742">
      <ele>917.00000</ele>
    </rtept>
    <rtept lat="-31.7918813" lon="-64.9665575">
      <ele>917.00000</ele>
    </rtept>
    <rtept lat="-31.7919049" lon="-64.9665520">
      <ele>916.00000</ele>
    </rtept>
    <rtept lat="-31.7919285" lon="-64.9665520">
      <ele>916.00000</ele>
    </rtept>
    <rtept lat="-31.7919426" lon="-64.9665631">
      <ele>916.00000</ele>
    </rtept>
    <rtept lat="-31.7919521" lon="-64.9665742">
      <ele>915.00000</ele>
    </rtept>
    <rtept lat="-31.7919804" lon="-64.9666019">
      <ele>915.00000</ele>
    </rtept>
    <rtept lat="-31.7919898" lon="-64.9666019">
      <ele>915.00000</ele>
    </rtept>
    <rtept lat="-31.7920228" lon="-64.9666019">
      <ele>915.00000</ele>
    </rtept>
    <rtept lat="-31.7920417" lon="-64.9666130">
      <ele>915.00000</ele>
    </rtept>
    <rtept lat="-31.7920606" lon="-64.9666352">
      <ele>915.00000</ele>
    </rtept>
    <rtept lat="-31.7920841" lon="-64.9666574">
      <ele>914.00000</ele>
    </rtept>
    <rtept lat="-31.7920983" lon="-64.9666629">
      <ele>914.00000</ele>
    </rtept>
    <rtept lat="-31.7921266" lon="-64.9666629">
      <ele>914.00000</ele>
    </rtept>
    <rtept lat="-31.7921549" lon="-64.9666518">
      <ele>914.00000</ele>
    </rtept>
    <rtept lat="-31.7921690" lon="-64.9665908">
      <ele>914.00000</ele>
    </rtept>
    <rtept lat="-31.7921832" lon="-64.9665741">
      <ele>914.00000</ele>
    </rtept>
    <rtept lat="-31.7922020" lon="-64.9665630">
      <ele>914.00000</ele>
    </rtept>
    <rtept lat="-31.7922162" lon="-64.9665575">
      <ele>914.00000</ele>
    </rtept>
    <rtept lat="-31.7922445" lon="-64.9665519">
      <ele>914.00000</ele>
    </rtept>
    <rtept lat="-31.7922634" lon="-64.9665353">
      <ele>914.00000</ele>
    </rtept>
    <rtept lat="-31.7922634" lon="-64.9665131">
      <ele>914.00000</ele>
    </rtept>
    <rtept lat="-31.7922492" lon="-64.9664853">
      <ele>914.00000</ele>
    </rtept>
    <rtept lat="-31.7922445" lon="-64.9664687">
      <ele>914.00000</ele>
    </rtept>
    <rtept lat="-31.7922303" lon="-64.9664409">
      <ele>914.00000</ele>
    </rtept>
    <rtept lat="-31.7922162" lon="-64.9664187">
      <ele>914.00000</ele>
    </rtept>
    <rtept lat="-31.7922020" lon="-64.9663799">
      <ele>914.00000</ele>
    </rtept>
    <rtept lat="-31.7921926" lon="-64.9663466">
      <ele>914.00000</ele>
    </rtept>
    <rtept lat="-31.7921784" lon="-64.9663244">
      <ele>914.00000</ele>
    </rtept>
    <rtept lat="-31.7921737" lon="-64.9662911">
      <ele>914.00000</ele>
    </rtept>
    <rtept lat="-31.7921643" lon="-64.9662745">
      <ele>915.00000</ele>
    </rtept>
    <rtept lat="-31.7921501" lon="-64.9662356">
      <ele>915.00000</ele>
    </rtept>
    <rtept lat="-31.7921501" lon="-64.9662245">
      <ele>915.00000</ele>
    </rtept>
    <rtept lat="-31.7921501" lon="-64.9661912">
      <ele>915.00000</ele>
    </rtept>
    <rtept lat="-31.7921454" lon="-64.9661579">
      <ele>915.00000</ele>
    </rtept>
    <rtept lat="-31.7921312" lon="-64.9661413">
      <ele>915.00000</ele>
    </rtept>
    <rtept lat="-31.7921312" lon="-64.9661191">
      <ele>915.00000</ele>
    </rtept>
    <rtept lat="-31.7921454" lon="-64.9660914">
      <ele>916.00000</ele>
    </rtept>
    <rtept lat="-31.7921737" lon="-64.9660747">
      <ele>916.00000</ele>
    </rtept>
    <rtept lat="-31.7921831" lon="-64.9660636">
      <ele>916.00000</ele>
    </rtept>
    <rtept lat="-31.7922067" lon="-64.9660470">
      <ele>916.00000</ele>
    </rtept>
    <rtept lat="-31.7922256" lon="-64.9660303">
      <ele>916.00000</ele>
    </rtept>
    <rtept lat="-31.7922491" lon="-64.9660026">
      <ele>916.00000</ele>
    </rtept>
    <rtept lat="-31.7922680" lon="-64.9659859">
      <ele>916.00000</ele>
    </rtept>
    <rtept lat="-31.7922916" lon="-64.9659693">
      <ele>917.00000</ele>
    </rtept>
    <rtept lat="-31.7923057" lon="-64.9659637">
      <ele>917.00000</ele>
    </rtept>
    <rtept lat="-31.7923388" lon="-64.9659470">
      <ele>917.00000</ele>
    </rtept>
    <rtept lat="-31.7923671" lon="-64.9659415">
      <ele>918.00000</ele>
    </rtept>
    <rtept lat="-31.7923812" lon="-64.9659248">
      <ele>918.00000</ele>
    </rtept>
    <rtept lat="-31.7923906" lon="-64.9659026">
      <ele>918.00000</ele>
    </rtept>
    <rtept lat="-31.7924001" lon="-64.9658804">
      <ele>918.00000</ele>
    </rtept>
    <rtept lat="-31.7924095" lon="-64.9658471">
      <ele>918.00000</ele>
    </rtept>
    <rtept lat="-31.7924284" lon="-64.9658083">
      <ele>919.00000</ele>
    </rtept>
    <rtept lat="-31.7924378" lon="-64.9657639">
      <ele>919.00000</ele>
    </rtept>
    <rtept lat="-31.7924519" lon="-64.9657417">
      <ele>919.00000</ele>
    </rtept>
    <rtept lat="-31.7924519" lon="-64.9657306">
      <ele>918.00000</ele>
    </rtept>
    <rtept lat="-31.7924708" lon="-64.9657029">
      <ele>918.00000</ele>
    </rtept>
    <rtept lat="-31.7924944" lon="-64.9656696">
      <ele>918.00000</ele>
    </rtept>
    <rtept lat="-31.7925085" lon="-64.9656585">
      <ele>918.00000</ele>
    </rtept>
    <rtept lat="-31.7925368" lon="-64.9656418">
      <ele>919.00000</ele>
    </rtept>
    <rtept lat="-31.7925651" lon="-64.9656252">
      <ele>919.00000</ele>
    </rtept>
    <rtept lat="-31.7925745" lon="-64.9656085">
      <ele>919.00000</ele>
    </rtept>
    <rtept lat="-31.7925887" lon="-64.9655808">
      <ele>919.00000</ele>
    </rtept>
    <rtept lat="-31.7926075" lon="-64.9655475">
      <ele>919.00000</ele>
    </rtept>
    <rtept lat="-31.7926170" lon="-64.9655197">
      <ele>919.00000</ele>
    </rtept>
    <rtept lat="-31.7926264" lon="-64.9655086">
      <ele>919.00000</ele>
    </rtept>
    <rtept lat="-31.7926453" lon="-64.9654753">
      <ele>920.00000</ele>
    </rtept>
    <rtept lat="-31.7926594" lon="-64.9654476">
      <ele>920.00000</ele>
    </rtept>
    <rtept lat="-31.7926594" lon="-64.9654420">
      <ele>920.00000</ele>
    </rtept>
    <rtept lat="-31.7926641" lon="-64.9653976">
      <ele>919.00000</ele>
    </rtept>
    <rtept lat="-31.7926641" lon="-64.9653754">
      <ele>919.00000</ele>
    </rtept>
    <rtept lat="-31.7926453" lon="-64.9653421">
      <ele>919.00000</ele>
    </rtept>
    <rtept lat="-31.7926311" lon="-64.9653144">
      <ele>918.00000</ele>
    </rtept>
    <rtept lat="-31.7926169" lon="-64.9652922">
      <ele>918.00000</ele>
    </rtept>
    <rtept lat="-31.7926169" lon="-64.9652478">
      <ele>918.00000</ele>
    </rtept>
    <rtept lat="-31.7926122" lon="-64.9652367">
      <ele>917.00000</ele>
    </rtept>
    <rtept lat="-31.7926028" lon="-64.9652090">
      <ele>917.00000</ele>
    </rtept>
    <rtept lat="-31.7926028" lon="-64.9651812">
      <ele>917.00000</ele>
    </rtept>
    <rtept lat="-31.7925886" lon="-64.9651424">
      <ele>917.00000</ele>
    </rtept>
    <rtept lat="-31.7925698" lon="-64.9651091">
      <ele>917.00000</ele>
    </rtept>
    <rtept lat="-31.7925603" lon="-64.9650924">
      <ele>917.00000</ele>
    </rtept>
    <rtept lat="-31.7925462" lon="-64.9650647">
      <ele>917.00000</ele>
    </rtept>
    <rtept lat="-31.7925320" lon="-64.9650425">
      <ele>917.00000</ele>
    </rtept>
    <rtept lat="-31.7925273" lon="-64.9650314">
      <ele>917.00000</ele>
    </rtept>
    <rtept lat="-31.7925226" lon="-64.9649926">
      <ele>917.00000</ele>
    </rtept>
    <rtept lat="-31.7925179" lon="-64.9649704">
      <ele>917.00000</ele>
    </rtept>
    <rtept lat="-31.7925084" lon="-64.9649482">
      <ele>917.00000</ele>
    </rtept>
    <rtept lat="-31.7924896" lon="-64.9649038">
      <ele>917.00000</ele>
    </rtept>
    <rtept lat="-31.7924707" lon="-64.9648816">
      <ele>917.00000</ele>
    </rtept>
    <rtept lat="-31.7924518" lon="-64.9648538">
      <ele>917.00000</ele>
    </rtept>
    <rtept lat="-31.7924424" lon="-64.9648261">
      <ele>917.00000</ele>
    </rtept>
    <rtept lat="-31.7924329" lon="-64.9647928">
      <ele>918.00000</ele>
    </rtept>
    <rtept lat="-31.7924141" lon="-64.9647706">
      <ele>918.00000</ele>
    </rtept>
    <rtept lat="-31.7924046" lon="-64.9647595">
      <ele>918.00000</ele>
    </rtept>
    <rtept lat="-31.7923763" lon="-64.9647429">
      <ele>917.00000</ele>
    </rtept>
    <rtept lat="-31.7923433" lon="-64.9647262">
      <ele>917.00000</ele>
    </rtept>
    <rtept lat="-31.7923197" lon="-64.9647096">
      <ele>917.00000</ele>
    </rtept>
    <rtept lat="-31.7923056" lon="-64.9646874">
      <ele>917.00000</ele>
    </rtept>
    <rtept lat="-31.7923009" lon="-64.9646596">
      <ele>917.00000</ele>
    </rtept>
    <rtept lat="-31.7923065" lon="-64.9645371">
      <ele>917.00000</ele>
    </rtept>
    <rtept lat="-31.7923065" lon="-64.9645093">
      <ele>917.00000</ele>
    </rtept>
    <rtept lat="-31.7923018" lon="-64.9644649">
      <ele>917.00000</ele>
    </rtept>
    <rtept lat="-31.7923018" lon="-64.9644483">
      <ele>917.00000</ele>
    </rtept>
    <rtept lat="-31.7923018" lon="-64.9643983">
      <ele>917.00000</ele>
    </rtept>
    <rtept lat="-31.7923018" lon="-64.9643706">
      <ele>917.00000</ele>
    </rtept>
    <rtept lat="-31.7923018" lon="-64.9643484">
      <ele>917.00000</ele>
    </rtept>
    <rtept lat="-31.7923018" lon="-64.9643151">
      <ele>917.00000</ele>
    </rtept>
    <rtept lat="-31.7922876" lon="-64.9642873">
      <ele>917.00000</ele>
    </rtept>
    <rtept lat="-31.7922688" lon="-64.9642652">
      <ele>917.00000</ele>
    </rtept>
    <rtept lat="-31.7922593" lon="-64.9642596">
      <ele>917.00000</ele>
    </rtept>
    <rtept lat="-31.7922405" lon="-64.9642541">
      <ele>917.00000</ele>
    </rtept>
    <rtept lat="-31.7922169" lon="-64.9642430">
      <ele>917.00000</ele>
    </rtept>
    <rtept lat="-31.7921839" lon="-64.9642263">
      <ele>916.00000</ele>
    </rtept>
    <rtept lat="-31.7921556" lon="-64.9642208">
      <ele>915.00000</ele>
    </rtept>
    <rtept lat="-31.7921414" lon="-64.9642097">
      <ele>915.00000</ele>
    </rtept>
    <rtept lat="-31.7921367" lon="-64.9641764">
      <ele>914.00000</ele>
    </rtept>
    <rtept lat="-31.7921273" lon="-64.9641486">
      <ele>914.00000</ele>
    </rtept>
    <rtept lat="-31.7921084" lon="-64.9641320">
      <ele>914.00000</ele>
    </rtept>
    <rtept lat="-31.7920801" lon="-64.9641098">
      <ele>913.00000</ele>
    </rtept>
    <rtept lat="-31.7920518" lon="-64.9640987">
      <ele>913.00000</ele>
    </rtept>
    <rtept lat="-31.7920424" lon="-64.9640821">
      <ele>913.00000</ele>
    </rtept>
    <rtept lat="-31.7920329" lon="-64.9640543">
      <ele>913.00000</ele>
    </rtept>
    <rtept lat="-31.7920188" lon="-64.9640044">
      <ele>914.00000</ele>
    </rtept>
    <rtept lat="-31.7920093" lon="-64.9639822">
      <ele>915.00000</ele>
    </rtept>
    <rtept lat="-31.7919952" lon="-64.9639545">
      <ele>915.00000</ele>
    </rtept>
    <rtept lat="-31.7919857" lon="-64.9639434">
      <ele>915.00000</ele>
    </rtept>
    <rtept lat="-31.7919669" lon="-64.9639212">
      <ele>916.00000</ele>
    </rtept>
    <rtept lat="-31.7919386" lon="-64.9639045">
      <ele>916.00000</ele>
    </rtept>
    <rtept lat="-31.7919150" lon="-64.9638879">
      <ele>917.00000</ele>
    </rtept>
    <rtept lat="-31.7919055" lon="-64.9638823">
      <ele>917.00000</ele>
    </rtept>
    <rtept lat="-31.7918678" lon="-64.9638768">
      <ele>918.00000</ele>
    </rtept>
    <rtept lat="-31.7918254" lon="-64.9638768">
      <ele>918.00000</ele>
    </rtept>
    <rtept lat="-31.7917971" lon="-64.9638768">
      <ele>918.00000</ele>
    </rtept>
    <rtept lat="-31.7917735" lon="-64.9638768">
      <ele>918.00000</ele>
    </rtept>
    <rtept lat="-31.7917688" lon="-64.9638824">
      <ele>918.00000</ele>
    </rtept>
    <rtept lat="-31.7917310" lon="-64.9638824">
      <ele>918.00000</ele>
    </rtept>
    <rtept lat="-31.7917122" lon="-64.9638824">
      <ele>918.00000</ele>
    </rtept>
    <rtept lat="-31.7916839" lon="-64.9638546">
      <ele>920.00000</ele>
    </rtept>
    <rtept lat="-31.7916650" lon="-64.9638435">
      <ele>920.00000</ele>
    </rtept>
    <rtept lat="-31.7916414" lon="-64.9638269">
      <ele>921.00000</ele>
    </rtept>
    <rtept lat="-31.7916320" lon="-64.9638102">
      <ele>922.00000</ele>
    </rtept>
    <rtept lat="-31.7916131" lon="-64.9637992">
      <ele>923.00000</ele>
    </rtept>
    <rtept lat="-31.7915895" lon="-64.9637936">
      <ele>923.00000</ele>
    </rtept>
    <rtept lat="-31.7915754" lon="-64.9637881">
      <ele>924.00000</ele>
    </rtept>
    <rtept lat="-31.7915471" lon="-64.9637825">
      <ele>924.00000</ele>
    </rtept>
    <rtept lat="-31.7915235" lon="-64.9637770">
      <ele>924.00000</ele>
    </rtept>
    <rtept lat="-31.7914952" lon="-64.9637770">
      <ele>925.00000</ele>
    </rtept>
    <rtept lat="-31.7914716" lon="-64.9637770">
      <ele>925.00000</ele>
    </rtept>
    <rtept lat="-31.7914480" lon="-64.9637770">
      <ele>925.00000</ele>
    </rtept>
    <rtept lat="-31.7914244" lon="-64.9637770">
      <ele>926.00000</ele>
    </rtept>
    <rtept lat="-31.7914056" lon="-64.9637770">
      <ele>926.00000</ele>
    </rtept>
    <rtept lat="-31.7913820" lon="-64.9637825">
      <ele>926.00000</ele>
    </rtept>
    <rtept lat="-31.7913537" lon="-64.9637881">
      <ele>925.00000</ele>
    </rtept>
    <rtept lat="-31.7913348" lon="-64.9637881">
      <ele>925.00000</ele>
    </rtept>
    <rtept lat="-31.7913160" lon="-64.9637770">
      <ele>925.00000</ele>
    </rtept>
    <rtept lat="-31.7912924" lon="-64.9637548">
      <ele>925.00000</ele>
    </rtept>
    <rtept lat="-31.7912782" lon="-64.9637382">
      <ele>925.00000</ele>
    </rtept>
    <rtept lat="-31.7912688" lon="-64.9637326">
      <ele>925.00000</ele>
    </rtept>
    <rtept lat="-31.7912405" lon="-64.9637160">
      <ele>925.00000</ele>
    </rtept>
    <rtept lat="-31.7912169" lon="-64.9637104">
      <ele>924.00000</ele>
    </rtept>
    <rtept lat="-31.7911839" lon="-64.9636993">
      <ele>924.00000</ele>
    </rtept>
    <rtept lat="-31.7911650" lon="-64.9636883">
      <ele>924.00000</ele>
    </rtept>
    <rtept lat="-31.7911509" lon="-64.9636883">
      <ele>924.00000</ele>
    </rtept>
    <rtept lat="-31.7911320" lon="-64.9636827">
      <ele>923.00000</ele>
    </rtept>
    <rtept lat="-31.7911084" lon="-64.9636550">
      <ele>923.00000</ele>
    </rtept>
    <rtept lat="-31.7911084" lon="-64.9636439">
      <ele>923.00000</ele>
    </rtept>
    <rtept lat="-31.7911037" lon="-64.9635939">
      <ele>923.00000</ele>
    </rtept>
    <rtept lat="-31.7910848" lon="-64.9635606">
      <ele>923.00000</ele>
    </rtept>
    <rtept lat="-31.7910660" lon="-64.9635274">
      <ele>923.00000</ele>
    </rtept>
    <rtept lat="-31.7910471" lon="-64.9635052">
      <ele>923.00000</ele>
    </rtept>
    <rtept lat="-31.7910282" lon="-64.9634830">
      <ele>923.00000</ele>
    </rtept>
    <rtept lat="-31.7910046" lon="-64.9634552">
      <ele>923.00000</ele>
    </rtept>
    <rtept lat="-31.7909858" lon="-64.9634330">
      <ele>923.00000</ele>
    </rtept>
    <rtept lat="-31.7909669" lon="-64.9634164">
      <ele>923.00000</ele>
    </rtept>
    <rtept lat="-31.7909480" lon="-64.9633997">
      <ele>923.00000</ele>
    </rtept>
    <rtept lat="-31.7909480" lon="-64.9633831">
      <ele>923.00000</ele>
    </rtept>
    <rtept lat="-31.7909480" lon="-64.9633443">
      <ele>923.00000</ele>
    </rtept>
    <rtept lat="-31.7909480" lon="-64.9633110">
      <ele>923.00000</ele>
    </rtept>
    <rtept lat="-31.7909433" lon="-64.9632555">
      <ele>923.00000</ele>
    </rtept>
    <rtept lat="-31.7909291" lon="-64.9632166">
      <ele>923.00000</ele>
    </rtept>
    <rtept lat="-31.7909244" lon="-64.9632000">
      <ele>923.00000</ele>
    </rtept>
    <rtept lat="-31.7909150" lon="-64.9631667">
      <ele>923.00000</ele>
    </rtept>
    <rtept lat="-31.7909102" lon="-64.9631334">
      <ele>923.00000</ele>
    </rtept>
    <rtept lat="-31.7909055" lon="-64.9631057">
      <ele>923.00000</ele>
    </rtept>
    <rtept lat="-31.7909055" lon="-64.9630613">
      <ele>923.00000</ele>
    </rtept>
    <rtept lat="-31.7909055" lon="-64.9630502">
      <ele>923.00000</ele>
    </rtept>
    <rtept lat="-31.7909008" lon="-64.9629947">
      <ele>923.00000</ele>
    </rtept>
    <rtept lat="-31.7908961" lon="-64.9629725">
      <ele>923.00000</ele>
    </rtept>
    <rtept lat="-31.7908914" lon="-64.9629503">
      <ele>923.00000</ele>
    </rtept>
    <rtept lat="-31.7908772" lon="-64.9629114">
      <ele>922.00000</ele>
    </rtept>
    <rtept lat="-31.7908630" lon="-64.9628893">
      <ele>922.00000</ele>
    </rtept>
    <rtept lat="-31.7908536" lon="-64.9628504">
      <ele>922.00000</ele>
    </rtept>
    <rtept lat="-31.7908442" lon="-64.9628060">
      <ele>922.00000</ele>
    </rtept>
    <rtept lat="-31.7908395" lon="-64.9628005">
      <ele>922.00000</ele>
    </rtept>
    <rtept lat="-31.7908347" lon="-64.9627616">
      <ele>922.00000</ele>
    </rtept>
    <rtept lat="-31.7908347" lon="-64.9627228">
      <ele>922.00000</ele>
    </rtept>
    <rtept lat="-31.7908253" lon="-64.9626839">
      <ele>921.00000</ele>
    </rtept>
    <rtept lat="-31.7908158" lon="-64.9626673">
      <ele>921.00000</ele>
    </rtept>
    <rtept lat="-31.7908017" lon="-64.9626340">
      <ele>921.00000</ele>
    </rtept>
    <rtept lat="-31.7907875" lon="-64.9626063">
      <ele>921.00000</ele>
    </rtept>
    <rtept lat="-31.7907781" lon="-64.9625841">
      <ele>921.00000</ele>
    </rtept>
    <rtept lat="-31.7907734" lon="-64.9625619">
      <ele>921.00000</ele>
    </rtept>
    <rtept lat="-31.7907592" lon="-64.9625397">
      <ele>921.00000</ele>
    </rtept>
    <rtept lat="-31.7907403" lon="-64.9623979">
      <ele>920.00000</ele>
    </rtept>
    <rtept lat="-31.7907308" lon="-64.9623701">
      <ele>920.00000</ele>
    </rtept>
    <rtept lat="-31.7907308" lon="-64.9623424">
      <ele>920.00000</ele>
    </rtept>
    <rtept lat="-31.7907261" lon="-64.9623091">
      <ele>920.00000</ele>
    </rtept>
    <rtept lat="-31.7907120" lon="-64.9622702">
      <ele>920.00000</ele>
    </rtept>
    <rtept lat="-31.7907072" lon="-64.9622425">
      <ele>920.00000</ele>
    </rtept>
    <rtept lat="-31.7907025" lon="-64.9621981">
      <ele>919.00000</ele>
    </rtept>
    <rtept lat="-31.7906978" lon="-64.9621759">
      <ele>919.00000</ele>
    </rtept>
    <rtept lat="-31.7906931" lon="-64.9621482">
      <ele>919.00000</ele>
    </rtept>
    <rtept lat="-31.7906931" lon="-64.9621426">
      <ele>919.00000</ele>
    </rtept>
    <rtept lat="-31.7906836" lon="-64.9620982">
      <ele>919.00000</ele>
    </rtept>
    <rtept lat="-31.7906695" lon="-64.9620816">
      <ele>919.00000</ele>
    </rtept>
    <rtept lat="-31.7906553" lon="-64.9620483">
      <ele>919.00000</ele>
    </rtept>
    <rtept lat="-31.7906459" lon="-64.9620150">
      <ele>918.00000</ele>
    </rtept>
    <rtept lat="-31.7906364" lon="-64.9619817">
      <ele>918.00000</ele>
    </rtept>
    <rtept lat="-31.7906270" lon="-64.9619540">
      <ele>918.00000</ele>
    </rtept>
    <rtept lat="-31.7906176" lon="-64.9619207">
      <ele>918.00000</ele>
    </rtept>
    <rtept lat="-31.7906081" lon="-64.9618929">
      <ele>918.00000</ele>
    </rtept>
    <rtept lat="-31.7906081" lon="-64.9618707">
      <ele>918.00000</ele>
    </rtept>
    <rtept lat="-31.7906081" lon="-64.9618485">
      <ele>918.00000</ele>
    </rtept>
    <rtept lat="-31.7906081" lon="-64.9618041">
      <ele>917.00000</ele>
    </rtept>
    <rtept lat="-31.7906081" lon="-64.9617764">
      <ele>917.00000</ele>
    </rtept>
    <rtept lat="-31.7906081" lon="-64.9617597">
      <ele>917.00000</ele>
    </rtept>
    <rtept lat="-31.7906081" lon="-64.9617153">
      <ele>917.00000</ele>
    </rtept>
    <rtept lat="-31.7906034" lon="-64.9616765">
      <ele>917.00000</ele>
    </rtept>
    <rtept lat="-31.7906034" lon="-64.9616710">
      <ele>917.00000</ele>
    </rtept>
    <rtept lat="-31.7905987" lon="-64.9616488">
      <ele>917.00000</ele>
    </rtept>
    <rtept lat="-31.7905939" lon="-64.9616210">
      <ele>917.00000</ele>
    </rtept>
    <rtept lat="-31.7905751" lon="-64.9615822">
      <ele>917.00000</ele>
    </rtept>
    <rtept lat="-31.7905656" lon="-64.9615655">
      <ele>917.00000</ele>
    </rtept>
    <rtept lat="-31.7905468" lon="-64.9615489">
      <ele>917.00000</ele>
    </rtept>
    <rtept lat="-31.7905185" lon="-64.9615322">
      <ele>917.00000</ele>
    </rtept>
    <rtept lat="-31.7904949" lon="-64.9615156">
      <ele>917.00000</ele>
    </rtept>
    <rtept lat="-31.7904760" lon="-64.9615045">
      <ele>917.00000</ele>
    </rtept>
    <rtept lat="-31.7904619" lon="-64.9614657">
      <ele>917.00000</ele>
    </rtept>
    <rtept lat="-31.7904477" lon="-64.9614435">
      <ele>917.00000</ele>
    </rtept>
    <rtept lat="-31.7904288" lon="-64.9614213">
      <ele>917.00000</ele>
    </rtept>
    <rtept lat="-31.7904052" lon="-64.9613824">
      <ele>916.00000</ele>
    </rtept>
    <rtept lat="-31.7903911" lon="-64.9613714">
      <ele>916.00000</ele>
    </rtept>
    <rtept lat="-31.7903675" lon="-64.9613325">
      <ele>916.00000</ele>
    </rtept>
    <rtept lat="-31.7903392" lon="-64.9613048">
      <ele>916.00000</ele>
    </rtept>
    <rtept lat="-31.7903250" lon="-64.9612826">
      <ele>916.00000</ele>
    </rtept>
    <rtept lat="-31.7903062" lon="-64.9612548">
      <ele>916.00000</ele>
    </rtept>
    <rtept lat="-31.7902920" lon="-64.9612327">
      <ele>916.00000</ele>
    </rtept>
    <rtept lat="-31.7902732" lon="-64.9612216">
      <ele>916.00000</ele>
    </rtept>
    <rtept lat="-31.7902401" lon="-64.9611994">
      <ele>916.00000</ele>
    </rtept>
    <rtept lat="-31.7902260" lon="-64.9611883">
      <ele>916.00000</ele>
    </rtept>
    <rtept lat="-31.7901882" lon="-64.9611716">
      <ele>916.00000</ele>
    </rtept>
    <rtept lat="-31.7901694" lon="-64.9611661">
      <ele>916.00000</ele>
    </rtept>
    <rtept lat="-31.7901364" lon="-64.9611495">
      <ele>916.00000</ele>
    </rtept>
    <rtept lat="-31.7901222" lon="-64.9611328">
      <ele>916.00000</ele>
    </rtept>
    <rtept lat="-31.7900986" lon="-64.9611051">
      <ele>916.00000</ele>
    </rtept>
    <rtept lat="-31.7900798" lon="-64.9610884">
      <ele>916.00000</ele>
    </rtept>
    <rtept lat="-31.7900515" lon="-64.9610718">
      <ele>916.00000</ele>
    </rtept>
    <rtept lat="-31.7900184" lon="-64.9610607">
      <ele>916.00000</ele>
    </rtept>
    <rtept lat="-31.7899996" lon="-64.9610551">
      <ele>916.00000</ele>
    </rtept>
    <rtept lat="-31.7899760" lon="-64.9610496">
      <ele>916.00000</ele>
    </rtept>
    <rtept lat="-31.7899383" lon="-64.9610441">
      <ele>916.00000</ele>
    </rtept>
    <rtept lat="-31.7899100" lon="-64.9610441">
      <ele>916.00000</ele>
    </rtept>
    <rtept lat="-31.7898817" lon="-64.9610441">
      <ele>916.00000</ele>
    </rtept>
    <rtept lat="-31.7898581" lon="-64.9610441">
      <ele>916.00000</ele>
    </rtept>
    <rtept lat="-31.7898345" lon="-64.9610441">
      <ele>916.00000</ele>
    </rtept>
    <rtept lat="-31.7898109" lon="-64.9610441">
      <ele>916.00000</ele>
    </rtept>
    <rtept lat="-31.7897779" lon="-64.9610441">
      <ele>916.00000</ele>
    </rtept>
    <rtept lat="-31.7897543" lon="-64.9610441">
      <ele>916.00000</ele>
    </rtept>
    <rtept lat="-31.7897354" lon="-64.9610386">
      <ele>916.00000</ele>
    </rtept>
    <rtept lat="-31.7897119" lon="-64.9610330">
      <ele>916.00000</ele>
    </rtept>
    <rtept lat="-31.7896788" lon="-64.9610330">
      <ele>916.00000</ele>
    </rtept>
    <rtept lat="-31.7896647" lon="-64.9610330">
      <ele>916.00000</ele>
    </rtept>
    <rtept lat="-31.7896317" lon="-64.9610330">
      <ele>916.00000</ele>
    </rtept>
    <rtept lat="-31.7896128" lon="-64.9610330">
      <ele>916.00000</ele>
    </rtept>
    <rtept lat="-31.7895845" lon="-64.9610330">
      <ele>916.00000</ele>
    </rtept>
    <rtept lat="-31.7895609" lon="-64.9610275">
      <ele>915.00000</ele>
    </rtept>
    <rtept lat="-31.7895279" lon="-64.9610275">
      <ele>915.00000</ele>
    </rtept>
    <rtept lat="-31.7894996" lon="-64.9610220">
      <ele>915.00000</ele>
    </rtept>
    <rtept lat="-31.7894902" lon="-64.9610109">
      <ele>915.00000</ele>
    </rtept>
    <rtept lat="-31.7894619" lon="-64.9609831">
      <ele>915.00000</ele>
    </rtept>
    <rtept lat="-31.7894477" lon="-64.9609554">
      <ele>914.00000</ele>
    </rtept>
    <rtept lat="-31.7894336" lon="-64.9609387">
      <ele>914.00000</ele>
    </rtept>
    <rtept lat="-31.7894194" lon="-64.9609055">
      <ele>914.00000</ele>
    </rtept>
    <rtept lat="-31.7894053" lon="-64.9608888">
      <ele>914.00000</ele>
    </rtept>
    <rtept lat="-31.7893817" lon="-64.9608555">
      <ele>914.00000</ele>
    </rtept>
    <rtept lat="-31.7893722" lon="-64.9608444">
      <ele>914.00000</ele>
    </rtept>
    <rtept lat="-31.7893581" lon="-64.9608222">
      <ele>914.00000</ele>
    </rtept>
    <rtept lat="-31.7893345" lon="-64.9607945">
      <ele>915.00000</ele>
    </rtept>
    <rtept lat="-31.7893109" lon="-64.9607779">
      <ele>915.00000</ele>
    </rtept>
    <rtept lat="-31.7893062" lon="-64.9607612">
      <ele>915.00000</ele>
    </rtept>
    <rtept lat="-31.7892873" lon="-64.9607279">
      <ele>915.00000</ele>
    </rtept>
    <rtept lat="-31.7892732" lon="-64.9607002">
      <ele>915.00000</ele>
    </rtept>
    <rtept lat="-31.7892590" lon="-64.9606780">
      <ele>916.00000</ele>
    </rtept>
    <rtept lat="-31.7892449" lon="-64.9606447">
      <ele>916.00000</ele>
    </rtept>
    <rtept lat="-31.7892401" lon="-64.9606225">
      <ele>916.00000</ele>
    </rtept>
    <rtept lat="-31.7892401" lon="-64.9606003">
      <ele>916.00000</ele>
    </rtept>
    <rtept lat="-31.7892543" lon="-64.9605781">
      <ele>916.00000</ele>
    </rtept>
    <rtept lat="-31.7892543" lon="-64.9605448">
      <ele>916.00000</ele>
    </rtept>
    <rtept lat="-31.7892590" lon="-64.9605171">
      <ele>917.00000</ele>
    </rtept>
    <rtept lat="-31.7892637" lon="-64.9604949">
      <ele>917.00000</ele>
    </rtept>
    <rtept lat="-31.7892873" lon="-64.9604449">
      <ele>918.00000</ele>
    </rtept>
    <rtept lat="-31.7893014" lon="-64.9604449">
      <ele>918.00000</ele>
    </rtept>
    <rtept lat="-31.7893203" lon="-64.9604449">
      <ele>918.00000</ele>
    </rtept>
    <rtept lat="-31.7893533" lon="-64.9604338">
      <ele>919.00000</ele>
    </rtept>
    <rtept lat="-31.7893627" lon="-64.9604338">
      <ele>919.00000</ele>
    </rtept>
    <rtept lat="-31.7893910" lon="-64.9604283">
      <ele>919.00000</ele>
    </rtept>
    <rtept lat="-31.7894146" lon="-64.9604282">
      <ele>919.00000</ele>
    </rtept>
    <rtept lat="-31.7894335" lon="-64.9604282">
      <ele>919.00000</ele>
    </rtept>
    <rtept lat="-31.7894571" lon="-64.9604282">
      <ele>919.00000</ele>
    </rtept>
    <rtept lat="-31.7894759" lon="-64.9604227">
      <ele>919.00000</ele>
    </rtept>
    <rtept lat="-31.7895089" lon="-64.9604171">
      <ele>920.00000</ele>
    </rtept>
    <rtept lat="-31.7895467" lon="-64.9604060">
      <ele>920.00000</ele>
    </rtept>
    <rtept lat="-31.7895703" lon="-64.9604005">
      <ele>920.00000</ele>
    </rtept>
    <rtept lat="-31.7896033" lon="-64.9604005">
      <ele>920.00000</ele>
    </rtept>
    <rtept lat="-31.7896174" lon="-64.9604005">
      <ele>920.00000</ele>
    </rtept>
    <rtept lat="-31.7896504" lon="-64.9604004">
      <ele>920.00000</ele>
    </rtept>
    <rtept lat="-31.7896787" lon="-64.9604004">
      <ele>920.00000</ele>
    </rtept>
    <rtept lat="-31.7897023" lon="-64.9604004">
      <ele>920.00000</ele>
    </rtept>
    <rtept lat="-31.7897306" lon="-64.9604004">
      <ele>920.00000</ele>
    </rtept>
    <rtept lat="-31.7897636" lon="-64.9603949">
      <ele>920.00000</ele>
    </rtept>
    <rtept lat="-31.7897778" lon="-64.9603949">
      <ele>920.00000</ele>
    </rtept>
    <rtept lat="-31.7898108" lon="-64.9603838">
      <ele>919.00000</ele>
    </rtept>
    <rtept lat="-31.7898438" lon="-64.9603671">
      <ele>919.00000</ele>
    </rtept>
    <rtept lat="-31.7898627" lon="-64.9603616">
      <ele>919.00000</ele>
    </rtept>
    <rtept lat="-31.7898957" lon="-64.9603449">
      <ele>918.00000</ele>
    </rtept>
    <rtept lat="-31.7899146" lon="-64.9603338">
      <ele>918.00000</ele>
    </rtept>
    <rtept lat="-31.7899428" lon="-64.9603227">
      <ele>918.00000</ele>
    </rtept>
    <rtept lat="-31.7899617" lon="-64.9603060">
      <ele>918.00000</ele>
    </rtept>
    <rtept lat="-31.7899853" lon="-64.9602894">
      <ele>918.00000</ele>
    </rtept>
    <rtept lat="-31.7899994" lon="-64.9602894">
      <ele>917.00000</ele>
    </rtept>
    <rtept lat="-31.7900183" lon="-64.9602783">
      <ele>918.00000</ele>
    </rtept>
    <rtept lat="-31.7900419" lon="-64.9602727">
      <ele>918.00000</ele>
    </rtept>
    <rtept lat="-31.7900560" lon="-64.9602672">
      <ele>918.00000</ele>
    </rtept>
    <rtept lat="-31.7900938" lon="-64.9602616">
      <ele>918.00000</ele>
    </rtept>
    <rtept lat="-31.7901126" lon="-64.9602561">
      <ele>919.00000</ele>
    </rtept>
    <rtept lat="-31.7901268" lon="-64.9602561">
      <ele>919.00000</ele>
    </rtept>
    <rtept lat="-31.7901456" lon="-64.9602505">
      <ele>919.00000</ele>
    </rtept>
    <rtept lat="-31.7901881" lon="-64.9602450">
      <ele>919.00000</ele>
    </rtept>
    <rtept lat="-31.7902022" lon="-64.9602394">
      <ele>920.00000</ele>
    </rtept>
    <rtept lat="-31.7902258" lon="-64.9602338">
      <ele>920.00000</ele>
    </rtept>
    <rtept lat="-31.7902588" lon="-64.9602283">
      <ele>920.00000</ele>
    </rtept>
    <rtept lat="-31.7902871" lon="-64.9602116">
      <ele>921.00000</ele>
    </rtept>
    <rtept lat="-31.7902966" lon="-64.9601950">
      <ele>921.00000</ele>
    </rtept>
    <rtept lat="-31.7903107" lon="-64.9601617">
      <ele>922.00000</ele>
    </rtept>
    <rtept lat="-31.7903201" lon="-64.9601395">
      <ele>923.00000</ele>
    </rtept>
    <rtept lat="-31.7903296" lon="-64.9601117">
      <ele>924.00000</ele>
    </rtept>
    <rtept lat="-31.7903343" lon="-64.9600785">
      <ele>924.00000</ele>
    </rtept>
    <rtept lat="-31.7903390" lon="-64.9600563">
      <ele>925.00000</ele>
    </rtept>
    <rtept lat="-31.7903531" lon="-64.9600285">
      <ele>925.00000</ele>
    </rtept>
    <rtept lat="-31.7903673" lon="-64.9600063">
      <ele>926.00000</ele>
    </rtept>
    <rtept lat="-31.7903720" lon="-64.9599841">
      <ele>926.00000</ele>
    </rtept>
    <rtept lat="-31.7903861" lon="-64.9599619">
      <ele>927.00000</ele>
    </rtept>
    <rtept lat="-31.7903909" lon="-64.9599508">
      <ele>927.00000</ele>
    </rtept>
    <rtept lat="-31.7904003" lon="-64.9599231">
      <ele>928.00000</ele>
    </rtept>
    <rtept lat="-31.7904097" lon="-64.9598953">
      <ele>928.00000</ele>
    </rtept>
    <rtept lat="-31.7904191" lon="-64.9598676">
      <ele>929.00000</ele>
    </rtept>
    <rtept lat="-31.7904333" lon="-64.9598509">
      <ele>929.00000</ele>
    </rtept>
    <rtept lat="-31.7904427" lon="-64.9598343">
      <ele>929.00000</ele>
    </rtept>
    <rtept lat="-31.7908682" lon="-64.9598175">
      <ele>933.00000</ele>
    </rtept>
    <rtept lat="-31.7910285" lon="-64.9598286">
      <ele>932.00000</ele>
    </rtept>
    <rtept lat="-31.7910474" lon="-64.9598230">
      <ele>932.00000</ele>
    </rtept>
    <rtept lat="-31.7910710" lon="-64.9598119">
      <ele>931.00000</ele>
    </rtept>
    <rtept lat="-31.7911087" lon="-64.9597953">
      <ele>931.00000</ele>
    </rtept>
    <rtept lat="-31.7911417" lon="-64.9597897">
      <ele>931.00000</ele>
    </rtept>
    <rtept lat="-31.7911606" lon="-64.9597897">
      <ele>931.00000</ele>
    </rtept>
    <rtept lat="-31.7911936" lon="-64.9597897">
      <ele>931.00000</ele>
    </rtept>
    <rtept lat="-31.7912219" lon="-64.9597897">
      <ele>931.00000</ele>
    </rtept>
    <rtept lat="-31.7912502" lon="-64.9597897">
      <ele>931.00000</ele>
    </rtept>
    <rtept lat="-31.7912785" lon="-64.9597952">
      <ele>931.00000</ele>
    </rtept>
    <rtept lat="-31.7913162" lon="-64.9598119">
      <ele>931.00000</ele>
    </rtept>
    <rtept lat="-31.7913398" lon="-64.9598230">
      <ele>931.00000</ele>
    </rtept>
    <rtept lat="-31.7913776" lon="-64.9598341">
      <ele>931.00000</ele>
    </rtept>
    <rtept lat="-31.7914011" lon="-64.9598451">
      <ele>931.00000</ele>
    </rtept>
    <rtept lat="-31.7914247" lon="-64.9598451">
      <ele>931.00000</ele>
    </rtept>
    <rtept lat="-31.7914530" lon="-64.9598451">
      <ele>932.00000</ele>
    </rtept>
    <rtept lat="-31.7914625" lon="-64.9598451">
      <ele>932.00000</ele>
    </rtept>
    <rtept lat="-31.7915002" lon="-64.9598451">
      <ele>932.00000</ele>
    </rtept>
    <rtept lat="-31.7915191" lon="-64.9598396">
      <ele>932.00000</ele>
    </rtept>
    <rtept lat="-31.7915474" lon="-64.9598340">
      <ele>933.00000</ele>
    </rtept>
    <rtept lat="-31.7915615" lon="-64.9598340">
      <ele>933.00000</ele>
    </rtept>
    <rtept lat="-31.7915851" lon="-64.9598285">
      <ele>933.00000</ele>
    </rtept>
    <rtept lat="-31.7915945" lon="-64.9598395">
      <ele>933.00000</ele>
    </rtept>
    <rtept lat="-31.7916134" lon="-64.9598784">
      <ele>933.00000</ele>
    </rtept>
    <rtept lat="-31.7916228" lon="-64.9598895">
      <ele>933.00000</ele>
    </rtept>
    <rtept lat="-31.7916370" lon="-64.9599061">
      <ele>934.00000</ele>
    </rtept>
    <rtept lat="-31.7916606" lon="-64.9599283">
      <ele>934.00000</ele>
    </rtept>
    <rtept lat="-31.7916747" lon="-64.9599505">
      <ele>934.00000</ele>
    </rtept>
    <rtept lat="-31.7916747" lon="-64.9599783">
      <ele>934.00000</ele>
    </rtept>
    <rtept lat="-31.7916747" lon="-64.9600227">
      <ele>934.00000</ele>
    </rtept>
    <rtept lat="-31.7916747" lon="-64.9600504">
      <ele>934.00000</ele>
    </rtept>
    <rtept lat="-31.7916747" lon="-64.9600670">
      <ele>934.00000</ele>
    </rtept>
    <rtept lat="-31.7916747" lon="-64.9600892">
      <ele>934.00000</ele>
    </rtept>
    <rtept lat="-31.7916889" lon="-64.9601447">
      <ele>934.00000</ele>
    </rtept>
    <rtept lat="-31.7916983" lon="-64.9601836">
      <ele>934.00000</ele>
    </rtept>
    <rtept lat="-31.7917078" lon="-64.9602113">
      <ele>934.00000</ele>
    </rtept>
    <rtept lat="-31.7917172" lon="-64.9602280">
      <ele>934.00000</ele>
    </rtept>
    <rtept lat="-31.7917314" lon="-64.9602612">
      <ele>934.00000</ele>
    </rtept>
    <rtept lat="-31.7917455" lon="-64.9602890">
      <ele>933.00000</ele>
    </rtept>
    <rtept lat="-31.7917597" lon="-64.9603223">
      <ele>933.00000</ele>
    </rtept>
    <rtept lat="-31.7917738" lon="-64.9603500">
      <ele>933.00000</ele>
    </rtept>
    <rtept lat="-31.7917880" lon="-64.9603778">
      <ele>933.00000</ele>
    </rtept>
    <rtept lat="-31.7918069" lon="-64.9604055">
      <ele>933.00000</ele>
    </rtept>
    <rtept lat="-31.7918210" lon="-64.9604277">
      <ele>933.00000</ele>
    </rtept>
    <rtept lat="-31.7918446" lon="-64.9604499">
      <ele>933.00000</ele>
    </rtept>
    <rtept lat="-31.7918729" lon="-64.9604665">
      <ele>933.00000</ele>
    </rtept>
    <rtept lat="-31.7918918" lon="-64.9604832">
      <ele>933.00000</ele>
    </rtept>
    <rtept lat="-31.7919106" lon="-64.9604943">
      <ele>933.00000</ele>
    </rtept>
    <rtept lat="-31.7919389" lon="-64.9605165">
      <ele>933.00000</ele>
    </rtept>
    <rtept lat="-31.7919578" lon="-64.9605331">
      <ele>933.00000</ele>
    </rtept>
    <rtept lat="-31.7919767" lon="-64.9605442">
      <ele>932.00000</ele>
    </rtept>
    <rtept lat="-31.7920050" lon="-64.9605664">
      <ele>932.00000</ele>
    </rtept>
    <rtept lat="-31.7920286" lon="-64.9605775">
      <ele>932.00000</ele>
    </rtept>
    <rtept lat="-31.7920474" lon="-64.9605941">
      <ele>932.00000</ele>
    </rtept>
    <rtept lat="-31.7920710" lon="-64.9606108">
      <ele>932.00000</ele>
    </rtept>
    <rtept lat="-31.7920852" lon="-64.9606219">
      <ele>932.00000</ele>
    </rtept>
    <rtept lat="-31.7921135" lon="-64.9606496">
      <ele>932.00000</ele>
    </rtept>
    <rtept lat="-31.7921323" lon="-64.9606662">
      <ele>932.00000</ele>
    </rtept>
    <rtept lat="-31.7921418" lon="-64.9606773">
      <ele>932.00000</ele>
    </rtept>
    <rtept lat="-31.7921701" lon="-64.9606995">
      <ele>932.00000</ele>
    </rtept>
    <rtept lat="-31.7921889" lon="-64.9607162">
      <ele>932.00000</ele>
    </rtept>
    <rtept lat="-31.7922220" lon="-64.9607439">
      <ele>932.00000</ele>
    </rtept>
    <rtept lat="-31.7922408" lon="-64.9607550">
      <ele>932.00000</ele>
    </rtept>
    <rtept lat="-31.7922739" lon="-64.9607772">
      <ele>932.00000</ele>
    </rtept>
    <rtept lat="-31.7923022" lon="-64.9607994">
      <ele>932.00000</ele>
    </rtept>
    <rtept lat="-31.7923163" lon="-64.9608105">
      <ele>932.00000</ele>
    </rtept>
    <rtept lat="-31.7923446" lon="-64.9608271">
      <ele>932.00000</ele>
    </rtept>
    <rtept lat="-31.7923682" lon="-64.9608493">
      <ele>932.00000</ele>
    </rtept>
    <rtept lat="-31.7923823" lon="-64.9608604">
      <ele>932.00000</ele>
    </rtept>
    <rtept lat="-31.7924012" lon="-64.9608770">
      <ele>932.00000</ele>
    </rtept>
    <rtept lat="-31.7924201" lon="-64.9608937">
      <ele>932.00000</ele>
    </rtept>
    <rtept lat="-31.7924437" lon="-64.9609103">
      <ele>932.00000</ele>
    </rtept>
    <rtept lat="-31.7924578" lon="-64.9609270">
      <ele>932.00000</ele>
    </rtept>
    <rtept lat="-31.7924720" lon="-64.9609436">
      <ele>932.00000</ele>
    </rtept>
    <rtept lat="-31.7924861" lon="-64.9609658">
      <ele>932.00000</ele>
    </rtept>
    <rtept lat="-31.7925050" lon="-64.9609825">
      <ele>933.00000</ele>
    </rtept>
    <rtept lat="-31.7925239" lon="-64.9610046">
      <ele>933.00000</ele>
    </rtept>
    <rtept lat="-31.7925380" lon="-64.9610157">
      <ele>933.00000</ele>
    </rtept>
    <rtept lat="-31.7925522" lon="-64.9610324">
      <ele>933.00000</ele>
    </rtept>
    <rtept lat="-31.7925616" lon="-64.9610490">
      <ele>933.00000</ele>
    </rtept>
    <rtept lat="-31.7925852" lon="-64.9610657">
      <ele>934.00000</ele>
    </rtept>
    <rtept lat="-31.7925993" lon="-64.9610768">
      <ele>934.00000</ele>
    </rtept>
    <rtept lat="-31.7926229" lon="-64.9610934">
      <ele>934.00000</ele>
    </rtept>
    <rtept lat="-31.7926371" lon="-64.9611045">
      <ele>934.00000</ele>
    </rtept>
    <rtept lat="-31.7926559" lon="-64.9611212">
      <ele>934.00000</ele>
    </rtept>
    <rtept lat="-31.7926654" lon="-64.9611378">
      <ele>934.00000</ele>
    </rtept>
    <rtept lat="-31.7926795" lon="-64.9611600">
      <ele>935.00000</ele>
    </rtept>
    <rtept lat="-31.7926795" lon="-64.9611933">
      <ele>935.00000</ele>
    </rtept>
    <rtept lat="-31.7926795" lon="-64.9612321">
      <ele>935.00000</ele>
    </rtept>
    <rtept lat="-31.7926890" lon="-64.9612543">
      <ele>935.00000</ele>
    </rtept>
    <rtept lat="-31.7926937" lon="-64.9612710">
      <ele>935.00000</ele>
    </rtept>
    <rtept lat="-31.7927031" lon="-64.9613154">
      <ele>935.00000</ele>
    </rtept>
    <rtept lat="-31.7927031" lon="-64.9613265">
      <ele>935.00000</ele>
    </rtept>
    <rtept lat="-31.7927032" lon="-64.9613653">
      <ele>935.00000</ele>
    </rtept>
    <rtept lat="-31.7927032" lon="-64.9613986">
      <ele>935.00000</ele>
    </rtept>
    <rtept lat="-31.7927032" lon="-64.9614041">
      <ele>936.00000</ele>
    </rtept>
    <rtept lat="-31.7926984" lon="-64.9614430">
      <ele>936.00000</ele>
    </rtept>
    <rtept lat="-31.7926937" lon="-64.9614763">
      <ele>936.00000</ele>
    </rtept>
    <rtept lat="-31.7926890" lon="-64.9615040">
      <ele>936.00000</ele>
    </rtept>
    <rtept lat="-31.7926749" lon="-64.9615484">
      <ele>937.00000</ele>
    </rtept>
    <rtept lat="-31.7926607" lon="-64.9615984">
      <ele>937.00000</ele>
    </rtept>
    <rtept lat="-31.7926560" lon="-64.9616261">
      <ele>937.00000</ele>
    </rtept>
    <rtept lat="-31.7926560" lon="-64.9616594">
      <ele>938.00000</ele>
    </rtept>
    <rtept lat="-31.7926749" lon="-64.9616650">
      <ele>938.00000</ele>
    </rtept>
    <rtept lat="-31.7926938" lon="-64.9616927">
      <ele>938.00000</ele>
    </rtept>
    <rtept lat="-31.7927079" lon="-64.9617204">
      <ele>938.00000</ele>
    </rtept>
    <rtept lat="-31.7927221" lon="-64.9617537">
      <ele>938.00000</ele>
    </rtept>
    <rtept lat="-31.7927362" lon="-64.9617759">
      <ele>939.00000</ele>
    </rtept>
    <rtept lat="-31.7927551" lon="-64.9618092">
      <ele>939.00000</ele>
    </rtept>
    <rtept lat="-31.7927693" lon="-64.9618203">
      <ele>939.00000</ele>
    </rtept>
    <rtept lat="-31.7927976" lon="-64.9618203">
      <ele>939.00000</ele>
    </rtept>
    <rtept lat="-31.7928164" lon="-64.9618259">
      <ele>939.00000</ele>
    </rtept>
    <rtept lat="-31.7928400" lon="-64.9618259">
      <ele>939.00000</ele>
    </rtept>
    <rtept lat="-31.7928683" lon="-64.9618258">
      <ele>940.00000</ele>
    </rtept>
    <rtept lat="-31.7928966" lon="-64.9618203">
      <ele>940.00000</ele>
    </rtept>
    <rtept lat="-31.7929249" lon="-64.9618147">
      <ele>940.00000</ele>
    </rtept>
    <rtept lat="-31.7929485" lon="-64.9618258">
      <ele>940.00000</ele>
    </rtept>
    <rtept lat="-31.7929579" lon="-64.9618425">
      <ele>940.00000</ele>
    </rtept>
    <rtept lat="-31.7929626" lon="-64.9618536">
      <ele>940.00000</ele>
    </rtept>
    <rtept lat="-31.7929626" lon="-64.9619091">
      <ele>940.00000</ele>
    </rtept>
    <rtept lat="-31.7929627" lon="-64.9619146">
      <ele>940.00000</ele>
    </rtept>
    <rtept lat="-31.7929532" lon="-64.9619646">
      <ele>940.00000</ele>
    </rtept>
    <rtept lat="-31.7929296" lon="-64.9619923">
      <ele>940.00000</ele>
    </rtept>
    <rtept lat="-31.7929108" lon="-64.9620145">
      <ele>940.00000</ele>
    </rtept>
    <rtept lat="-31.7928966" lon="-64.9620312">
      <ele>940.00000</ele>
    </rtept>
    <rtept lat="-31.7928731" lon="-64.9620700">
      <ele>939.00000</ele>
    </rtept>
    <rtept lat="-31.7928542" lon="-64.9620922">
      <ele>939.00000</ele>
    </rtept>
    <rtept lat="-31.7928306" lon="-64.9621311">
      <ele>939.00000</ele>
    </rtept>
    <rtept lat="-31.7928212" lon="-64.9621644">
      <ele>939.00000</ele>
    </rtept>
    <rtept lat="-31.7928212" lon="-64.9622032">
      <ele>939.00000</ele>
    </rtept>
    <rtept lat="-31.7928401" lon="-64.9622254">
      <ele>939.00000</ele>
    </rtept>
    <rtept lat="-31.7928589" lon="-64.9622476">
      <ele>939.00000</ele>
    </rtept>
    <rtept lat="-31.7928731" lon="-64.9622809">
      <ele>939.00000</ele>
    </rtept>
    <rtept lat="-31.7928872" lon="-64.9623031">
      <ele>939.00000</ele>
    </rtept>
    <rtept lat="-31.7929061" lon="-64.9623253">
      <ele>939.00000</ele>
    </rtept>
    <rtept lat="-31.7929108" lon="-64.9623253">
      <ele>939.00000</ele>
    </rtept>
    <rtept lat="-31.7930535" lon="-64.9624060">
      <ele>939.00000</ele>
    </rtept>
    <rtept lat="-31.7932987" lon="-64.9625059">
      <ele>945.00000</ele>
    </rtept>
    <rtept lat="-31.7934780" lon="-64.9625780">
      <ele>949.00000</ele>
    </rtept>
    <rtept lat="-31.7937704" lon="-64.9626889">
      <ele>954.00000</ele>
    </rtept>
    <rtept lat="-31.7937751" lon="-64.9626944">
      <ele>954.00000</ele>
    </rtept>
    <rtept lat="-31.7940063" lon="-64.9628220">
      <ele>952.00000</ele>
    </rtept>
    <rtept lat="-31.7943459" lon="-64.9630217">
      <ele>951.00000</ele>
    </rtept>
    <rtept lat="-31.7944591" lon="-64.9631105">
      <ele>952.00000</ele>
    </rtept>
    <rtept lat="-31.7944685" lon="-64.9631160">
      <ele>953.00000</ele>
    </rtept>
    <rtept lat="-31.7944968" lon="-64.9631438">
      <ele>953.00000</ele>
    </rtept>
    <rtept lat="-31.7945157" lon="-64.9631771">
      <ele>953.00000</ele>
    </rtept>
    <rtept lat="-31.7945157" lon="-64.9631826">
      <ele>953.00000</ele>
    </rtept>
    <rtept lat="-31.7945157" lon="-64.9632104">
      <ele>953.00000</ele>
    </rtept>
    <rtept lat="-31.7945157" lon="-64.9632492">
      <ele>953.00000</ele>
    </rtept>
    <rtept lat="-31.7945157" lon="-64.9632825">
      <ele>952.00000</ele>
    </rtept>
    <rtept lat="-31.7945157" lon="-64.9633380">
      <ele>952.00000</ele>
    </rtept>
    <rtept lat="-31.7945157" lon="-64.9633713">
      <ele>952.00000</ele>
    </rtept>
    <rtept lat="-31.7945205" lon="-64.9633879">
      <ele>952.00000</ele>
    </rtept>
    <rtept lat="-31.7945393" lon="-64.9634323">
      <ele>952.00000</ele>
    </rtept>
    <rtept lat="-31.7945535" lon="-64.9634712">
      <ele>952.00000</ele>
    </rtept>
    <rtept lat="-31.7945676" lon="-64.9634989">
      <ele>952.00000</ele>
    </rtept>
    <rtept lat="-31.7945771" lon="-64.9635100">
      <ele>952.00000</ele>
    </rtept>
    <rtept lat="-31.7945959" lon="-64.9635600">
      <ele>952.00000</ele>
    </rtept>
    <rtept lat="-31.7946101" lon="-64.9635766">
      <ele>951.00000</ele>
    </rtept>
    <rtept lat="-31.7946242" lon="-64.9636099">
      <ele>951.00000</ele>
    </rtept>
    <rtept lat="-31.7946431" lon="-64.9636321">
      <ele>951.00000</ele>
    </rtept>
    <rtept lat="-31.7946620" lon="-64.9636543">
      <ele>951.00000</ele>
    </rtept>
    <rtept lat="-31.7946667" lon="-64.9636598">
      <ele>951.00000</ele>
    </rtept>
    <rtept lat="-31.7946809" lon="-64.9636931">
      <ele>951.00000</ele>
    </rtept>
    <rtept lat="-31.7946997" lon="-64.9637431">
      <ele>950.00000</ele>
    </rtept>
    <rtept lat="-31.7947092" lon="-64.9637542">
      <ele>950.00000</ele>
    </rtept>
    <rtept lat="-31.7947328" lon="-64.9637652">
      <ele>951.00000</ele>
    </rtept>
    <rtept lat="-31.7947516" lon="-64.9637874">
      <ele>951.00000</ele>
    </rtept>
    <rtept lat="-31.7947611" lon="-64.9637930">
      <ele>951.00000</ele>
    </rtept>
    <rtept lat="-31.7947799" lon="-64.9638263">
      <ele>951.00000</ele>
    </rtept>
    <rtept lat="-31.7947941" lon="-64.9638485">
      <ele>951.00000</ele>
    </rtept>
    <rtept lat="-31.7948035" lon="-64.9638818">
      <ele>951.00000</ele>
    </rtept>
    <rtept lat="-31.7948130" lon="-64.9639317">
      <ele>951.00000</ele>
    </rtept>
    <rtept lat="-31.7948224" lon="-64.9639595">
      <ele>951.00000</ele>
    </rtept>
    <rtept lat="-31.7948224" lon="-64.9639650">
      <ele>950.00000</ele>
    </rtept>
    <rtept lat="-31.7948224" lon="-64.9640205">
      <ele>950.00000</ele>
    </rtept>
    <rtept lat="-31.7948177" lon="-64.9640760">
      <ele>949.00000</ele>
    </rtept>
    <rtept lat="-31.7948177" lon="-64.9640815">
      <ele>949.00000</ele>
    </rtept>
    <rtept lat="-31.7948083" lon="-64.9641259">
      <ele>948.00000</ele>
    </rtept>
    <rtept lat="-31.7947988" lon="-64.9641537">
      <ele>948.00000</ele>
    </rtept>
    <rtept lat="-31.7947894" lon="-64.9641981">
      <ele>948.00000</ele>
    </rtept>
    <rtept lat="-31.7947894" lon="-64.9642147">
      <ele>947.00000</ele>
    </rtept>
    <rtept lat="-31.7947847" lon="-64.9642536">
      <ele>947.00000</ele>
    </rtept>
    <rtept lat="-31.7947753" lon="-64.9643035">
      <ele>947.00000</ele>
    </rtept>
    <rtept lat="-31.7947753" lon="-64.9643091">
      <ele>947.00000</ele>
    </rtept>
    <rtept lat="-31.7947706" lon="-64.9643535">
      <ele>947.00000</ele>
    </rtept>
    <rtept lat="-31.7947706" lon="-64.9643812">
      <ele>946.00000</ele>
    </rtept>
    <rtept lat="-31.7947706" lon="-64.9644090">
      <ele>946.00000</ele>
    </rtept>
    <rtept lat="-31.7947706" lon="-64.9644423">
      <ele>946.00000</ele>
    </rtept>
    <rtept lat="-31.7947706" lon="-64.9644755">
      <ele>946.00000</ele>
    </rtept>
    <rtept lat="-31.7947706" lon="-64.9644977">
      <ele>947.00000</ele>
    </rtept>
    <rtept lat="-31.7947564" lon="-64.9645477">
      <ele>947.00000</ele>
    </rtept>
    <rtept lat="-31.7947612" lon="-64.9645810">
      <ele>947.00000</ele>
    </rtept>
    <rtept lat="-31.7947706" lon="-64.9645865">
      <ele>947.00000</ele>
    </rtept>
    <rtept lat="-31.7947942" lon="-64.9646032">
      <ele>947.00000</ele>
    </rtept>
    <rtept lat="-31.7948178" lon="-64.9646198">
      <ele>948.00000</ele>
    </rtept>
    <rtept lat="-31.7948414" lon="-64.9646309">
      <ele>948.00000</ele>
    </rtept>
    <rtept lat="-31.7948555" lon="-64.9646420">
      <ele>948.00000</ele>
    </rtept>
    <rtept lat="-31.7948791" lon="-64.9646642">
      <ele>948.00000</ele>
    </rtept>
    <rtept lat="-31.7949027" lon="-64.9646864">
      <ele>949.00000</ele>
    </rtept>
    <rtept lat="-31.7949121" lon="-64.9646919">
      <ele>949.00000</ele>
    </rtept>
    <rtept lat="-31.7949310" lon="-64.9647086">
      <ele>949.00000</ele>
    </rtept>
    <rtept lat="-31.7949498" lon="-64.9647363">
      <ele>949.00000</ele>
    </rtept>
    <rtept lat="-31.7949687" lon="-64.9647530">
      <ele>949.00000</ele>
    </rtept>
    <rtept lat="-31.7949734" lon="-64.9647530">
      <ele>949.00000</ele>
    </rtept>
    <rtept lat="-31.7949876" lon="-64.9647807">
      <ele>949.00000</ele>
    </rtept>
    <rtept lat="-31.7950065" lon="-64.9648029">
      <ele>949.00000</ele>
    </rtept>
    <rtept lat="-31.7950206" lon="-64.9648196">
      <ele>949.00000</ele>
    </rtept>
    <rtept lat="-31.7950300" lon="-64.9648584">
      <ele>949.00000</ele>
    </rtept>
    <rtept lat="-31.7951085" lon="-64.9650246">
      <ele>946.00000</ele>
    </rtept>
    <rtept lat="-31.7951933" lon="-64.9652470">
      <ele>941.00000</ele>
    </rtept>
    <rtept lat="-31.7952128" lon="-64.9652930">
      <ele>941.00000</ele>
    </rtept>
    <rtept lat="-31.7952259" lon="-64.9653007">
      <ele>940.00000</ele>
    </rtept>
    <rtept lat="-31.7952519" lon="-64.9653314">
      <ele>940.00000</ele>
    </rtept>
    <rtept lat="-31.7952780" lon="-64.9653467">
      <ele>940.00000</ele>
    </rtept>
    <rtept lat="-31.7953041" lon="-64.9653697">
      <ele>939.00000</ele>
    </rtept>
    <rtept lat="-31.7953432" lon="-64.9654081">
      <ele>939.00000</ele>
    </rtept>
    <rtept lat="-31.7953693" lon="-64.9654311">
      <ele>939.00000</ele>
    </rtept>
    <rtept lat="-31.7954084" lon="-64.9654464">
      <ele>938.00000</ele>
    </rtept>
    <rtept lat="-31.7954345" lon="-64.9654541">
      <ele>938.00000</ele>
    </rtept>
    <rtept lat="-31.7954736" lon="-64.9654771">
      <ele>938.00000</ele>
    </rtept>
    <rtept lat="-31.7955062" lon="-64.9654924">
      <ele>937.00000</ele>
    </rtept>
    <rtept lat="-31.7955453" lon="-64.9655231">
      <ele>937.00000</ele>
    </rtept>
    <rtept lat="-31.7955583" lon="-64.9655307">
      <ele>937.00000</ele>
    </rtept>
    <rtept lat="-31.7955844" lon="-64.9655537">
      <ele>937.00000</ele>
    </rtept>
    <rtept lat="-31.7956235" lon="-64.9655844">
      <ele>937.00000</ele>
    </rtept>
    <rtept lat="-31.7956496" lon="-64.9656151">
      <ele>937.00000</ele>
    </rtept>
    <rtept lat="-31.7956887" lon="-64.9656534">
      <ele>937.00000</ele>
    </rtept>
    <rtept lat="-31.7957213" lon="-64.9656764">
      <ele>937.00000</ele>
    </rtept>
    <rtept lat="-31.7957670" lon="-64.9656764">
      <ele>937.00000</ele>
    </rtept>
    <rtept lat="-31.7958126" lon="-64.9656764">
      <ele>937.00000</ele>
    </rtept>
    <rtept lat="-31.7958452" lon="-64.9656764">
      <ele>937.00000</ele>
    </rtept>
    <rtept lat="-31.7958843" lon="-64.9656764">
      <ele>937.00000</ele>
    </rtept>
    <rtept lat="-31.7959104" lon="-64.9656764">
      <ele>937.00000</ele>
    </rtept>
    <rtept lat="-31.7959364" lon="-64.9656764">
      <ele>938.00000</ele>
    </rtept>
    <rtept lat="-31.7959690" lon="-64.9656764">
      <ele>938.00000</ele>
    </rtept>
    <rtept lat="-31.7960147" lon="-64.9656917">
      <ele>937.00000</ele>
    </rtept>
    <rtept lat="-31.7960277" lon="-64.9657071">
      <ele>937.00000</ele>
    </rtept>
    <rtept lat="-31.7960407" lon="-64.9657224">
      <ele>937.00000</ele>
    </rtept>
    <rtept lat="-31.7963732" lon="-64.9658987">
      <ele>936.00000</ele>
    </rtept>
    <rtept lat="-31.7969208" lon="-64.9660904">
      <ele>935.00000</ele>
    </rtept>
    <rtept lat="-31.7971881" lon="-64.9661517">
      <ele>930.00000</ele>
    </rtept>
    <rtept lat="-31.7977161" lon="-64.9662743">
      <ele>925.00000</ele>
    </rtept>
    <rtept lat="-31.7979123" lon="-64.9663098">
      <ele>925.00000</ele>
    </rtept>
    <rtept lat="-31.7982382" lon="-64.9664861">
      <ele>928.00000</ele>
    </rtept>
    <rtept lat="-31.7984338" lon="-64.9665398">
      <ele>929.00000</ele>
    </rtept>
    <rtept lat="-31.7988836" lon="-64.9667545">
      <ele>931.00000</ele>
    </rtept>
    <rtept lat="-31.7995420" lon="-64.9670305">
      <ele>934.00000</ele>
    </rtept>
    <rtept lat="-31.8000375" lon="-64.9671991">
      <ele>934.00000</ele>
    </rtept>
    <rtept lat="-31.8002924" lon="-64.9672681">
      <ele>933.00000</ele>
    </rtept>
    <rtept lat="-31.8009312" lon="-64.9674828">
      <ele>932.00000</ele>
    </rtept>
    <rtept lat="-31.8013680" lon="-64.9676438">
      <ele>931.00000</ele>
    </rtept>
    <rtept lat="-31.8017004" lon="-64.9674367">
      <ele>932.00000</ele>
    </rtept>
    <rtept lat="-31.8021371" lon="-64.9671375">
      <ele>931.00000</ele>
    </rtept>
    <rtept lat="-31.8024435" lon="-64.9668306">
      <ele>933.00000</ele>
    </rtept>
    <rtept lat="-31.8026483" lon="-64.9664433">
      <ele>937.00000</ele>
    </rtept>
    <rtept lat="-31.8028764" lon="-64.9659600">
      <ele>936.00000</ele>
    </rtept>
    <rtept lat="-31.8030523" lon="-64.9655688">
      <ele>935.00000</ele>
    </rtept>
    <rtept lat="-31.8031761" lon="-64.9651163">
      <ele>938.00000</ele>
    </rtept>
    <rtept lat="-31.8032478" lon="-64.9648018">
      <ele>938.00000</ele>
    </rtept>
    <rtept lat="-31.8031109" lon="-64.9645870">
      <ele>939.00000</ele>
    </rtept>
    <rtept lat="-31.8028045" lon="-64.9643493">
      <ele>939.00000</ele>
    </rtept>
    <rtept lat="-31.8027653" lon="-64.9643416">
      <ele>940.00000</ele>
    </rtept>
    <rtept lat="-31.8022699" lon="-64.9640579">
      <ele>941.00000</ele>
    </rtept>
    <rtept lat="-31.8022373" lon="-64.9640349">
      <ele>941.00000</ele>
    </rtept>
    <rtept lat="-31.8022047" lon="-64.9640273">
      <ele>942.00000</ele>
    </rtept>
    <rtept lat="-31.8018005" lon="-64.9638433">
      <ele>943.00000</ele>
    </rtept>
    <rtept lat="-31.8017875" lon="-64.9638279">
      <ele>943.00000</ele>
    </rtept>
    <rtept lat="-31.8017614" lon="-64.9638203">
      <ele>943.00000</ele>
    </rtept>
    <rtept lat="-31.8014876" lon="-64.9636362">
      <ele>943.00000</ele>
    </rtept>
    <rtept lat="-31.8013702" lon="-64.9633831">
      <ele>941.00000</ele>
    </rtept>
    <rtept lat="-31.8013506" lon="-64.9633525">
      <ele>941.00000</ele>
    </rtept>
    <rtept lat="-31.8013441" lon="-64.9633141">
      <ele>941.00000</ele>
    </rtept>
    <rtept lat="-31.8013441" lon="-64.9632604">
      <ele>941.00000</ele>
    </rtept>
    <rtept lat="-31.8013441" lon="-64.9631837">
      <ele>940.00000</ele>
    </rtept>
    <rtept lat="-31.8013441" lon="-64.9631684">
      <ele>940.00000</ele>
    </rtept>
    <rtept lat="-31.8013506" lon="-64.9631147">
      <ele>940.00000</ele>
    </rtept>
    <rtept lat="-31.8013767" lon="-64.9630226">
      <ele>939.00000</ele>
    </rtept>
    <rtept lat="-31.8013832" lon="-64.9629996">
      <ele>939.00000</ele>
    </rtept>
    <rtept lat="-31.8013962" lon="-64.9629536">
      <ele>939.00000</ele>
    </rtept>
    <rtept lat="-31.8014809" lon="-64.9626237">
      <ele>938.00000</ele>
    </rtept>
    <rtept lat="-31.8016243" lon="-64.9620410">
      <ele>941.00000</ele>
    </rtept>
    <rtept lat="-31.8017154" lon="-64.9613583">
      <ele>942.00000</ele>
    </rtept>
    <rtept lat="-31.8017089" lon="-64.9612970">
      <ele>942.00000</ele>
    </rtept>
    <rtept lat="-31.8017089" lon="-64.9612356">
      <ele>941.00000</ele>
    </rtept>
    <rtept lat="-31.8017023" lon="-64.9607908">
      <ele>940.00000</ele>
    </rtept>
    <rtept lat="-31.8017153" lon="-64.9607524">
      <ele>940.00000</ele>
    </rtept>
    <rtept lat="-31.8017935" lon="-64.9603305">
      <ele>938.00000</ele>
    </rtept>
    <rtept lat="-31.8018065" lon="-64.9602845">
      <ele>938.00000</ele>
    </rtept>
    <rtept lat="-31.8019238" lon="-64.9598780">
      <ele>943.00000</ele>
    </rtept>
    <rtept lat="-31.8020475" lon="-64.9593410">
      <ele>947.00000</ele>
    </rtept>
    <rtept lat="-31.8018845" lon="-64.9592260">
      <ele>947.00000</ele>
    </rtept>
    <rtept lat="-31.8015455" lon="-64.9590497">
      <ele>946.00000</ele>
    </rtept>
    <rtept lat="-31.8014086" lon="-64.9588503">
      <ele>943.00000</ele>
    </rtept>
    <rtept lat="-31.8013629" lon="-64.9585895">
      <ele>943.00000</ele>
    </rtept>
    <rtept lat="-31.8013172" lon="-64.9582284">
      <ele>946.00000</ele>
    </rtept>
    <rtept lat="-31.8012846" lon="-64.9577989">
      <ele>948.00000</ele>
    </rtept>
    <rtept lat="-31.8011607" lon="-64.9574922">
      <ele>950.00000</ele>
    </rtept>
    <rtept lat="-31.8009325" lon="-64.9573542">
      <ele>950.00000</ele>
    </rtept>
    <rtept lat="-31.8001999" lon="-64.9571242">
      <ele>951.00000</ele>
    </rtept>
    <rtept lat="-31.8001151" lon="-64.9569939">
      <ele>954.00000</ele>
    </rtept>
    <rtept lat="-31.8000563" lon="-64.9564570">
      <ele>958.00000</ele>
    </rtept>
    <rtept lat="-31.7999975" lon="-64.9557974">
      <ele>964.00000</ele>
    </rtept>
    <rtept lat="-31.7999583" lon="-64.9550687">
      <ele>969.00000</ele>
    </rtept>
    <rtept lat="-31.7999583" lon="-64.9550381">
      <ele>969.00000</ele>
    </rtept>
    <rtept lat="-31.7999842" lon="-64.9545472">
      <ele>975.00000</ele>
    </rtept>
    <rtept lat="-31.8000037" lon="-64.9541023">
      <ele>978.00000</ele>
    </rtept>
    <rtept lat="-31.8000167" lon="-64.9540716">
      <ele>977.00000</ele>
    </rtept>
    <rtept lat="-31.8000362" lon="-64.9535117">
      <ele>980.00000</ele>
    </rtept>
    <rtept lat="-31.8000106" lon="-64.9531800">
      <ele>986.00000</ele>
    </rtept>
    <rtept lat="-31.8000237" lon="-64.9531646">
      <ele>986.00000</ele>
    </rtept>
    <rtept lat="-31.8000563" lon="-64.9531262">
      <ele>987.00000</ele>
    </rtept>
    <rtept lat="-31.8000888" lon="-64.9530879">
      <ele>988.00000</ele>
    </rtept>
    <rtept lat="-31.8000954" lon="-64.9530725">
      <ele>988.00000</ele>
    </rtept>
    <rtept lat="-31.8001279" lon="-64.9530342">
      <ele>989.00000</ele>
    </rtept>
    <rtept lat="-31.8001670" lon="-64.9529882">
      <ele>989.00000</ele>
    </rtept>
    <rtept lat="-31.8002061" lon="-64.9529651">
      <ele>988.00000</ele>
    </rtept>
    <rtept lat="-31.8002322" lon="-64.9529498">
      <ele>988.00000</ele>
    </rtept>
    <rtept lat="-31.8002713" lon="-64.9529191">
      <ele>988.00000</ele>
    </rtept>
    <rtept lat="-31.8002844" lon="-64.9528961">
      <ele>988.00000</ele>
    </rtept>
    <rtept lat="-31.8003039" lon="-64.9528501">
      <ele>988.00000</ele>
    </rtept>
    <rtept lat="-31.8003104" lon="-64.9528270">
      <ele>987.00000</ele>
    </rtept>
    <rtept lat="-31.8003365" lon="-64.9527580">
      <ele>987.00000</ele>
    </rtept>
    <rtept lat="-31.8003430" lon="-64.9527273">
      <ele>988.00000</ele>
    </rtept>
    <rtept lat="-31.8003495" lon="-64.9527043">
      <ele>988.00000</ele>
    </rtept>
    <rtept lat="-31.8003560" lon="-64.9526123">
      <ele>989.00000</ele>
    </rtept>
    <rtept lat="-31.8003429" lon="-64.9525586">
      <ele>990.00000</ele>
    </rtept>
    <rtept lat="-31.8002973" lon="-64.9525356">
      <ele>991.00000</ele>
    </rtept>
    <rtept lat="-31.8002778" lon="-64.9525356">
      <ele>991.00000</ele>
    </rtept>
    <rtept lat="-31.8002191" lon="-64.9525356">
      <ele>992.00000</ele>
    </rtept>
    <rtept lat="-31.8001930" lon="-64.9525356">
      <ele>992.00000</ele>
    </rtept>
    <rtept lat="-31.8001474" lon="-64.9525356">
      <ele>993.00000</ele>
    </rtept>
    <rtept lat="-31.8001278" lon="-64.9525356">
      <ele>993.00000</ele>
    </rtept>
    <rtept lat="-31.8000952" lon="-64.9525817">
      <ele>993.00000</ele>
    </rtept>
    <rtept lat="-31.8000627" lon="-64.9526047">
      <ele>993.00000</ele>
    </rtept>
    <rtept lat="-31.8000301" lon="-64.9526124">
      <ele>993.00000</ele>
    </rtept>
    <rtept lat="-31.7999649" lon="-64.9526277">
      <ele>994.00000</ele>
    </rtept>
    <rtept lat="-31.7999453" lon="-64.9526277">
      <ele>994.00000</ele>
    </rtept>
    <rtept lat="-31.7999062" lon="-64.9526277">
      <ele>995.00000</ele>
    </rtept>
    <rtept lat="-31.7998671" lon="-64.9526047">
      <ele>995.00000</ele>
    </rtept>
    <rtept lat="-31.7998410" lon="-64.9525894">
      <ele>996.00000</ele>
    </rtept>
    <rtept lat="-31.7997823" lon="-64.9525434">
      <ele>997.00000</ele>
    </rtept>
    <rtept lat="-31.7997563" lon="-64.9525281">
      <ele>998.00000</ele>
    </rtept>
    <rtept lat="-31.7997367" lon="-64.9525051">
      <ele>998.00000</ele>
    </rtept>
    <rtept lat="-31.7997106" lon="-64.9524897">
      <ele>999.00000</ele>
    </rtept>
    <rtept lat="-31.7996519" lon="-64.9524514">
      <ele>1000.0000</ele>
    </rtept>
    <rtept lat="-31.7996259" lon="-64.9524361">
      <ele>1000.0000</ele>
    </rtept>
    <rtept lat="-31.7995867" lon="-64.9524054">
      <ele>1001.0000</ele>
    </rtept>
    <rtept lat="-31.7995346" lon="-64.9523901">
      <ele>1001.0000</ele>
    </rtept>
    <rtept lat="-31.7994890" lon="-64.9523824">
      <ele>1002.0000</ele>
    </rtept>
    <rtept lat="-31.7994629" lon="-64.9523748">
      <ele>1002.0000</ele>
    </rtept>
    <rtept lat="-31.7994368" lon="-64.9523671">
      <ele>1002.0000</ele>
    </rtept>
    <rtept lat="-31.7986220" lon="-64.9523367">
      <ele>1000.0000</ele>
    </rtept>
    <rtept lat="-31.7982634" lon="-64.9523061">
      <ele>999.00000</ele>
    </rtept>
    <rtept lat="-31.7982504" lon="-64.9522985">
      <ele>999.00000</ele>
    </rtept>
    <rtept lat="-31.7982113" lon="-64.9522524">
      <ele>999.00000</ele>
    </rtept>
    <rtept lat="-31.7982113" lon="-64.9522371">
      <ele>999.00000</ele>
    </rtept>
    <rtept lat="-31.7981917" lon="-64.9522064">
      <ele>998.00000</ele>
    </rtept>
    <rtept lat="-31.7981721" lon="-64.9521604">
      <ele>998.00000</ele>
    </rtept>
    <rtept lat="-31.7981591" lon="-64.9521221">
      <ele>998.00000</ele>
    </rtept>
    <rtept lat="-31.7981460" lon="-64.9520837">
      <ele>998.00000</ele>
    </rtept>
    <rtept lat="-31.7981395" lon="-64.9520300">
      <ele>998.00000</ele>
    </rtept>
    <rtept lat="-31.7981395" lon="-64.9519840">
      <ele>998.00000</ele>
    </rtept>
    <rtept lat="-31.7981395" lon="-64.9518997">
      <ele>998.00000</ele>
    </rtept>
    <rtept lat="-31.7981395" lon="-64.9518460">
      <ele>998.00000</ele>
    </rtept>
    <rtept lat="-31.7981395" lon="-64.9517923">
      <ele>998.00000</ele>
    </rtept>
    <rtept lat="-31.7981459" lon="-64.9516772">
      <ele>998.00000</ele>
    </rtept>
    <rtept lat="-31.7981849" lon="-64.9511327">
      <ele>995.00000</ele>
    </rtept>
    <rtept lat="-31.7982174" lon="-64.9507108">
      <ele>994.00000</ele>
    </rtept>
    <rtept lat="-31.7982173" lon="-64.9504117">
      <ele>993.00000</ele>
    </rtept>
    <rtept lat="-31.7982368" lon="-64.9498721">
      <ele>988.00000</ele>
    </rtept>
    <rtept lat="-31.7982497" lon="-64.9493505">
      <ele>983.00000</ele>
    </rtept>
    <rtept lat="-31.7981908" lon="-64.9485222">
      <ele>982.00000</ele>
    </rtept>
    <rtept lat="-31.7981189" lon="-64.9478779">
      <ele>980.00000</ele>
    </rtept>
    <rtept lat="-31.7981188" lon="-64.9474714">
      <ele>977.00000</ele>
    </rtept>
    <rtept lat="-31.7981644" lon="-64.9471033">
      <ele>974.00000</ele>
    </rtept>
    <rtept lat="-31.7981643" lon="-64.9470726">
      <ele>974.00000</ele>
    </rtept>
    <rtept lat="-31.7982033" lon="-64.9465050">
      <ele>980.00000</ele>
    </rtept>
    <rtept lat="-31.7981966" lon="-64.9459528">
      <ele>985.00000</ele>
    </rtept>
    <rtept lat="-31.7981835" lon="-64.9455616">
      <ele>988.00000</ele>
    </rtept>
    <rtept lat="-31.7981443" lon="-64.9452395">
      <ele>991.00000</ele>
    </rtept>
    <rtept lat="-31.7981311" lon="-64.9447716">
      <ele>996.00000</ele>
    </rtept>
    <rtept lat="-31.7981962" lon="-64.9443765">
      <ele>999.00000</ele>
    </rtept>
    <rtept lat="-31.7983394" lon="-64.9438165">
      <ele>998.00000</ele>
    </rtept>
    <rtept lat="-31.7983394" lon="-64.9437705">
      <ele>998.00000</ele>
    </rtept>
    <rtept lat="-31.7984240" lon="-64.9431876">
      <ele>1000.0000</ele>
    </rtept>
    <rtept lat="-31.7984305" lon="-64.9431416">
      <ele>1001.0000</ele>
    </rtept>
    <rtept lat="-31.7984564" lon="-64.9425433">
      <ele>1010.0000</ele>
    </rtept>
    <rtept lat="-31.7984562" lon="-64.9418990">
      <ele>1019.0000</ele>
    </rtept>
    <rtept lat="-31.7984887" lon="-64.9414772">
      <ele>1018.0000</ele>
    </rtept>
    <rtept lat="-31.7985473" lon="-64.9412394">
      <ele>1017.0000</ele>
    </rtept>
    <rtept lat="-31.7985732" lon="-64.9408252">
      <ele>1015.0000</ele>
    </rtept>
    <rtept lat="-31.7985340" lon="-64.9404187">
      <ele>1022.0000</ele>
    </rtept>
    <rtept lat="-31.7984491" lon="-64.9399662">
      <ele>1028.0000</ele>
    </rtept>
    <rtept lat="-31.7984881" lon="-64.9396364">
      <ele>1029.0000</ele>
    </rtept>
    <rtept lat="-31.7985270" lon="-64.9392299">
      <ele>1031.0000</ele>
    </rtept>
    <rtept lat="-31.7986117" lon="-64.9388693">
      <ele>1034.0000</ele>
    </rtept>
    <rtept lat="-31.7986376" lon="-64.9385268">
      <ele>1038.0000</ele>
    </rtept>
    <rtept lat="-31.7987352" lon="-64.9379132">
      <ele>1038.0000</ele>
    </rtept>
    <rtept lat="-31.7987352" lon="-64.9378442">
      <ele>1037.0000</ele>
    </rtept>
    <rtept lat="-31.7988198" lon="-64.9373763">
      <ele>1035.0000</ele>
    </rtept>
    <rtept lat="-31.7988979" lon="-64.9370004">
      <ele>1032.0000</ele>
    </rtept>
    <rtept lat="-31.7989173" lon="-64.9367319">
      <ele>1030.0000</ele>
    </rtept>
    <rtept lat="-31.7986109" lon="-64.9365480">
      <ele>1029.0000</ele>
    </rtept>
    <rtept lat="-31.7981805" lon="-64.9362644">
      <ele>1031.0000</ele>
    </rtept>
    <rtept lat="-31.7979067" lon="-64.9361112">
      <ele>1032.0000</ele>
    </rtept>
    <rtept lat="-31.7978023" lon="-64.9359578">
      <ele>1032.0000</ele>
    </rtept>
    <rtept lat="-31.7978283" lon="-64.9357047">
      <ele>1033.0000</ele>
    </rtept>
    <rtept lat="-31.7978348" lon="-64.9356740">
      <ele>1033.0000</ele>
    </rtept>
    <rtept lat="-31.7978544" lon="-64.9356126">
      <ele>1033.0000</ele>
    </rtept>
    <rtept lat="-31.7978609" lon="-64.9355896">
      <ele>1033.0000</ele>
    </rtept>
    <rtept lat="-31.7978609" lon="-64.9355359">
      <ele>1034.0000</ele>
    </rtept>
    <rtept lat="-31.7978739" lon="-64.9354822">
      <ele>1034.0000</ele>
    </rtept>
    <rtept lat="-31.7978739" lon="-64.9354286">
      <ele>1034.0000</ele>
    </rtept>
    <rtept lat="-31.7978738" lon="-64.9353672">
      <ele>1034.0000</ele>
    </rtept>
    <rtept lat="-31.7978738" lon="-64.9353212">
      <ele>1034.0000</ele>
    </rtept>
    <rtept lat="-31.7978738" lon="-64.9352675">
      <ele>1034.0000</ele>
    </rtept>
    <rtept lat="-31.7978738" lon="-64.9351985">
      <ele>1033.0000</ele>
    </rtept>
    <rtept lat="-31.7978607" lon="-64.9351141">
      <ele>1033.0000</ele>
    </rtept>
    <rtept lat="-31.7978477" lon="-64.9350604">
      <ele>1033.0000</ele>
    </rtept>
    <rtept lat="-31.7978346" lon="-64.9350451">
      <ele>1033.0000</ele>
    </rtept>
    <rtept lat="-31.7978085" lon="-64.9349991">
      <ele>1033.0000</ele>
    </rtept>
    <rtept lat="-31.7977824" lon="-64.9349607">
      <ele>1033.0000</ele>
    </rtept>
    <rtept lat="-31.7977694" lon="-64.9349377">
      <ele>1033.0000</ele>
    </rtept>
    <rtept lat="-31.7976476" lon="-64.9348151">
      <ele>1033.0000</ele>
    </rtept>
    <rtept lat="-31.7975107" lon="-64.9346311">
      <ele>1034.0000</ele>
    </rtept>
    <rtept lat="-31.7972629" lon="-64.9345085">
      <ele>1035.0000</ele>
    </rtept>
    <rtept lat="-31.7969956" lon="-64.9344933">
      <ele>1035.0000</ele>
    </rtept>
    <rtept lat="-31.7968326" lon="-64.9344013">
      <ele>1035.0000</ele>
    </rtept>
    <rtept lat="-31.7966956" lon="-64.9343247">
      <ele>1036.0000</ele>
    </rtept>
    <rtept lat="-31.7964674" lon="-64.9342635">
      <ele>1038.0000</ele>
    </rtept>
    <rtept lat="-31.7961480" lon="-64.9342866">
      <ele>1040.0000</ele>
    </rtept>
    <rtept lat="-31.7958547" lon="-64.9342868">
      <ele>1039.0000</ele>
    </rtept>
    <rtept lat="-31.7955743" lon="-64.9341028">
      <ele>1038.0000</ele>
    </rtept>
    <rtept lat="-31.7954113" lon="-64.9339495">
      <ele>1037.0000</ele>
    </rtept>
    <rtept lat="-31.7952222" lon="-64.9337272">
      <ele>1037.0000</ele>
    </rtept>
    <rtept lat="-31.7950787" lon="-64.9336122">
      <ele>1039.0000</ele>
    </rtept>
    <rtept lat="-31.7949744" lon="-64.9335049">
      <ele>1039.0000</ele>
    </rtept>
    <rtept lat="-31.7948831" lon="-64.9334359">
      <ele>1040.0000</ele>
    </rtept>
    <rtept lat="-31.7948830" lon="-64.9333266">
      <ele>1041.0000</ele>
    </rtept>
    <rtept lat="-31.7949091" lon="-64.9332269">
      <ele>1042.0000</ele>
    </rtept>
    <rtept lat="-31.7949481" lon="-64.9330811">
      <ele>1043.0000</ele>
    </rtept>
    <rtept lat="-31.7948438" lon="-64.9329815">
      <ele>1045.0000</ele>
    </rtept>
    <rtept lat="-31.7946612" lon="-64.9328665">
      <ele>1047.0000</ele>
    </rtept>
    <rtept lat="-31.7945504" lon="-64.9327362">
      <ele>1048.0000</ele>
    </rtept>
    <rtept lat="-31.7945308" lon="-64.9326212">
      <ele>1048.0000</ele>
    </rtept>
    <rtept lat="-31.7945503" lon="-64.9325598">
      <ele>1048.0000</ele>
    </rtept>
    <rtept lat="-31.7946546" lon="-64.9326825">
      <ele>1048.0000</ele>
    </rtept>
    <rtept lat="-31.7948698" lon="-64.9327897">
      <ele>1047.0000</ele>
    </rtept>
    <rtept lat="-31.7949937" lon="-64.9328433">
      <ele>1045.0000</ele>
    </rtept>
    <rtept lat="-31.7950002" lon="-64.9328663">
      <ele>1045.0000</ele>
    </rtept>
    <rtept lat="-31.7951045" lon="-64.9329660">
      <ele>1043.0000</ele>
    </rtept>
    <rtept lat="-31.7952154" lon="-64.9330273">
      <ele>1042.0000</ele>
    </rtept>
    <rtept lat="-31.7954435" lon="-64.9330502">
      <ele>1043.0000</ele>
    </rtept>
    <rtept lat="-31.7956131" lon="-64.9331038">
      <ele>1045.0000</ele>
    </rtept>
    <rtept lat="-31.7956261" lon="-64.9331421">
      <ele>1044.0000</ele>
    </rtept>
    <rtept lat="-31.7957175" lon="-64.9333798">
      <ele>1044.0000</ele>
    </rtept>
    <rtept lat="-31.7957175" lon="-64.9333952">
      <ele>1044.0000</ele>
    </rtept>
    <rtept lat="-31.7959131" lon="-64.9337019">
      <ele>1042.0000</ele>
    </rtept>
    <rtept lat="-31.7961478" lon="-64.9337784">
      <ele>1040.0000</ele>
    </rtept>
    <rtept lat="-31.7961870" lon="-64.9338091">
      <ele>1040.0000</ele>
    </rtept>
    <rtept lat="-31.7965260" lon="-64.9339777">
      <ele>1037.0000</ele>
    </rtept>
    <rtept lat="-31.7968454" lon="-64.9340695">
      <ele>1034.0000</ele>
    </rtept>
    <rtept lat="-31.7969743" lon="-64.9341385">
      <ele>1033.0000</ele>
    </rtept>
    <rtept lat="-31.7973459" lon="-64.9341383">
      <ele>1035.0000</ele>
    </rtept>
    <rtept lat="-31.7976588" lon="-64.9342532">
      <ele>1036.0000</ele>
    </rtept>
    <rtept lat="-31.7976654" lon="-64.9342609">
      <ele>1036.0000</ele>
    </rtept>
    <rtept lat="-31.7979262" lon="-64.9344831">
      <ele>1034.0000</ele>
    </rtept>
    <rtept lat="-31.7981023" lon="-64.9348435">
      <ele>1032.0000</ele>
    </rtept>
    <rtept lat="-31.7981806" lon="-64.9350813">
      <ele>1032.0000</ele>
    </rtept>
    <rtept lat="-31.7981872" lon="-64.9350889">
      <ele>1032.0000</ele>
    </rtept>
    <rtept lat="-31.7983503" lon="-64.9354647">
      <ele>1030.0000</ele>
    </rtept>
    <rtept lat="-31.7987284" lon="-64.9357483">
      <ele>1029.0000</ele>
    </rtept>
    <rtept lat="-31.7987284" lon="-64.9357559">
      <ele>1029.0000</ele>
    </rtept>
    <rtept lat="-31.7989176" lon="-64.9359476">
      <ele>1029.0000</ele>
    </rtept>
    <rtept lat="-31.7991848" lon="-64.9358938">
      <ele>1030.0000</ele>
    </rtept>
    <rtept lat="-31.7994586" lon="-64.9358246">
      <ele>1028.0000</ele>
    </rtept>
    <rtept lat="-31.7996857" lon="-64.9357171">
      <ele>1027.0000</ele>
    </rtept>
    <rtept lat="-31.7999726" lon="-64.9358474">
      <ele>1027.0000</ele>
    </rtept>
    <rtept lat="-31.8002529" lon="-64.9360006">
      <ele>1026.0000</ele>
    </rtept>
    <rtept lat="-31.8004291" lon="-64.9360389">
      <ele>1026.0000</ele>
    </rtept>
    <rtept lat="-31.8006247" lon="-64.9361538">
      <ele>1027.0000</ele>
    </rtept>
    <rtept lat="-31.8006443" lon="-64.9361692">
      <ele>1027.0000</ele>
    </rtept>
    <rtept lat="-31.8006704" lon="-64.9361922">
      <ele>1027.0000</ele>
    </rtept>
    <rtept lat="-31.8007290" lon="-64.9362612">
      <ele>1026.0000</ele>
    </rtept>
    <rtept lat="-31.8007421" lon="-64.9362765">
      <ele>1026.0000</ele>
    </rtept>
    <rtept lat="-31.8007617" lon="-64.9363149">
      <ele>1026.0000</ele>
    </rtept>
    <rtept lat="-31.8007877" lon="-64.9363532">
      <ele>1026.0000</ele>
    </rtept>
    <rtept lat="-31.8008073" lon="-64.9363762">
      <ele>1026.0000</ele>
    </rtept>
    <rtept lat="-31.8008399" lon="-64.9363992">
      <ele>1025.0000</ele>
    </rtept>
    <rtept lat="-31.8008595" lon="-64.9364068">
      <ele>1025.0000</ele>
    </rtept>
    <rtept lat="-31.8008856" lon="-64.9364222">
      <ele>1025.0000</ele>
    </rtept>
    <rtept lat="-31.8009312" lon="-64.9364528">
      <ele>1025.0000</ele>
    </rtept>
    <rtept lat="-31.8009638" lon="-64.9364605">
      <ele>1025.0000</ele>
    </rtept>
    <rtept lat="-31.8010094" lon="-64.9364835">
      <ele>1025.0000</ele>
    </rtept>
    <rtept lat="-31.8010616" lon="-64.9365065">
      <ele>1025.0000</ele>
    </rtept>
    <rtept lat="-31.8010877" lon="-64.9365141">
      <ele>1025.0000</ele>
    </rtept>
    <rtept lat="-31.8011203" lon="-64.9365141">
      <ele>1025.0000</ele>
    </rtept>
    <rtept lat="-31.8011398" lon="-64.9365141">
      <ele>1025.0000</ele>
    </rtept>
    <rtept lat="-31.8011985" lon="-64.9365064">
      <ele>1025.0000</ele>
    </rtept>
    <rtept lat="-31.8012246" lon="-64.9364987">
      <ele>1025.0000</ele>
    </rtept>
    <rtept lat="-31.8012571" lon="-64.9364910">
      <ele>1025.0000</ele>
    </rtept>
    <rtept lat="-31.8012963" lon="-64.9364910">
      <ele>1025.0000</ele>
    </rtept>
    <rtept lat="-31.8013093" lon="-64.9364833">
      <ele>1025.0000</ele>
    </rtept>
    <rtept lat="-31.8013354" lon="-64.9364680">
      <ele>1025.0000</ele>
    </rtept>
    <rtept lat="-31.8013745" lon="-64.9364449">
      <ele>1025.0000</ele>
    </rtept>
    <rtept lat="-31.8014070" lon="-64.9364142">
      <ele>1025.0000</ele>
    </rtept>
    <rtept lat="-31.8014201" lon="-64.9363836">
      <ele>1026.0000</ele>
    </rtept>
    <rtept lat="-31.8014461" lon="-64.9363299">
      <ele>1026.0000</ele>
    </rtept>
    <rtept lat="-31.8014591" lon="-64.9362762">
      <ele>1026.0000</ele>
    </rtept>
    <rtept lat="-31.8014591" lon="-64.9362608">
      <ele>1026.0000</ele>
    </rtept>
    <rtept lat="-31.8014852" lon="-64.9362071">
      <ele>1026.0000</ele>
    </rtept>
    <rtept lat="-31.8014852" lon="-64.9361994">
      <ele>1026.0000</ele>
    </rtept>
    <rtept lat="-31.8015504" lon="-64.9361534">
      <ele>1026.0000</ele>
    </rtept>
    <rtept lat="-31.8015829" lon="-64.9361227">
      <ele>1026.0000</ele>
    </rtept>
    <rtept lat="-31.8015960" lon="-64.9361074">
      <ele>1026.0000</ele>
    </rtept>
    <rtept lat="-31.8016351" lon="-64.9360690">
      <ele>1027.0000</ele>
    </rtept>
    <rtept lat="-31.8016546" lon="-64.9360306">
      <ele>1027.0000</ele>
    </rtept>
    <rtept lat="-31.8016807" lon="-64.9359769">
      <ele>1027.0000</ele>
    </rtept>
    <rtept lat="-31.8017002" lon="-64.9359462">
      <ele>1027.0000</ele>
    </rtept>
    <rtept lat="-31.8017198" lon="-64.9359155">
      <ele>1027.0000</ele>
    </rtept>
    <rtept lat="-31.8018923" lon="-64.9355585">
      <ele>1026.0000</ele>
    </rtept>
    <rtept lat="-31.8019228" lon="-64.9355405">
      <ele>1026.0000</ele>
    </rtept>
    <rtept lat="-31.8019609" lon="-64.9354956">
      <ele>1026.0000</ele>
    </rtept>
    <rtept lat="-31.8019990" lon="-64.9354328">
      <ele>1026.0000</ele>
    </rtept>
    <rtept lat="-31.8020601" lon="-64.9353429">
      <ele>1026.0000</ele>
    </rtept>
    <rtept lat="-31.8020753" lon="-64.9353250">
      <ele>1025.0000</ele>
    </rtept>
    <rtept lat="-31.8021058" lon="-64.9353070">
      <ele>1025.0000</ele>
    </rtept>
    <rtept lat="-31.8021363" lon="-64.9352801">
      <ele>1025.0000</ele>
    </rtept>
    <rtept lat="-31.8021745" lon="-64.9352441">
      <ele>1025.0000</ele>
    </rtept>
    <rtept lat="-31.8022431" lon="-64.9351723">
      <ele>1024.0000</ele>
    </rtept>
    <rtept lat="-31.8022813" lon="-64.9351004">
      <ele>1024.0000</ele>
    </rtept>
    <rtept lat="-31.8023118" lon="-64.9350376">
      <ele>1023.0000</ele>
    </rtept>
    <rtept lat="-31.8023346" lon="-64.9349927">
      <ele>1023.0000</ele>
    </rtept>
    <rtept lat="-31.8023575" lon="-64.9349567">
      <ele>1022.0000</ele>
    </rtept>
    <rtept lat="-31.8023880" lon="-64.9349208">
      <ele>1022.0000</ele>
    </rtept>
    <rtept lat="-31.8024262" lon="-64.9349028">
      <ele>1022.0000</ele>
    </rtept>
    <rtept lat="-31.8024796" lon="-64.9348759">
      <ele>1021.0000</ele>
    </rtept>
    <rtept lat="-31.8025177" lon="-64.9348220">
      <ele>1021.0000</ele>
    </rtept>
    <rtept lat="-31.8025330" lon="-64.9348130">
      <ele>1021.0000</ele>
    </rtept>
    <rtept lat="-31.8025482" lon="-64.9347771">
      <ele>1021.0000</ele>
    </rtept>
    <rtept lat="-31.8025940" lon="-64.9347142">
      <ele>1020.0000</ele>
    </rtept>
    <rtept lat="-31.8026397" lon="-64.9346783">
      <ele>1020.0000</ele>
    </rtept>
    <rtept lat="-31.8026855" lon="-64.9346603">
      <ele>1020.0000</ele>
    </rtept>
    <rtept lat="-31.8027236" lon="-64.9346423">
      <ele>1020.0000</ele>
    </rtept>
    <rtept lat="-31.8027923" lon="-64.9346333">
      <ele>1021.0000</ele>
    </rtept>
    <rtept lat="-31.8028839" lon="-64.9346332">
      <ele>1021.0000</ele>
    </rtept>
    <rtept lat="-31.8029220" lon="-64.9346512">
      <ele>1021.0000</ele>
    </rtept>
    <rtept lat="-31.8029602" lon="-64.9346781">
      <ele>1021.0000</ele>
    </rtept>
    <rtept lat="-31.8029984" lon="-64.9346960">
      <ele>1021.0000</ele>
    </rtept>
    <rtept lat="-31.8030441" lon="-64.9347050">
      <ele>1021.0000</ele>
    </rtept>
    <rtept lat="-31.8031205" lon="-64.9347319">
      <ele>1021.0000</ele>
    </rtept>
    <rtept lat="-31.8031586" lon="-64.9347498">
      <ele>1021.0000</ele>
    </rtept>
    <rtept lat="-31.8032349" lon="-64.9347588">
      <ele>1021.0000</ele>
    </rtept>
    <rtept lat="-31.8032807" lon="-64.9347767">
      <ele>1021.0000</ele>
    </rtept>
    <rtept lat="-31.8033265" lon="-64.9347677">
      <ele>1021.0000</ele>
    </rtept>
    <rtept lat="-31.8033952" lon="-64.9347228">
      <ele>1022.0000</ele>
    </rtept>
    <rtept lat="-31.8034180" lon="-64.9347138">
      <ele>1022.0000</ele>
    </rtept>
    <rtept lat="-31.8034562" lon="-64.9346868">
      <ele>1022.0000</ele>
    </rtept>
    <rtept lat="-31.8035096" lon="-64.9346509">
      <ele>1022.0000</ele>
    </rtept>
    <rtept lat="-31.8035477" lon="-64.9346239">
      <ele>1022.0000</ele>
    </rtept>
    <rtept lat="-31.8035859" lon="-64.9345880">
      <ele>1022.0000</ele>
    </rtept>
    <rtept lat="-31.8036240" lon="-64.9345610">
      <ele>1022.0000</ele>
    </rtept>
    <rtept lat="-31.8036698" lon="-64.9345071">
      <ele>1021.0000</ele>
    </rtept>
    <rtept lat="-31.8037155" lon="-64.9344712">
      <ele>1021.0000</ele>
    </rtept>
    <rtept lat="-31.8037537" lon="-64.9344353">
      <ele>1022.0000</ele>
    </rtept>
    <rtept lat="-31.8037918" lon="-64.9344083">
      <ele>1022.0000</ele>
    </rtept>
    <rtept lat="-31.8038528" lon="-64.9343454">
      <ele>1022.0000</ele>
    </rtept>
    <rtept lat="-31.8038910" lon="-64.9343185">
      <ele>1022.0000</ele>
    </rtept>
    <rtept lat="-31.8039139" lon="-64.9342915">
      <ele>1022.0000</ele>
    </rtept>
    <rtept lat="-31.8039444" lon="-64.9342646">
      <ele>1022.0000</ele>
    </rtept>
    <rtept lat="-31.8039978" lon="-64.9342376">
      <ele>1022.0000</ele>
    </rtept>
    <rtept lat="-31.8040359" lon="-64.9342376">
      <ele>1021.0000</ele>
    </rtept>
    <rtept lat="-31.8040512" lon="-64.9342286">
      <ele>1021.0000</ele>
    </rtept>
    <rtept lat="-31.8041046" lon="-64.9342106">
      <ele>1021.0000</ele>
    </rtept>
    <rtept lat="-31.8041580" lon="-64.9341837">
      <ele>1021.0000</ele>
    </rtept>
    <rtept lat="-31.8042267" lon="-64.9341836">
      <ele>1020.0000</ele>
    </rtept>
    <rtept lat="-31.8042343" lon="-64.9341836">
      <ele>1020.0000</ele>
    </rtept>
    <rtept lat="-31.8044090" lon="-64.9343362">
      <ele>1017.0000</ele>
    </rtept>
    <rtept lat="-31.8044472" lon="-64.9343721">
      <ele>1016.0000</ele>
    </rtept>
    <rtept lat="-31.8044701" lon="-64.9344529">
      <ele>1016.0000</ele>
    </rtept>
    <rtept lat="-31.8044854" lon="-64.9345157">
      <ele>1016.0000</ele>
    </rtept>
    <rtept lat="-31.8044930" lon="-64.9346145">
      <ele>1016.0000</ele>
    </rtept>
    <rtept lat="-31.8045007" lon="-64.9346594">
      <ele>1015.0000</ele>
    </rtept>
    <rtept lat="-31.8045160" lon="-64.9346953">
      <ele>1015.0000</ele>
    </rtept>
    <rtept lat="-31.8045312" lon="-64.9347401">
      <ele>1015.0000</ele>
    </rtept>
    <rtept lat="-31.8046076" lon="-64.9348568">
      <ele>1015.0000</ele>
    </rtept>
    <rtept lat="-31.8046381" lon="-64.9349197">
      <ele>1016.0000</ele>
    </rtept>
    <rtept lat="-31.8046534" lon="-64.9349825">
      <ele>1016.0000</ele>
    </rtept>
    <rtept lat="-31.8047323" lon="-64.9351800">
      <ele>1015.0000</ele>
    </rtept>
    <rtept lat="-31.8047629" lon="-64.9352159">
      <ele>1015.0000</ele>
    </rtept>
    <rtept lat="-31.8047858" lon="-64.9352518">
      <ele>1015.0000</ele>
    </rtept>
    <rtept lat="-31.8047934" lon="-64.9353236">
      <ele>1016.0000</ele>
    </rtept>
    <rtept lat="-31.8047934" lon="-64.9353326">
      <ele>1016.0000</ele>
    </rtept>
    <rtept lat="-31.8048240" lon="-64.9354134">
      <ele>1016.0000</ele>
    </rtept>
    <rtept lat="-31.8048698" lon="-64.9354403">
      <ele>1016.0000</ele>
    </rtept>
    <rtept lat="-31.8049079" lon="-64.9354582">
      <ele>1016.0000</ele>
    </rtept>
    <rtept lat="-31.8049461" lon="-64.9354852">
      <ele>1016.0000</ele>
    </rtept>
    <rtept lat="-31.8049766" lon="-64.9355031">
      <ele>1016.0000</ele>
    </rtept>
    <rtept lat="-31.8050148" lon="-64.9355031">
      <ele>1015.0000</ele>
    </rtept>
    <rtept lat="-31.8050529" lon="-64.9354761">
      <ele>1015.0000</ele>
    </rtept>
    <rtept lat="-31.8050834" lon="-64.9354582">
      <ele>1015.0000</ele>
    </rtept>
    <rtept lat="-31.8051216" lon="-64.9354581">
      <ele>1015.0000</ele>
    </rtept>
    <rtept lat="-31.8051597" lon="-64.9354581">
      <ele>1015.0000</ele>
    </rtept>
    <rtept lat="-31.8052055" lon="-64.9354581">
      <ele>1014.0000</ele>
    </rtept>
    <rtept lat="-31.8052513" lon="-64.9354311">
      <ele>1014.0000</ele>
    </rtept>
    <rtept lat="-31.8053199" lon="-64.9352156">
      <ele>1012.0000</ele>
    </rtept>
    <rtept lat="-31.8053199" lon="-64.9351617">
      <ele>1012.0000</ele>
    </rtept>
    <rtept lat="-31.8053198" lon="-64.9351168">
      <ele>1012.0000</ele>
    </rtept>
    <rtept lat="-31.8053351" lon="-64.9350719">
      <ele>1012.0000</ele>
    </rtept>
    <rtept lat="-31.8053503" lon="-64.9350181">
      <ele>1011.0000</ele>
    </rtept>
    <rtept lat="-31.8053656" lon="-64.9349732">
      <ele>1011.0000</ele>
    </rtept>
    <rtept lat="-31.8053961" lon="-64.9348923">
      <ele>1011.0000</ele>
    </rtept>
    <rtept lat="-31.8054037" lon="-64.9348564">
      <ele>1012.0000</ele>
    </rtept>
    <rtept lat="-31.8054189" lon="-64.9348115">
      <ele>1012.0000</ele>
    </rtept>
    <rtept lat="-31.8054266" lon="-64.9348025">
      <ele>1012.0000</ele>
    </rtept>
    <rtept lat="-31.8054723" lon="-64.9347487">
      <ele>1012.0000</ele>
    </rtept>
    <rtept lat="-31.8055028" lon="-64.9347397">
      <ele>1012.0000</ele>
    </rtept>
    <rtept lat="-31.8055410" lon="-64.9347396">
      <ele>1012.0000</ele>
    </rtept>
    <rtept lat="-31.8055715" lon="-64.9347576">
      <ele>1012.0000</ele>
    </rtept>
    <rtept lat="-31.8055944" lon="-64.9347845">
      <ele>1012.0000</ele>
    </rtept>
    <rtept lat="-31.8056478" lon="-64.9348204">
      <ele>1012.0000</ele>
    </rtept>
    <rtept lat="-31.8056860" lon="-64.9347934">
      <ele>1012.0000</ele>
    </rtept>
    <rtept lat="-31.8057165" lon="-64.9347755">
      <ele>1012.0000</ele>
    </rtept>
    <rtept lat="-31.8057546" lon="-64.9347575">
      <ele>1012.0000</ele>
    </rtept>
    <rtept lat="-31.8058004" lon="-64.9347485">
      <ele>1012.0000</ele>
    </rtept>
    <rtept lat="-31.8058615" lon="-64.9347485">
      <ele>1013.0000</ele>
    </rtept>
    <rtept lat="-31.8059072" lon="-64.9347484">
      <ele>1013.0000</ele>
    </rtept>
    <rtept lat="-31.8059378" lon="-64.9347664">
      <ele>1013.0000</ele>
    </rtept>
    <rtept lat="-31.8059530" lon="-64.9347933">
      <ele>1013.0000</ele>
    </rtept>
    <rtept lat="-31.8059760" lon="-64.9348561">
      <ele>1013.0000</ele>
    </rtept>
    <rtept lat="-31.8059989" lon="-64.9349010">
      <ele>1013.0000</ele>
    </rtept>
    <rtept lat="-31.8060616" lon="-64.9349574">
      <ele>1013.0000</ele>
    </rtept>
    <rtept lat="-31.8060853" lon="-64.9349759">
      <ele>1013.0000</ele>
    </rtept>
    <rtept lat="-31.8060932" lon="-64.9349806">
      <ele>1013.0000</ele>
    </rtept>
    <rtept lat="-31.8061090" lon="-64.9350131">
      <ele>1013.0000</ele>
    </rtept>
    <rtept lat="-31.8061248" lon="-64.9350224">
      <ele>1013.0000</ele>
    </rtept>
    <rtept lat="-31.8061406" lon="-64.9350363">
      <ele>1013.0000</ele>
    </rtept>
    <rtept lat="-31.8061564" lon="-64.9350502">
      <ele>1013.0000</ele>
    </rtept>
    <rtept lat="-31.8061761" lon="-64.9350874">
      <ele>1013.0000</ele>
    </rtept>
    <rtept lat="-31.8061879" lon="-64.9351059">
      <ele>1013.0000</ele>
    </rtept>
    <rtept lat="-31.8062116" lon="-64.9351245">
      <ele>1013.0000</ele>
    </rtept>
    <rtept lat="-31.8062353" lon="-64.9351245">
      <ele>1013.0000</ele>
    </rtept>
    <rtept lat="-31.8062550" lon="-64.9351245">
      <ele>1013.0000</ele>
    </rtept>
    <rtept lat="-31.8062748" lon="-64.9351337">
      <ele>1013.0000</ele>
    </rtept>
    <rtept lat="-31.8062985" lon="-64.9351523">
      <ele>1013.0000</ele>
    </rtept>
    <rtept lat="-31.8063182" lon="-64.9351662">
      <ele>1013.0000</ele>
    </rtept>
    <rtept lat="-31.8063340" lon="-64.9351755">
      <ele>1013.0000</ele>
    </rtept>
    <rtept lat="-31.8063537" lon="-64.9351894">
      <ele>1012.0000</ele>
    </rtept>
    <rtept lat="-31.8063774" lon="-64.9352080">
      <ele>1012.0000</ele>
    </rtept>
    <rtept lat="-31.8063932" lon="-64.9352080">
      <ele>1012.0000</ele>
    </rtept>
    <rtept lat="-31.8064287" lon="-64.9352126">
      <ele>1012.0000</ele>
    </rtept>
    <rtept lat="-31.8064406" lon="-64.9352219">
      <ele>1012.0000</ele>
    </rtept>
    <rtept lat="-31.8064524" lon="-64.9352312">
      <ele>1012.0000</ele>
    </rtept>
    <rtept lat="-31.8064761" lon="-64.9352451">
      <ele>1012.0000</ele>
    </rtept>
    <rtept lat="-31.8064958" lon="-64.9352451">
      <ele>1012.0000</ele>
    </rtept>
    <rtept lat="-31.8065156" lon="-64.9352451">
      <ele>1012.0000</ele>
    </rtept>
    <rtept lat="-31.8065313" lon="-64.9352451">
      <ele>1012.0000</ele>
    </rtept>
    <rtept lat="-31.8065550" lon="-64.9352636">
      <ele>1012.0000</ele>
    </rtept>
    <rtept lat="-31.8065708" lon="-64.9352776">
      <ele>1012.0000</ele>
    </rtept>
    <rtept lat="-31.8065866" lon="-64.9352729">
      <ele>1012.0000</ele>
    </rtept>
    <rtept lat="-31.8066063" lon="-64.9352590">
      <ele>1012.0000</ele>
    </rtept>
    <rtept lat="-31.8066261" lon="-64.9352589">
      <ele>1012.0000</ele>
    </rtept>
    <rtept lat="-31.8066379" lon="-64.9352543">
      <ele>1012.0000</ele>
    </rtept>
    <rtept lat="-31.8067248" lon="-64.9353564">
      <ele>1013.0000</ele>
    </rtept>
    <rtept lat="-31.8068024" lon="-64.9354424">
      <ele>1014.0000</ele>
    </rtept>
    <rtept lat="-31.8068103" lon="-64.9354517">
      <ele>1014.0000</ele>
    </rtept>
    <rtept lat="-31.8068261" lon="-64.9354702">
      <ele>1014.0000</ele>
    </rtept>
    <rtept lat="-31.8068419" lon="-64.9354934">
      <ele>1014.0000</ele>
    </rtept>
    <rtept lat="-31.8068498" lon="-64.9355027">
      <ele>1014.0000</ele>
    </rtept>
    <rtept lat="-31.8068538" lon="-64.9355167">
      <ele>1014.0000</ele>
    </rtept>
    <rtept lat="-31.8068656" lon="-64.9355445">
      <ele>1015.0000</ele>
    </rtept>
    <rtept lat="-31.8068696" lon="-64.9355492">
      <ele>1015.0000</ele>
    </rtept>
    <rtept lat="-31.8068735" lon="-64.9355863">
      <ele>1015.0000</ele>
    </rtept>
    <rtept lat="-31.8068775" lon="-64.9356467">
      <ele>1016.0000</ele>
    </rtept>
    <rtept lat="-31.8068775" lon="-64.9356745">
      <ele>1016.0000</ele>
    </rtept>
    <rtept lat="-31.8068736" lon="-64.9357210">
      <ele>1017.0000</ele>
    </rtept>
    <rtept lat="-31.8068736" lon="-64.9357488">
      <ele>1017.0000</ele>
    </rtept>
    <rtept lat="-31.8068657" lon="-64.9357814">
      <ele>1017.0000</ele>
    </rtept>
    <rtept lat="-31.8068657" lon="-64.9358464">
      <ele>1018.0000</ele>
    </rtept>
    <rtept lat="-31.8068657" lon="-64.9358789">
      <ele>1018.0000</ele>
    </rtept>
    <rtept lat="-31.8068776" lon="-64.9359160">
      <ele>1018.0000</ele>
    </rtept>
    <rtept lat="-31.8068894" lon="-64.9359578">
      <ele>1019.0000</ele>
    </rtept>
    <rtept lat="-31.8068973" lon="-64.9359717">
      <ele>1019.0000</ele>
    </rtept>
    <rtept lat="-31.8069013" lon="-64.9359903">
      <ele>1019.0000</ele>
    </rtept>
    <rtept lat="-31.8069131" lon="-64.9360228">
      <ele>1019.0000</ele>
    </rtept>
    <rtept lat="-31.8069250" lon="-64.9360507">
      <ele>1019.0000</ele>
    </rtept>
    <rtept lat="-31.8069329" lon="-64.9360692">
      <ele>1019.0000</ele>
    </rtept>
    <rtept lat="-31.8069447" lon="-64.9360878">
      <ele>1019.0000</ele>
    </rtept>
    <rtept lat="-31.8069487" lon="-64.9361064">
      <ele>1019.0000</ele>
    </rtept>
    <rtept lat="-31.8069684" lon="-64.9361435">
      <ele>1020.0000</ele>
    </rtept>
    <rtept lat="-31.8069803" lon="-64.9361621">
      <ele>1020.0000</ele>
    </rtept>
    <rtept lat="-31.8069842" lon="-64.9361946">
      <ele>1020.0000</ele>
    </rtept>
    <rtept lat="-31.8069961" lon="-64.9362039">
      <ele>1020.0000</ele>
    </rtept>
    <rtept lat="-31.8070040" lon="-64.9362271">
      <ele>1020.0000</ele>
    </rtept>
    <rtept lat="-31.8070079" lon="-64.9362503">
      <ele>1020.0000</ele>
    </rtept>
    <rtept lat="-31.8070158" lon="-64.9362689">
      <ele>1020.0000</ele>
    </rtept>
    <rtept lat="-31.8070237" lon="-64.9362967">
      <ele>1020.0000</ele>
    </rtept>
    <rtept lat="-31.8070316" lon="-64.9363293">
      <ele>1021.0000</ele>
    </rtept>
    <rtept lat="-31.8070554" lon="-64.9365847">
      <ele>1022.0000</ele>
    </rtept>
    <rtept lat="-31.8070910" lon="-64.9367657">
      <ele>1023.0000</ele>
    </rtept>
    <rtept lat="-31.8071345" lon="-64.9369329">
      <ele>1024.0000</ele>
    </rtept>
    <rtept lat="-31.8071463" lon="-64.9369747">
      <ele>1024.0000</ele>
    </rtept>
    <rtept lat="-31.8071701" lon="-64.9372394">
      <ele>1027.0000</ele>
    </rtept>
    <rtept lat="-31.8071899" lon="-64.9374066">
      <ele>1029.0000</ele>
    </rtept>
    <rtept lat="-31.8071899" lon="-64.9374298">
      <ele>1029.0000</ele>
    </rtept>
    <rtept lat="-31.8071899" lon="-64.9374483">
      <ele>1029.0000</ele>
    </rtept>
    <rtept lat="-31.8071938" lon="-64.9374669">
      <ele>1029.0000</ele>
    </rtept>
    <rtept lat="-31.8072017" lon="-64.9374994">
      <ele>1030.0000</ele>
    </rtept>
    <rtept lat="-31.8072057" lon="-64.9375041">
      <ele>1030.0000</ele>
    </rtept>
    <rtept lat="-31.8072096" lon="-64.9375226">
      <ele>1030.0000</ele>
    </rtept>
    <rtept lat="-31.8072136" lon="-64.9375412">
      <ele>1030.0000</ele>
    </rtept>
    <rtept lat="-31.8072255" lon="-64.9375830">
      <ele>1031.0000</ele>
    </rtept>
    <rtept lat="-31.8072255" lon="-64.9376387">
      <ele>1032.0000</ele>
    </rtept>
    <rtept lat="-31.8072255" lon="-64.9376805">
      <ele>1033.0000</ele>
    </rtept>
    <rtept lat="-31.8072255" lon="-64.9377084">
      <ele>1033.0000</ele>
    </rtept>
    <rtept lat="-31.8072334" lon="-64.9377270">
      <ele>1034.0000</ele>
    </rtept>
    <rtept lat="-31.8072413" lon="-64.9377595">
      <ele>1034.0000</ele>
    </rtept>
    <rtept lat="-31.8072532" lon="-64.9377920">
      <ele>1034.0000</ele>
    </rtept>
    <rtept lat="-31.8072571" lon="-64.9378059">
      <ele>1035.0000</ele>
    </rtept>
    <rtept lat="-31.8072611" lon="-64.9378338">
      <ele>1035.0000</ele>
    </rtept>
    <rtept lat="-31.8072690" lon="-64.9378663">
      <ele>1035.0000</ele>
    </rtept>
    <rtept lat="-31.8072927" lon="-64.9379971">
      <ele>1036.0000</ele>
    </rtept>
    <rtept lat="-31.8073125" lon="-64.9381457">
      <ele>1036.0000</ele>
    </rtept>
    <rtept lat="-31.8073204" lon="-64.9381735">
      <ele>1036.0000</ele>
    </rtept>
    <rtept lat="-31.8073204" lon="-64.9381782">
      <ele>1036.0000</ele>
    </rtept>
    <rtept lat="-31.8073204" lon="-64.9382060">
      <ele>1036.0000</ele>
    </rtept>
    <rtept lat="-31.8073204" lon="-64.9382385">
      <ele>1036.0000</ele>
    </rtept>
    <rtept lat="-31.8073204" lon="-64.9382664">
      <ele>1036.0000</ele>
    </rtept>
    <rtept lat="-31.8073204" lon="-64.9383036">
      <ele>1036.0000</ele>
    </rtept>
    <rtept lat="-31.8073204" lon="-64.9383593">
      <ele>1036.0000</ele>
    </rtept>
    <rtept lat="-31.8073204" lon="-64.9384011">
      <ele>1036.0000</ele>
    </rtept>
    <rtept lat="-31.8073205" lon="-64.9384429">
      <ele>1036.0000</ele>
    </rtept>
    <rtept lat="-31.8073205" lon="-64.9385079">
      <ele>1035.0000</ele>
    </rtept>
    <rtept lat="-31.8073205" lon="-64.9385311">
      <ele>1035.0000</ele>
    </rtept>
    <rtept lat="-31.8073205" lon="-64.9385590">
      <ele>1035.0000</ele>
    </rtept>
    <rtept lat="-31.8073205" lon="-64.9386054">
      <ele>1035.0000</ele>
    </rtept>
    <rtept lat="-31.8073284" lon="-64.9386379">
      <ele>1035.0000</ele>
    </rtept>
    <rtept lat="-31.8073324" lon="-64.9386611">
      <ele>1035.0000</ele>
    </rtept>
    <rtept lat="-31.8073403" lon="-64.9387076">
      <ele>1034.0000</ele>
    </rtept>
    <rtept lat="-31.8073403" lon="-64.9387587">
      <ele>1034.0000</ele>
    </rtept>
    <rtept lat="-31.8073403" lon="-64.9388190">
      <ele>1034.0000</ele>
    </rtept>
    <rtept lat="-31.8073403" lon="-64.9388330">
      <ele>1033.0000</ele>
    </rtept>
    <rtept lat="-31.8073403" lon="-64.9388655">
      <ele>1033.0000</ele>
    </rtept>
    <rtept lat="-31.8073285" lon="-64.9388933">
      <ele>1033.0000</ele>
    </rtept>
    <rtept lat="-31.8073206" lon="-64.9389212">
      <ele>1033.0000</ele>
    </rtept>
    <rtept lat="-31.8073088" lon="-64.9389491">
      <ele>1033.0000</ele>
    </rtept>
    <rtept lat="-31.8072970" lon="-64.9389862">
      <ele>1032.0000</ele>
    </rtept>
    <rtept lat="-31.8072458" lon="-64.9394878">
      <ele>1026.0000</ele>
    </rtept>
    <rtept lat="-31.8072065" lon="-64.9398686">
      <ele>1025.0000</ele>
    </rtept>
    <rtept lat="-31.8071986" lon="-64.9399058">
      <ele>1025.0000</ele>
    </rtept>
    <rtept lat="-31.8071790" lon="-64.9401519">
      <ele>1025.0000</ele>
    </rtept>
    <rtept lat="-31.8071790" lon="-64.9404073">
      <ele>1024.0000</ele>
    </rtept>
    <rtept lat="-31.8071711" lon="-64.9404305">
      <ele>1024.0000</ele>
    </rtept>
    <rtept lat="-31.8071712" lon="-64.9404537">
      <ele>1024.0000</ele>
    </rtept>
    <rtept lat="-31.8071200" lon="-64.9408810">
      <ele>1022.0000</ele>
    </rtept>
    <rtept lat="-31.8071043" lon="-64.9412567">
      <ele>1021.0000</ele>
    </rtept>
    <rtept lat="-31.8070571" lon="-64.9416793">
      <ele>1019.0000</ele>
    </rtept>
    <rtept lat="-31.8070571" lon="-64.9417211">
      <ele>1019.0000</ele>
    </rtept>
    <rtept lat="-31.8070453" lon="-64.9419162">
      <ele>1019.0000</ele>
    </rtept>
    <rtept lat="-31.8070453" lon="-64.9419394">
      <ele>1019.0000</ele>
    </rtept>
    <rtept lat="-31.8070336" lon="-64.9421948">
      <ele>1017.0000</ele>
    </rtept>
    <rtept lat="-31.8069863" lon="-64.9423899">
      <ele>1014.0000</ele>
    </rtept>
    <rtept lat="-31.8069744" lon="-64.9424084">
      <ele>1013.0000</ele>
    </rtept>
    <rtept lat="-31.8069587" lon="-64.9424456">
      <ele>1013.0000</ele>
    </rtept>
    <rtept lat="-31.8068482" lon="-64.9425339">
      <ele>1012.0000</ele>
    </rtept>
    <rtept lat="-31.8067693" lon="-64.9425803">
      <ele>1012.0000</ele>
    </rtept>
    <rtept lat="-31.8067535" lon="-64.9425896">
      <ele>1012.0000</ele>
    </rtept>
    <rtept lat="-31.8067338" lon="-64.9426129">
      <ele>1011.0000</ele>
    </rtept>
    <rtept lat="-31.8067140" lon="-64.9426454">
      <ele>1011.0000</ele>
    </rtept>
    <rtept lat="-31.8067101" lon="-64.9426640">
      <ele>1011.0000</ele>
    </rtept>
    <rtept lat="-31.8067101" lon="-64.9426965">
      <ele>1011.0000</ele>
    </rtept>
    <rtept lat="-31.8067141" lon="-64.9427150">
      <ele>1011.0000</ele>
    </rtept>
    <rtept lat="-31.8067220" lon="-64.9427197">
      <ele>1011.0000</ele>
    </rtept>
    <rtept lat="-31.8067378" lon="-64.9427290">
      <ele>1011.0000</ele>
    </rtept>
    <rtept lat="-31.8067535" lon="-64.9427429">
      <ele>1010.0000</ele>
    </rtept>
    <rtept lat="-31.8067733" lon="-64.9427754">
      <ele>1010.0000</ele>
    </rtept>
    <rtept lat="-31.8067970" lon="-64.9427986">
      <ele>1010.0000</ele>
    </rtept>
    <rtept lat="-31.8068285" lon="-64.9428172">
      <ele>1010.0000</ele>
    </rtept>
    <rtept lat="-31.8068483" lon="-64.9428311">
      <ele>1010.0000</ele>
    </rtept>
    <rtept lat="-31.8068641" lon="-64.9428450">
      <ele>1010.0000</ele>
    </rtept>
    <rtept lat="-31.8068759" lon="-64.9428543">
      <ele>1009.0000</ele>
    </rtept>
    <rtept lat="-31.8068996" lon="-64.9428821">
      <ele>1009.0000</ele>
    </rtept>
    <rtept lat="-31.8069075" lon="-64.9429007">
      <ele>1009.0000</ele>
    </rtept>
    <rtept lat="-31.8069233" lon="-64.9429332">
      <ele>1009.0000</ele>
    </rtept>
    <rtept lat="-31.8069351" lon="-64.9429518">
      <ele>1008.0000</ele>
    </rtept>
    <rtept lat="-31.8069430" lon="-64.9429750">
      <ele>1008.0000</ele>
    </rtept>
    <rtept lat="-31.8069588" lon="-64.9430029">
      <ele>1008.0000</ele>
    </rtept>
    <rtept lat="-31.8069588" lon="-64.9430075">
      <ele>1008.0000</ele>
    </rtept>
    <rtept lat="-31.8069667" lon="-64.9430307">
      <ele>1008.0000</ele>
    </rtept>
    <rtept lat="-31.8069746" lon="-64.9430493">
      <ele>1008.0000</ele>
    </rtept>
    <rtept lat="-31.8069904" lon="-64.9430957">
      <ele>1007.0000</ele>
    </rtept>
    <rtept lat="-31.8069944" lon="-64.9431236">
      <ele>1007.0000</ele>
    </rtept>
    <rtept lat="-31.8069983" lon="-64.9431561">
      <ele>1007.0000</ele>
    </rtept>
    <rtept lat="-31.8070023" lon="-64.9431886">
      <ele>1006.0000</ele>
    </rtept>
    <rtept lat="-31.8070023" lon="-64.9432072">
      <ele>1006.0000</ele>
    </rtept>
    <rtept lat="-31.8070023" lon="-64.9432304">
      <ele>1006.0000</ele>
    </rtept>
    <rtept lat="-31.8070023" lon="-64.9432536">
      <ele>1006.0000</ele>
    </rtept>
    <rtept lat="-31.8070023" lon="-64.9432768">
      <ele>1006.0000</ele>
    </rtept>
    <rtept lat="-31.8070023" lon="-64.9432954">
      <ele>1006.0000</ele>
    </rtept>
    <rtept lat="-31.8069945" lon="-64.9433418">
      <ele>1005.0000</ele>
    </rtept>
    <rtept lat="-31.8069905" lon="-64.9433697">
      <ele>1005.0000</ele>
    </rtept>
    <rtept lat="-31.8069905" lon="-64.9433929">
      <ele>1004.0000</ele>
    </rtept>
    <rtept lat="-31.8069905" lon="-64.9434208">
      <ele>1003.0000</ele>
    </rtept>
    <rtept lat="-31.8069905" lon="-64.9434440">
      <ele>1003.0000</ele>
    </rtept>
    <rtept lat="-31.8069906" lon="-64.9435044">
      <ele>1002.0000</ele>
    </rtept>
    <rtept lat="-31.8069906" lon="-64.9435276">
      <ele>1001.0000</ele>
    </rtept>
    <rtept lat="-31.8069906" lon="-64.9435369">
      <ele>1001.0000</ele>
    </rtept>
    <rtept lat="-31.8069906" lon="-64.9435787">
      <ele>1000.0000</ele>
    </rtept>
    <rtept lat="-31.8069906" lon="-64.9436065">
      <ele>999.00000</ele>
    </rtept>
    <rtept lat="-31.8069906" lon="-64.9436251">
      <ele>999.00000</ele>
    </rtept>
    <rtept lat="-31.8069906" lon="-64.9436623">
      <ele>999.00000</ele>
    </rtept>
    <rtept lat="-31.8069906" lon="-64.9436901">
      <ele>998.00000</ele>
    </rtept>
    <rtept lat="-31.8069906" lon="-64.9437041">
      <ele>998.00000</ele>
    </rtept>
    <rtept lat="-31.8069906" lon="-64.9437273">
      <ele>998.00000</ele>
    </rtept>
    <rtept lat="-31.8069906" lon="-64.9437644">
      <ele>997.00000</ele>
    </rtept>
    <rtept lat="-31.8069906" lon="-64.9437877">
      <ele>997.00000</ele>
    </rtept>
    <rtept lat="-31.8070064" lon="-64.9438155">
      <ele>996.00000</ele>
    </rtept>
    <rtept lat="-31.8070183" lon="-64.9438387">
      <ele>996.00000</ele>
    </rtept>
    <rtept lat="-31.8070301" lon="-64.9438619">
      <ele>996.00000</ele>
    </rtept>
    <rtept lat="-31.8070380" lon="-64.9438805">
      <ele>995.00000</ele>
    </rtept>
    <rtept lat="-31.8070499" lon="-64.9439084">
      <ele>995.00000</ele>
    </rtept>
    <rtept lat="-31.8070657" lon="-64.9439409">
      <ele>995.00000</ele>
    </rtept>
    <rtept lat="-31.8070696" lon="-64.9439455">
      <ele>995.00000</ele>
    </rtept>
    <rtept lat="-31.8070894" lon="-64.9439641">
      <ele>995.00000</ele>
    </rtept>
    <rtept lat="-31.8071091" lon="-64.9439780">
      <ele>994.00000</ele>
    </rtept>
    <rtept lat="-31.8071249" lon="-64.9439873">
      <ele>994.00000</ele>
    </rtept>
    <rtept lat="-31.8071328" lon="-64.9439873">
      <ele>994.00000</ele>
    </rtept>
    <rtept lat="-31.8072275" lon="-64.9440670">
      <ele>994.00000</ele>
    </rtept>
    <rtept lat="-31.8072710" lon="-64.9442760">
      <ele>993.00000</ele>
    </rtept>
    <rtept lat="-31.8072749" lon="-64.9442992">
      <ele>993.00000</ele>
    </rtept>
    <rtept lat="-31.8074233" lon="-64.9451350">
      <ele>988.00000</ele>
    </rtept>
    <rtept lat="-31.8075142" lon="-64.9456365">
      <ele>984.00000</ele>
    </rtept>
    <rtept lat="-31.8076050" lon="-64.9456458">
      <ele>984.00000</ele>
    </rtept>
    <rtept lat="-31.8076208" lon="-64.9456504">
      <ele>984.00000</ele>
    </rtept>
    <rtept lat="-31.8076405" lon="-64.9456551">
      <ele>984.00000</ele>
    </rtept>
    <rtept lat="-31.8076523" lon="-64.9456551">
      <ele>984.00000</ele>
    </rtept>
    <rtept lat="-31.8076760" lon="-64.9456690">
      <ele>984.00000</ele>
    </rtept>
    <rtept lat="-31.8076997" lon="-64.9456783">
      <ele>984.00000</ele>
    </rtept>
    <rtept lat="-31.8077155" lon="-64.9457061">
      <ele>984.00000</ele>
    </rtept>
    <rtept lat="-31.8077273" lon="-64.9457247">
      <ele>984.00000</ele>
    </rtept>
    <rtept lat="-31.8077313" lon="-64.9457433">
      <ele>984.00000</ele>
    </rtept>
    <rtept lat="-31.8077431" lon="-64.9457665">
      <ele>983.00000</ele>
    </rtept>
    <rtept lat="-31.8078221" lon="-64.9458825">
      <ele>982.00000</ele>
    </rtept>
    <rtept lat="-31.8078892" lon="-64.9460450">
      <ele>980.00000</ele>
    </rtept>
    <rtept lat="-31.8079998" lon="-64.9461890">
      <ele>979.00000</ele>
    </rtept>
    <rtept lat="-31.8081498" lon="-64.9463143">
      <ele>978.00000</ele>
    </rtept>
    <rtept lat="-31.8082406" lon="-64.9464396">
      <ele>977.00000</ele>
    </rtept>
    <rtept lat="-31.8082445" lon="-64.9464396">
      <ele>977.00000</ele>
    </rtept>
    <rtept lat="-31.8082919" lon="-64.9465279">
      <ele>976.00000</ele>
    </rtept>
    <rtept lat="-31.8083432" lon="-64.9465743">
      <ele>976.00000</ele>
    </rtept>
    <rtept lat="-31.8084577" lon="-64.9466207">
      <ele>976.00000</ele>
    </rtept>
    <rtept lat="-31.8087676" lon="-64.9467367">
      <ele>977.00000</ele>
    </rtept>
    <rtept lat="-31.8090083" lon="-64.9468341">
      <ele>978.00000</ele>
    </rtept>
    <rtept lat="-31.8091987" lon="-64.9468990">
      <ele>977.00000</ele>
    </rtept>
    <rtept lat="-31.8093842" lon="-64.9469408">
      <ele>977.00000</ele>
    </rtept>
    <rtept lat="-31.8097132" lon="-64.9470707">
      <ele>978.00000</ele>
    </rtept>
    <rtept lat="-31.8098947" lon="-64.9470985">
      <ele>978.00000</ele>
    </rtept>
    <rtept lat="-31.8100092" lon="-64.9471096">
      <ele>978.00000</ele>
    </rtept>
    <rtept lat="-31.8101631" lon="-64.9472256">
      <ele>977.00000</ele>
    </rtept>
    <rtept lat="-31.8103171" lon="-64.9472766">
      <ele>977.00000</ele>
    </rtept>
    <rtept lat="-31.8104473" lon="-64.9473184">
      <ele>976.00000</ele>
    </rtept>
    <rtept lat="-31.8105499" lon="-64.9472859">
      <ele>977.00000</ele>
    </rtept>
    <rtept lat="-31.8105578" lon="-64.9472858">
      <ele>977.00000</ele>
    </rtept>
    <rtept lat="-31.8106841" lon="-64.9472858">
      <ele>975.00000</ele>
    </rtept>
    <rtept lat="-31.8106920" lon="-64.9473044">
      <ele>975.00000</ele>
    </rtept>
    <rtept lat="-31.8107788" lon="-64.9473972">
      <ele>972.00000</ele>
    </rtept>
    <rtept lat="-31.8108696" lon="-64.9474390">
      <ele>971.00000</ele>
    </rtept>
    <rtept lat="-31.8109486" lon="-64.9474529">
      <ele>970.00000</ele>
    </rtept>
    <rtept lat="-31.8110670" lon="-64.9475132">
      <ele>969.00000</ele>
    </rtept>
    <rtept lat="-31.8112170" lon="-64.9475968">
      <ele>966.00000</ele>
    </rtept>
    <rtept lat="-31.8113077" lon="-64.9474713">
      <ele>967.00000</ele>
    </rtept>
    <rtept lat="-31.8113908" lon="-64.9474574">
      <ele>966.00000</ele>
    </rtept>
    <rtept lat="-31.8114145" lon="-64.9474620">
      <ele>966.00000</ele>
    </rtept>
    <rtept lat="-31.8114421" lon="-64.9474806">
      <ele>965.00000</ele>
    </rtept>
    <rtept lat="-31.8114579" lon="-64.9474899">
      <ele>965.00000</ele>
    </rtept>
    <rtept lat="-31.8114855" lon="-64.9475177">
      <ele>964.00000</ele>
    </rtept>
    <rtept lat="-31.8114974" lon="-64.9475223">
      <ele>964.00000</ele>
    </rtept>
    <rtept lat="-31.8115171" lon="-64.9475456">
      <ele>963.00000</ele>
    </rtept>
    <rtept lat="-31.8115448" lon="-64.9475595">
      <ele>963.00000</ele>
    </rtept>
    <rtept lat="-31.8115684" lon="-64.9475595">
      <ele>962.00000</ele>
    </rtept>
    <rtept lat="-31.8115842" lon="-64.9475595">
      <ele>962.00000</ele>
    </rtept>
    <rtept lat="-31.8116079" lon="-64.9475455">
      <ele>962.00000</ele>
    </rtept>
    <rtept lat="-31.8116276" lon="-64.9475316">
      <ele>962.00000</ele>
    </rtept>
    <rtept lat="-31.8116474" lon="-64.9475177">
      <ele>962.00000</ele>
    </rtept>
    <rtept lat="-31.8116631" lon="-64.9475130">
      <ele>962.00000</ele>
    </rtept>
    <rtept lat="-31.8116868" lon="-64.9475130">
      <ele>962.00000</ele>
    </rtept>
    <rtept lat="-31.8117026" lon="-64.9475130">
      <ele>962.00000</ele>
    </rtept>
    <rtept lat="-31.8117342" lon="-64.9475130">
      <ele>961.00000</ele>
    </rtept>
    <rtept lat="-31.8117739" lon="-64.9475088">
      <ele>960.00000</ele>
    </rtept>
    <rtept lat="-31.8117872" lon="-64.9475182">
      <ele>960.00000</ele>
    </rtept>
    <rtept lat="-31.8117978" lon="-64.9475245">
      <ele>959.00000</ele>
    </rtept>
    <rtept lat="-31.8118085" lon="-64.9475339">
      <ele>959.00000</ele>
    </rtept>
    <rtept lat="-31.8118244" lon="-64.9475432">
      <ele>959.00000</ele>
    </rtept>
    <rtept lat="-31.8118351" lon="-64.9475432">
      <ele>958.00000</ele>
    </rtept>
    <rtept lat="-31.8118511" lon="-64.9475464">
      <ele>958.00000</ele>
    </rtept>
    <rtept lat="-31.8118750" lon="-64.9475495">
      <ele>958.00000</ele>
    </rtept>
    <rtept lat="-31.8118910" lon="-64.9475495">
      <ele>957.00000</ele>
    </rtept>
    <rtept lat="-31.8118990" lon="-64.9475495">
      <ele>957.00000</ele>
    </rtept>
    <rtept lat="-31.8119096" lon="-64.9475495">
      <ele>957.00000</ele>
    </rtept>
    <rtept lat="-31.8119282" lon="-64.9475495">
      <ele>956.00000</ele>
    </rtept>
    <rtept lat="-31.8119389" lon="-64.9475495">
      <ele>956.00000</ele>
    </rtept>
    <rtept lat="-31.8119495" lon="-64.9475401">
      <ele>956.00000</ele>
    </rtept>
    <rtept lat="-31.8119548" lon="-64.9475275">
      <ele>956.00000</ele>
    </rtept>
    <rtept lat="-31.8119575" lon="-64.9475119">
      <ele>956.00000</ele>
    </rtept>
    <rtept lat="-31.8119628" lon="-64.9474931">
      <ele>956.00000</ele>
    </rtept>
    <rtept lat="-31.8119655" lon="-64.9474868">
      <ele>956.00000</ele>
    </rtept>
    <rtept lat="-31.8119814" lon="-64.9474806">
      <ele>956.00000</ele>
    </rtept>
    <rtept lat="-31.8119921" lon="-64.9474806">
      <ele>956.00000</ele>
    </rtept>
    <rtept lat="-31.8120001" lon="-64.9474806">
      <ele>956.00000</ele>
    </rtept>
    <rtept lat="-31.8120107" lon="-64.9474868">
      <ele>956.00000</ele>
    </rtept>
    <rtept lat="-31.8120240" lon="-64.9474931">
      <ele>956.00000</ele>
    </rtept>
    <rtept lat="-31.8120373" lon="-64.9474962">
      <ele>956.00000</ele>
    </rtept>
    <rtept lat="-31.8120400" lon="-64.9474931">
      <ele>955.00000</ele>
    </rtept>
    <rtept lat="-31.8120559" lon="-64.9474837">
      <ele>955.00000</ele>
    </rtept>
    <rtept lat="-31.8120639" lon="-64.9474774">
      <ele>955.00000</ele>
    </rtept>
    <rtept lat="-31.8120825" lon="-64.9474649">
      <ele>955.00000</ele>
    </rtept>
    <rtept lat="-31.8120959" lon="-64.9474649">
      <ele>955.00000</ele>
    </rtept>
    <rtept lat="-31.8121118" lon="-64.9474649">
      <ele>955.00000</ele>
    </rtept>
    <rtept lat="-31.8121225" lon="-64.9474711">
      <ele>955.00000</ele>
    </rtept>
    <rtept lat="-31.8121331" lon="-64.9474774">
      <ele>955.00000</ele>
    </rtept>
    <rtept lat="-31.8121464" lon="-64.9474617">
      <ele>954.00000</ele>
    </rtept>
    <rtept lat="-31.8121597" lon="-64.9474617">
      <ele>954.00000</ele>
    </rtept>
    <rtept lat="-31.8121757" lon="-64.9475115">
      <ele>954.00000</ele>
    </rtept>
    <rtept lat="-31.8121757" lon="-64.9475240">
      <ele>954.00000</ele>
    </rtept>
    <rtept lat="-31.8121837" lon="-64.9475428">
      <ele>954.00000</ele>
    </rtept>
    <rtept lat="-31.8121917" lon="-64.9475522">
      <ele>954.00000</ele>
    </rtept>
    <rtept lat="-31.8121997" lon="-64.9475616">
      <ele>953.00000</ele>
    </rtept>
    <rtept lat="-31.8122076" lon="-64.9475741">
      <ele>953.00000</ele>
    </rtept>
    <rtept lat="-31.8122183" lon="-64.9475866">
      <ele>953.00000</ele>
    </rtept>
    <rtept lat="-31.8122077" lon="-64.9476242">
      <ele>953.00000</ele>
    </rtept>
    <rtept lat="-31.8121944" lon="-64.9476555">
      <ele>953.00000</ele>
    </rtept>
    <rtept lat="-31.8121944" lon="-64.9476806">
      <ele>953.00000</ele>
    </rtept>
    <rtept lat="-31.8122024" lon="-64.9476962">
      <ele>953.00000</ele>
    </rtept>
    <rtept lat="-31.8122024" lon="-64.9477463">
      <ele>953.00000</ele>
    </rtept>
    <rtept lat="-31.8122024" lon="-64.9477714">
      <ele>953.00000</ele>
    </rtept>
    <rtept lat="-31.8122050" lon="-64.9477933">
      <ele>953.00000</ele>
    </rtept>
    <rtept lat="-31.8122077" lon="-64.9477996">
      <ele>953.00000</ele>
    </rtept>
    <rtept lat="-31.8122104" lon="-64.9478215">
      <ele>953.00000</ele>
    </rtept>
    <rtept lat="-31.8122157" lon="-64.9478434">
      <ele>953.00000</ele>
    </rtept>
    <rtept lat="-31.8122210" lon="-64.9478496">
      <ele>953.00000</ele>
    </rtept>
    <rtept lat="-31.8122290" lon="-64.9478684">
      <ele>953.00000</ele>
    </rtept>
    <rtept lat="-31.8122423" lon="-64.9478841">
      <ele>953.00000</ele>
    </rtept>
    <rtept lat="-31.8122423" lon="-64.9478872">
      <ele>953.00000</ele>
    </rtept>
    <rtept lat="-31.8122344" lon="-64.9479279">
      <ele>953.00000</ele>
    </rtept>
    <rtept lat="-31.8122317" lon="-64.9479467">
      <ele>953.00000</ele>
    </rtept>
    <rtept lat="-31.8122317" lon="-64.9479592">
      <ele>953.00000</ele>
    </rtept>
    <rtept lat="-31.8122344" lon="-64.9479843">
      <ele>953.00000</ele>
    </rtept>
    <rtept lat="-31.8122370" lon="-64.9480000">
      <ele>953.00000</ele>
    </rtept>
    <rtept lat="-31.8122370" lon="-64.9480062">
      <ele>953.00000</ele>
    </rtept>
    <rtept lat="-31.8122370" lon="-64.9480281">
      <ele>953.00000</ele>
    </rtept>
    <rtept lat="-31.8122237" lon="-64.9480689">
      <ele>953.00000</ele>
    </rtept>
    <rtept lat="-31.8122131" lon="-64.9480939">
      <ele>953.00000</ele>
    </rtept>
    <rtept lat="-31.8122051" lon="-64.9481127">
      <ele>953.00000</ele>
    </rtept>
    <rtept lat="-31.8122025" lon="-64.9481440">
      <ele>953.00000</ele>
    </rtept>
    <rtept lat="-31.8121998" lon="-64.9481628">
      <ele>953.00000</ele>
    </rtept>
    <rtept lat="-31.8121998" lon="-64.9481816">
      <ele>953.00000</ele>
    </rtept>
    <rtept lat="-31.8121998" lon="-64.9481941">
      <ele>953.00000</ele>
    </rtept>
    <rtept lat="-31.8121945" lon="-64.9482192">
      <ele>953.00000</ele>
    </rtept>
    <rtept lat="-31.8121892" lon="-64.9482317">
      <ele>953.00000</ele>
    </rtept>
    <rtept lat="-31.8121839" lon="-64.9482474">
      <ele>953.00000</ele>
    </rtept>
    <rtept lat="-31.8121732" lon="-64.9482818">
      <ele>953.00000</ele>
    </rtept>
    <rtept lat="-31.8121679" lon="-64.9483006">
      <ele>953.00000</ele>
    </rtept>
    <rtept lat="-31.8121520" lon="-64.9483413">
      <ele>953.00000</ele>
    </rtept>
    <rtept lat="-31.8121440" lon="-64.9483570">
      <ele>953.00000</ele>
    </rtept>
    <rtept lat="-31.8121387" lon="-64.9483726">
      <ele>953.00000</ele>
    </rtept>
    <rtept lat="-31.8121307" lon="-64.9483883">
      <ele>953.00000</ele>
    </rtept>
    <rtept lat="-31.8121147" lon="-64.9484196">
      <ele>953.00000</ele>
    </rtept>
    <rtept lat="-31.8121068" lon="-64.9484384">
      <ele>953.00000</ele>
    </rtept>
    <rtept lat="-31.8121014" lon="-64.9484509">
      <ele>953.00000</ele>
    </rtept>
    <rtept lat="-31.8120935" lon="-64.9484760">
      <ele>953.00000</ele>
    </rtept>
    <rtept lat="-31.8120828" lon="-64.9484948">
      <ele>953.00000</ele>
    </rtept>
    <rtept lat="-31.8120669" lon="-64.9485261">
      <ele>952.00000</ele>
    </rtept>
    <rtept lat="-31.8120509" lon="-64.9485418">
      <ele>952.00000</ele>
    </rtept>
    <rtept lat="-31.8120403" lon="-64.9485512">
      <ele>952.00000</ele>
    </rtept>
    <rtept lat="-31.8120270" lon="-64.9485637">
      <ele>952.00000</ele>
    </rtept>
    <rtept lat="-31.8120057" lon="-64.9485887">
      <ele>951.00000</ele>
    </rtept>
    <rtept lat="-31.8119977" lon="-64.9486044">
      <ele>951.00000</ele>
    </rtept>
    <rtept lat="-31.8119897" lon="-64.9486232">
      <ele>951.00000</ele>
    </rtept>
    <rtept lat="-31.8119490" lon="-64.9487133">
      <ele>950.00000</ele>
    </rtept>
    <rtept lat="-31.8118878" lon="-64.9488731">
      <ele>951.00000</ele>
    </rtept>
    <rtept lat="-31.8118133" lon="-64.9490485">
      <ele>950.00000</ele>
    </rtept>
    <rtept lat="-31.8117335" lon="-64.9492520">
      <ele>949.00000</ele>
    </rtept>
    <rtept lat="-31.8117282" lon="-64.9492646">
      <ele>949.00000</ele>
    </rtept>
    <rtept lat="-31.8116138" lon="-64.9493961">
      <ele>949.00000</ele>
    </rtept>
    <rtept lat="-31.8115047" lon="-64.9494337">
      <ele>950.00000</ele>
    </rtept>
    <rtept lat="-31.8114888" lon="-64.9494463">
      <ele>950.00000</ele>
    </rtept>
    <rtept lat="-31.8114223" lon="-64.9495277">
      <ele>950.00000</ele>
    </rtept>
    <rtept lat="-31.8114143" lon="-64.9495402">
      <ele>950.00000</ele>
    </rtept>
    <rtept lat="-31.8113505" lon="-64.9497062">
      <ele>950.00000</ele>
    </rtept>
    <rtept lat="-31.8113505" lon="-64.9497125">
      <ele>950.00000</ele>
    </rtept>
    <rtept lat="-31.8112920" lon="-64.9498691">
      <ele>950.00000</ele>
    </rtept>
    <rtept lat="-31.8112308" lon="-64.9500722">
      <ele>948.00000</ele>
    </rtept>
    <rtept lat="-31.8112149" lon="-64.9501348">
      <ele>947.00000</ele>
    </rtept>
    <rtept lat="-31.8112095" lon="-64.9501567">
      <ele>947.00000</ele>
    </rtept>
    <rtept lat="-31.8111989" lon="-64.9501849">
      <ele>946.00000</ele>
    </rtept>
    <rtept lat="-31.8111909" lon="-64.9501912">
      <ele>946.00000</ele>
    </rtept>
    <rtept lat="-31.8111856" lon="-64.9501975">
      <ele>946.00000</ele>
    </rtept>
    <rtept lat="-31.8111776" lon="-64.9502162">
      <ele>945.00000</ele>
    </rtept>
    <rtept lat="-31.8111670" lon="-64.9502382">
      <ele>945.00000</ele>
    </rtept>
    <rtept lat="-31.8111670" lon="-64.9502726">
      <ele>944.00000</ele>
    </rtept>
    <rtept lat="-31.8111670" lon="-64.9503258">
      <ele>944.00000</ele>
    </rtept>
    <rtept lat="-31.8111617" lon="-64.9503572">
      <ele>944.00000</ele>
    </rtept>
    <rtept lat="-31.8111537" lon="-64.9503916">
      <ele>944.00000</ele>
    </rtept>
    <rtept lat="-31.8111537" lon="-64.9504167">
      <ele>944.00000</ele>
    </rtept>
    <rtept lat="-31.8111511" lon="-64.9504292">
      <ele>944.00000</ele>
    </rtept>
    <rtept lat="-31.8111537" lon="-64.9504605">
      <ele>945.00000</ele>
    </rtept>
    <rtept lat="-31.8111591" lon="-64.9504793">
      <ele>945.00000</ele>
    </rtept>
    <rtept lat="-31.8111644" lon="-64.9504981">
      <ele>945.00000</ele>
    </rtept>
    <rtept lat="-31.8111724" lon="-64.9505231">
      <ele>945.00000</ele>
    </rtept>
    <rtept lat="-31.8111724" lon="-64.9505544">
      <ele>945.00000</ele>
    </rtept>
    <rtept lat="-31.8111724" lon="-64.9505764">
      <ele>945.00000</ele>
    </rtept>
    <rtept lat="-31.8111697" lon="-64.9506171">
      <ele>945.00000</ele>
    </rtept>
    <rtept lat="-31.8111644" lon="-64.9506421">
      <ele>945.00000</ele>
    </rtept>
    <rtept lat="-31.8111644" lon="-64.9506891">
      <ele>946.00000</ele>
    </rtept>
    <rtept lat="-31.8111591" lon="-64.9507235">
      <ele>946.00000</ele>
    </rtept>
    <rtept lat="-31.8111565" lon="-64.9507392">
      <ele>946.00000</ele>
    </rtept>
    <rtept lat="-31.8111219" lon="-64.9508394">
      <ele>947.00000</ele>
    </rtept>
    <rtept lat="-31.8111166" lon="-64.9508582">
      <ele>947.00000</ele>
    </rtept>
    <rtept lat="-31.8111006" lon="-64.9508895">
      <ele>947.00000</ele>
    </rtept>
    <rtept lat="-31.8111006" lon="-64.9509052">
      <ele>947.00000</ele>
    </rtept>
    <rtept lat="-31.8111006" lon="-64.9509208">
      <ele>947.00000</ele>
    </rtept>
    <rtept lat="-31.8110759" lon="-64.9509625">
      <ele>947.00000</ele>
    </rtept>
    <rtept lat="-31.8110573" lon="-64.9509876">
      <ele>947.00000</ele>
    </rtept>
    <rtept lat="-31.8110413" lon="-64.9510095">
      <ele>948.00000</ele>
    </rtept>
    <rtept lat="-31.8110307" lon="-64.9510471">
      <ele>948.00000</ele>
    </rtept>
    <rtept lat="-31.8110307" lon="-64.9510596">
      <ele>948.00000</ele>
    </rtept>
    <rtept lat="-31.8110333" lon="-64.9510659">
      <ele>948.00000</ele>
    </rtept>
    <rtept lat="-31.8110413" lon="-64.9510909">
      <ele>948.00000</ele>
    </rtept>
    <rtept lat="-31.8110307" lon="-64.9511410">
      <ele>948.00000</ele>
    </rtept>
    <rtept lat="-31.8110280" lon="-64.9511441">
      <ele>948.00000</ele>
    </rtept>
    <rtept lat="-31.8110147" lon="-64.9511723">
      <ele>948.00000</ele>
    </rtept>
    <rtept lat="-31.8110121" lon="-64.9511942">
      <ele>948.00000</ele>
    </rtept>
    <rtept lat="-31.8110121" lon="-64.9512130">
      <ele>948.00000</ele>
    </rtept>
    <rtept lat="-31.8110147" lon="-64.9512412">
      <ele>948.00000</ele>
    </rtept>
    <rtept lat="-31.8110121" lon="-64.9512757">
      <ele>948.00000</ele>
    </rtept>
    <rtept lat="-31.8110094" lon="-64.9512819">
      <ele>948.00000</ele>
    </rtept>
    <rtept lat="-31.8109828" lon="-64.9513811">
      <ele>948.00000</ele>
    </rtept>
    <rtept lat="-31.8109722" lon="-64.9513999">
      <ele>948.00000</ele>
    </rtept>
    <rtept lat="-31.8109669" lon="-64.9514218">
      <ele>949.00000</ele>
    </rtept>
    <rtept lat="-31.8109616" lon="-64.9514437">
      <ele>949.00000</ele>
    </rtept>
    <rtept lat="-31.8109563" lon="-64.9514657">
      <ele>949.00000</ele>
    </rtept>
    <rtept lat="-31.8109563" lon="-64.9514970">
      <ele>949.00000</ele>
    </rtept>
    <rtept lat="-31.8109563" lon="-64.9515189">
      <ele>948.00000</ele>
    </rtept>
    <rtept lat="-31.8109616" lon="-64.9515345">
      <ele>948.00000</ele>
    </rtept>
    <rtept lat="-31.8109669" lon="-64.9515408">
      <ele>948.00000</ele>
    </rtept>
    <rtept lat="-31.8109589" lon="-64.9515972">
      <ele>948.00000</ele>
    </rtept>
    <rtept lat="-31.8109563" lon="-64.9516128">
      <ele>948.00000</ele>
    </rtept>
    <rtept lat="-31.8109510" lon="-64.9516598">
      <ele>948.00000</ele>
    </rtept>
    <rtept lat="-31.8109510" lon="-64.9516817">
      <ele>948.00000</ele>
    </rtept>
    <rtept lat="-31.8109590" lon="-64.9516943">
      <ele>948.00000</ele>
    </rtept>
    <rtept lat="-31.8109749" lon="-64.9517130">
      <ele>948.00000</ele>
    </rtept>
    <rtept lat="-31.8109829" lon="-64.9517256">
      <ele>947.00000</ele>
    </rtept>
    <rtept lat="-31.8109829" lon="-64.9517318">
      <ele>947.00000</ele>
    </rtept>
    <rtept lat="-31.8109883" lon="-64.9517506">
      <ele>947.00000</ele>
    </rtept>
    <rtept lat="-31.8109909" lon="-64.9517631">
      <ele>947.00000</ele>
    </rtept>
    <rtept lat="-31.8110016" lon="-64.9517663">
      <ele>947.00000</ele>
    </rtept>
    <rtept lat="-31.8110175" lon="-64.9517694">
      <ele>946.00000</ele>
    </rtept>
    <rtept lat="-31.8110335" lon="-64.9517756">
      <ele>946.00000</ele>
    </rtept>
    <rtept lat="-31.8110415" lon="-64.9517819">
      <ele>946.00000</ele>
    </rtept>
    <rtept lat="-31.8110548" lon="-64.9517882">
      <ele>945.00000</ele>
    </rtept>
    <rtept lat="-31.8110654" lon="-64.9518069">
      <ele>945.00000</ele>
    </rtept>
    <rtept lat="-31.8110708" lon="-64.9518163">
      <ele>945.00000</ele>
    </rtept>
    <rtept lat="-31.8110761" lon="-64.9518320">
      <ele>944.00000</ele>
    </rtept>
    <rtept lat="-31.8110814" lon="-64.9518445">
      <ele>944.00000</ele>
    </rtept>
    <rtept lat="-31.8110867" lon="-64.9518602">
      <ele>944.00000</ele>
    </rtept>
    <rtept lat="-31.8110974" lon="-64.9518758">
      <ele>944.00000</ele>
    </rtept>
    <rtept lat="-31.8111080" lon="-64.9518884">
      <ele>943.00000</ele>
    </rtept>
    <rtept lat="-31.8111267" lon="-64.9518977">
      <ele>943.00000</ele>
    </rtept>
    <rtept lat="-31.8111426" lon="-64.9519071">
      <ele>943.00000</ele>
    </rtept>
    <rtept lat="-31.8111533" lon="-64.9519197">
      <ele>943.00000</ele>
    </rtept>
    <rtept lat="-31.8111639" lon="-64.9519290">
      <ele>943.00000</ele>
    </rtept>
    <rtept lat="-31.8111719" lon="-64.9519478">
      <ele>942.00000</ele>
    </rtept>
    <rtept lat="-31.8111772" lon="-64.9519697">
      <ele>943.00000</ele>
    </rtept>
    <rtept lat="-31.8111799" lon="-64.9519885">
      <ele>943.00000</ele>
    </rtept>
    <rtept lat="-31.8111799" lon="-64.9520011">
      <ele>943.00000</ele>
    </rtept>
    <rtept lat="-31.8111773" lon="-64.9520480">
      <ele>944.00000</ele>
    </rtept>
    <rtept lat="-31.8111719" lon="-64.9520731">
      <ele>945.00000</ele>
    </rtept>
    <rtept lat="-31.8111666" lon="-64.9520919">
      <ele>945.00000</ele>
    </rtept>
    <rtept lat="-31.8111586" lon="-64.9521232">
      <ele>946.00000</ele>
    </rtept>
    <rtept lat="-31.8111560" lon="-64.9521357">
      <ele>946.00000</ele>
    </rtept>
    <rtept lat="-31.8111533" lon="-64.9521514">
      <ele>946.00000</ele>
    </rtept>
    <rtept lat="-31.8111427" lon="-64.9521733">
      <ele>947.00000</ele>
    </rtept>
    <rtept lat="-31.8111427" lon="-64.9521827">
      <ele>947.00000</ele>
    </rtept>
    <rtept lat="-31.8111400" lon="-64.9522015">
      <ele>948.00000</ele>
    </rtept>
    <rtept lat="-31.8111400" lon="-64.9522297">
      <ele>948.00000</ele>
    </rtept>
    <rtept lat="-31.8111400" lon="-64.9522453">
      <ele>948.00000</ele>
    </rtept>
    <rtept lat="-31.8111454" lon="-64.9522610">
      <ele>948.00000</ele>
    </rtept>
    <rtept lat="-31.8111534" lon="-64.9522860">
      <ele>948.00000</ele>
    </rtept>
    <rtept lat="-31.8111534" lon="-64.9522923">
      <ele>948.00000</ele>
    </rtept>
    <rtept lat="-31.8111534" lon="-64.9523205">
      <ele>949.00000</ele>
    </rtept>
    <rtept lat="-31.8111534" lon="-64.9523424">
      <ele>949.00000</ele>
    </rtept>
    <rtept lat="-31.8111534" lon="-64.9523518">
      <ele>949.00000</ele>
    </rtept>
    <rtept lat="-31.8111534" lon="-64.9523737">
      <ele>949.00000</ele>
    </rtept>
    <rtept lat="-31.8111915" lon="-64.9523528">
      <ele>948.00000</ele>
    </rtept>
    <rtept lat="-31.8112154" lon="-64.9523872">
      <ele>948.00000</ele>
    </rtept>
    <rtept lat="-31.8112261" lon="-64.9523935">
      <ele>948.00000</ele>
    </rtept>
    <rtept lat="-31.8112527" lon="-64.9524029">
      <ele>948.00000</ele>
    </rtept>
    <rtept lat="-31.8112767" lon="-64.9524029">
      <ele>948.00000</ele>
    </rtept>
    <rtept lat="-31.8112793" lon="-64.9524029">
      <ele>948.00000</ele>
    </rtept>
    <rtept lat="-31.8112979" lon="-64.9523997">
      <ele>947.00000</ele>
    </rtept>
    <rtept lat="-31.8113166" lon="-64.9523997">
      <ele>947.00000</ele>
    </rtept>
    <rtept lat="-31.8113325" lon="-64.9524028">
      <ele>947.00000</ele>
    </rtept>
    <rtept lat="-31.8113458" lon="-64.9524122">
      <ele>947.00000</ele>
    </rtept>
    <rtept lat="-31.8113618" lon="-64.9524248">
      <ele>947.00000</ele>
    </rtept>
    <rtept lat="-31.8113778" lon="-64.9524404">
      <ele>947.00000</ele>
    </rtept>
    <rtept lat="-31.8113884" lon="-64.9524498">
      <ele>947.00000</ele>
    </rtept>
    <rtept lat="-31.8114097" lon="-64.9524592">
      <ele>947.00000</ele>
    </rtept>
    <rtept lat="-31.8114124" lon="-64.9524592">
      <ele>946.00000</ele>
    </rtept>
    <rtept lat="-31.8114283" lon="-64.9524560">
      <ele>946.00000</ele>
    </rtept>
    <rtept lat="-31.8114443" lon="-64.9524435">
      <ele>946.00000</ele>
    </rtept>
    <rtept lat="-31.8114656" lon="-64.9524341">
      <ele>945.00000</ele>
    </rtept>
    <rtept lat="-31.8114789" lon="-64.9524247">
      <ele>945.00000</ele>
    </rtept>
    <rtept lat="-31.8115108" lon="-64.9524091">
      <ele>945.00000</ele>
    </rtept>
    <rtept lat="-31.8115295" lon="-64.9524090">
      <ele>944.00000</ele>
    </rtept>
    <rtept lat="-31.8115401" lon="-64.9524090">
      <ele>944.00000</ele>
    </rtept>
    <rtept lat="-31.8115720" lon="-64.9524341">
      <ele>944.00000</ele>
    </rtept>
    <rtept lat="-31.8115960" lon="-64.9524466">
      <ele>944.00000</ele>
    </rtept>
    <rtept lat="-31.8116093" lon="-64.9524560">
      <ele>944.00000</ele>
    </rtept>
    <rtept lat="-31.8116173" lon="-64.9524623">
      <ele>944.00000</ele>
    </rtept>
    <rtept lat="-31.8116333" lon="-64.9524654">
      <ele>944.00000</ele>
    </rtept>
    <rtept lat="-31.8116519" lon="-64.9524654">
      <ele>943.00000</ele>
    </rtept>
    <rtept lat="-31.8116678" lon="-64.9524654">
      <ele>943.00000</ele>
    </rtept>
    <rtept lat="-31.8116785" lon="-64.9524685">
      <ele>943.00000</ele>
    </rtept>
    <rtept lat="-31.8116971" lon="-64.9524748">
      <ele>943.00000</ele>
    </rtept>
    <rtept lat="-31.8117184" lon="-64.9524873">
      <ele>943.00000</ele>
    </rtept>
    <rtept lat="-31.8117397" lon="-64.9524998">
      <ele>943.00000</ele>
    </rtept>
    <rtept lat="-31.8117557" lon="-64.9525060">
      <ele>943.00000</ele>
    </rtept>
    <rtept lat="-31.8117743" lon="-64.9525154">
      <ele>942.00000</ele>
    </rtept>
    <rtept lat="-31.8117956" lon="-64.9525311">
      <ele>942.00000</ele>
    </rtept>
    <rtept lat="-31.8118116" lon="-64.9525467">
      <ele>942.00000</ele>
    </rtept>
    <rtept lat="-31.8118222" lon="-64.9525593">
      <ele>942.00000</ele>
    </rtept>
    <rtept lat="-31.8118329" lon="-64.9525843">
      <ele>942.00000</ele>
    </rtept>
    <rtept lat="-31.8118408" lon="-64.9526000">
      <ele>942.00000</ele>
    </rtept>
    <rtept lat="-31.8118435" lon="-64.9526156">
      <ele>942.00000</ele>
    </rtept>
    <rtept lat="-31.8118462" lon="-64.9526313">
      <ele>942.00000</ele>
    </rtept>
    <rtept lat="-31.8118488" lon="-64.9526438">
      <ele>942.00000</ele>
    </rtept>
    <rtept lat="-31.8118488" lon="-64.9526657">
      <ele>942.00000</ele>
    </rtept>
    <rtept lat="-31.8118488" lon="-64.9526939">
      <ele>942.00000</ele>
    </rtept>
    <rtept lat="-31.8118489" lon="-64.9527190">
      <ele>942.00000</ele>
    </rtept>
    <rtept lat="-31.8118489" lon="-64.9527284">
      <ele>942.00000</ele>
    </rtept>
    <rtept lat="-31.8118489" lon="-64.9527628">
      <ele>942.00000</ele>
    </rtept>
    <rtept lat="-31.8118489" lon="-64.9527847">
      <ele>942.00000</ele>
    </rtept>
    <rtept lat="-31.8118489" lon="-64.9528004">
      <ele>942.00000</ele>
    </rtept>
    <rtept lat="-31.8118489" lon="-64.9528223">
      <ele>942.00000</ele>
    </rtept>
    <rtept lat="-31.8118515" lon="-64.9528380">
      <ele>942.00000</ele>
    </rtept>
    <rtept lat="-31.8118569" lon="-64.9528505">
      <ele>942.00000</ele>
    </rtept>
    <rtept lat="-31.8118622" lon="-64.9528630">
      <ele>942.00000</ele>
    </rtept>
    <rtept lat="-31.8118675" lon="-64.9528755">
      <ele>942.00000</ele>
    </rtept>
    <rtept lat="-31.8118755" lon="-64.9528912">
      <ele>942.00000</ele>
    </rtept>
    <rtept lat="-31.8118808" lon="-64.9529068">
      <ele>942.00000</ele>
    </rtept>
    <rtept lat="-31.8118862" lon="-64.9529225">
      <ele>942.00000</ele>
    </rtept>
    <rtept lat="-31.8118862" lon="-64.9529475">
      <ele>942.00000</ele>
    </rtept>
    <rtept lat="-31.8118862" lon="-64.9529695">
      <ele>942.00000</ele>
    </rtept>
    <rtept lat="-31.8118702" lon="-64.9530102">
      <ele>942.00000</ele>
    </rtept>
    <rtept lat="-31.8118649" lon="-64.9530290">
      <ele>942.00000</ele>
    </rtept>
    <rtept lat="-31.8118596" lon="-64.9530446">
      <ele>942.00000</ele>
    </rtept>
    <rtept lat="-31.8118596" lon="-64.9530571">
      <ele>942.00000</ele>
    </rtept>
    <rtept lat="-31.8118569" lon="-64.9530728">
      <ele>942.00000</ele>
    </rtept>
    <rtept lat="-31.8118543" lon="-64.9530947">
      <ele>942.00000</ele>
    </rtept>
    <rtept lat="-31.8118543" lon="-64.9531135">
      <ele>942.00000</ele>
    </rtept>
    <rtept lat="-31.8118543" lon="-64.9531229">
      <ele>942.00000</ele>
    </rtept>
    <rtept lat="-31.8118623" lon="-64.9531386">
      <ele>941.00000</ele>
    </rtept>
    <rtept lat="-31.8118649" lon="-64.9531448">
      <ele>941.00000</ele>
    </rtept>
    <rtept lat="-31.8118782" lon="-64.9531542">
      <ele>941.00000</ele>
    </rtept>
    <rtept lat="-31.8118862" lon="-64.9531636">
      <ele>941.00000</ele>
    </rtept>
    <rtept lat="-31.8118862" lon="-64.9531887">
      <ele>941.00000</ele>
    </rtept>
    <rtept lat="-31.8118862" lon="-64.9532137">
      <ele>941.00000</ele>
    </rtept>
    <rtept lat="-31.8118862" lon="-64.9532356">
      <ele>940.00000</ele>
    </rtept>
    <rtept lat="-31.8118862" lon="-64.9532607">
      <ele>940.00000</ele>
    </rtept>
    <rtept lat="-31.8118862" lon="-64.9532701">
      <ele>940.00000</ele>
    </rtept>
    <rtept lat="-31.8118889" lon="-64.9532826">
      <ele>940.00000</ele>
    </rtept>
    <rtept lat="-31.8118942" lon="-64.9532920">
      <ele>940.00000</ele>
    </rtept>
    <rtept lat="-31.8118995" lon="-64.9533045">
      <ele>940.00000</ele>
    </rtept>
    <rtept lat="-31.8119075" lon="-64.9533202">
      <ele>940.00000</ele>
    </rtept>
    <rtept lat="-31.8119182" lon="-64.9533452">
      <ele>939.00000</ele>
    </rtept>
    <rtept lat="-31.8119262" lon="-64.9533640">
      <ele>939.00000</ele>
    </rtept>
    <rtept lat="-31.8119315" lon="-64.9533797">
      <ele>939.00000</ele>
    </rtept>
    <rtept lat="-31.8119342" lon="-64.9534047">
      <ele>939.00000</ele>
    </rtept>
    <rtept lat="-31.8119368" lon="-64.9534235">
      <ele>939.00000</ele>
    </rtept>
    <rtept lat="-31.8119368" lon="-64.9534611">
      <ele>938.00000</ele>
    </rtept>
    <rtept lat="-31.8119368" lon="-64.9534799">
      <ele>938.00000</ele>
    </rtept>
    <rtept lat="-31.8119368" lon="-64.9534955">
      <ele>938.00000</ele>
    </rtept>
    <rtept lat="-31.8119395" lon="-64.9535237">
      <ele>937.00000</ele>
    </rtept>
    <rtept lat="-31.8119475" lon="-64.9535394">
      <ele>937.00000</ele>
    </rtept>
    <rtept lat="-31.8119608" lon="-64.9535613">
      <ele>937.00000</ele>
    </rtept>
    <rtept lat="-31.8119635" lon="-64.9535738">
      <ele>937.00000</ele>
    </rtept>
    <rtept lat="-31.8119688" lon="-64.9535863">
      <ele>937.00000</ele>
    </rtept>
    <rtept lat="-31.8119741" lon="-64.9536145">
      <ele>936.00000</ele>
    </rtept>
    <rtept lat="-31.8119794" lon="-64.9536333">
      <ele>936.00000</ele>
    </rtept>
    <rtept lat="-31.8119821" lon="-64.9536490">
      <ele>936.00000</ele>
    </rtept>
    <rtept lat="-31.8119928" lon="-64.9537184">
      <ele>936.00000</ele>
    </rtept>
    <rtept lat="-31.8119742" lon="-64.9537904">
      <ele>935.00000</ele>
    </rtept>
    <rtept lat="-31.8119502" lon="-64.9539720">
      <ele>935.00000</ele>
    </rtept>
    <rtept lat="-31.8119423" lon="-64.9539877">
      <ele>935.00000</ele>
    </rtept>
    <rtept lat="-31.8118864" lon="-64.9541662">
      <ele>936.00000</ele>
    </rtept>
    <rtept lat="-31.8118651" lon="-64.9541818">
      <ele>936.00000</ele>
    </rtept>
    <rtept lat="-31.8117906" lon="-64.9542194">
      <ele>938.00000</ele>
    </rtept>
    <rtept lat="-31.8117827" lon="-64.9542195">
      <ele>938.00000</ele>
    </rtept>
    <rtept lat="-31.8116390" lon="-64.9541944">
      <ele>941.00000</ele>
    </rtept>
    <rtept lat="-31.8114340" lon="-64.9541068">
      <ele>946.00000</ele>
    </rtept>
    <rtept lat="-31.8112903" lon="-64.9540630">
      <ele>947.00000</ele>
    </rtept>
    <rtept lat="-31.8111784" lon="-64.9540036">
      <ele>947.00000</ele>
    </rtept>
    <rtept lat="-31.8110001" lon="-64.9539410">
      <ele>948.00000</ele>
    </rtept>
    <rtept lat="-31.8109868" lon="-64.9539253">
      <ele>949.00000</ele>
    </rtept>
    <rtept lat="-31.8108883" lon="-64.9538565">
      <ele>950.00000</ele>
    </rtept>
    <rtept lat="-31.8107446" lon="-64.9537031">
      <ele>950.00000</ele>
    </rtept>
    <rtept lat="-31.8106834" lon="-64.9536185">
      <ele>951.00000</ele>
    </rtept>
    <rtept lat="-31.8106647" lon="-64.9535935">
      <ele>951.00000</ele>
    </rtept>
    <rtept lat="-31.8106115" lon="-64.9535278">
      <ele>952.00000</ele>
    </rtept>
    <rtept lat="-31.8103475" lon="-64.9533043">
      <ele>956.00000</ele>
    </rtept>
    <rtept lat="-31.8101133" lon="-64.9530288">
      <ele>961.00000</ele>
    </rtept>
    <rtept lat="-31.8100947" lon="-64.9530163">
      <ele>961.00000</ele>
    </rtept>
    <rtept lat="-31.8099722" lon="-64.9528722">
      <ele>961.00000</ele>
    </rtept>
    <rtept lat="-31.8099589" lon="-64.9528503">
      <ele>961.00000</ele>
    </rtept>
    <rtept lat="-31.8099536" lon="-64.9528378">
      <ele>961.00000</ele>
    </rtept>
    <rtept lat="-31.8099430" lon="-64.9528253">
      <ele>961.00000</ele>
    </rtept>
    <rtept lat="-31.8097753" lon="-64.9526656">
      <ele>963.00000</ele>
    </rtept>
    <rtept lat="-31.8096528" lon="-64.9525216">
      <ele>964.00000</ele>
    </rtept>
    <rtept lat="-31.8095082" lon="-64.9524210">
      <ele>965.00000</ele>
    </rtept>
    <rtept lat="-31.8095002" lon="-64.9524147">
      <ele>965.00000</ele>
    </rtept>
    <rtept lat="-31.8093725" lon="-64.9522833">
      <ele>966.00000</ele>
    </rtept>
    <rtept lat="-31.8092394" lon="-64.9521487">
      <ele>964.00000</ele>
    </rtept>
    <rtept lat="-31.8092287" lon="-64.9521299">
      <ele>964.00000</ele>
    </rtept>
    <rtept lat="-31.8091169" lon="-64.9519890">
      <ele>964.00000</ele>
    </rtept>
    <rtept lat="-31.8091063" lon="-64.9519733">
      <ele>964.00000</ele>
    </rtept>
    <rtept lat="-31.8090318" lon="-64.9518763">
      <ele>964.00000</ele>
    </rtept>
    <rtept lat="-31.8089705" lon="-64.9516728">
      <ele>966.00000</ele>
    </rtept>
    <rtept lat="-31.8089119" lon="-64.9515194">
      <ele>967.00000</ele>
    </rtept>
    <rtept lat="-31.8088507" lon="-64.9513002">
      <ele>968.00000</ele>
    </rtept>
    <rtept lat="-31.8088072" lon="-64.9511149">
      <ele>969.00000</ele>
    </rtept>
    <rtept lat="-31.8087593" lon="-64.9508174">
      <ele>971.00000</ele>
    </rtept>
    <rtept lat="-31.8086873" lon="-64.9505544">
      <ele>970.00000</ele>
    </rtept>
    <rtept lat="-31.8086447" lon="-64.9502789">
      <ele>970.00000</ele>
    </rtept>
    <rtept lat="-31.8085781" lon="-64.9500847">
      <ele>969.00000</ele>
    </rtept>
    <rtept lat="-31.8084686" lon="-64.9498479">
      <ele>966.00000</ele>
    </rtept>
    <rtept lat="-31.8083622" lon="-64.9496600">
      <ele>964.00000</ele>
    </rtept>
    <rtept lat="-31.8083622" lon="-64.9496506">
      <ele>964.00000</ele>
    </rtept>
    <rtept lat="-31.8082237" lon="-64.9494628">
      <ele>965.00000</ele>
    </rtept>
    <rtept lat="-31.8080880" lon="-64.9492718">
      <ele>966.00000</ele>
    </rtept>
    <rtept lat="-31.8080108" lon="-64.9490903">
      <ele>967.00000</ele>
    </rtept>
    <rtept lat="-31.8079761" lon="-64.9489337">
      <ele>968.00000</ele>
    </rtept>
    <rtept lat="-31.8079708" lon="-64.9487740">
      <ele>968.00000</ele>
    </rtept>
    <rtept lat="-31.8079494" lon="-64.9486143">
      <ele>967.00000</ele>
    </rtept>
    <rtept lat="-31.8078805" lon="-64.9486606">
      <ele>967.00000</ele>
    </rtept>
    <rtept lat="-31.8076809" lon="-64.9487327">
      <ele>965.00000</ele>
    </rtept>
    <rtept lat="-31.8073712" lon="-64.9487923">
      <ele>962.00000</ele>
    </rtept>
    <rtept lat="-31.8073579" lon="-64.9487923">
      <ele>962.00000</ele>
    </rtept>
    <rtept lat="-31.8069136" lon="-64.9489177">
      <ele>961.00000</ele>
    </rtept>
    <rtept lat="-31.8067912" lon="-64.9489522">
      <ele>962.00000</ele>
    </rtept>
    <rtept lat="-31.8064120" lon="-64.9490594">
      <ele>964.00000</ele>
    </rtept>
    <rtept lat="-31.8061859" lon="-64.9491628">
      <ele>965.00000</ele>
    </rtept>
    <rtept lat="-31.8061726" lon="-64.9491691">
      <ele>965.00000</ele>
    </rtept>
    <rtept lat="-31.8060688" lon="-64.9492756">
      <ele>965.00000</ele>
    </rtept>
    <rtept lat="-31.8060582" lon="-64.9492850">
      <ele>965.00000</ele>
    </rtept>
    <rtept lat="-31.8060475" lon="-64.9493006">
      <ele>964.00000</ele>
    </rtept>
    <rtept lat="-31.8059730" lon="-64.9494071">
      <ele>964.00000</ele>
    </rtept>
    <rtept lat="-31.8059730" lon="-64.9494291">
      <ele>964.00000</ele>
    </rtept>
    <rtept lat="-31.8059810" lon="-64.9494384">
      <ele>964.00000</ele>
    </rtept>
    <rtept lat="-31.8059917" lon="-64.9494447">
      <ele>964.00000</ele>
    </rtept>
    <rtept lat="-31.8060103" lon="-64.9494572">
      <ele>964.00000</ele>
    </rtept>
    <rtept lat="-31.8060156" lon="-64.9494603">
      <ele>964.00000</ele>
    </rtept>
    <rtept lat="-31.8060289" lon="-64.9494666">
      <ele>965.00000</ele>
    </rtept>
    <rtept lat="-31.8060449" lon="-64.9494729">
      <ele>965.00000</ele>
    </rtept>
    <rtept lat="-31.8060529" lon="-64.9494760">
      <ele>965.00000</ele>
    </rtept>
    <rtept lat="-31.8060689" lon="-64.9494791">
      <ele>965.00000</ele>
    </rtept>
    <rtept lat="-31.8060795" lon="-64.9494822">
      <ele>965.00000</ele>
    </rtept>
    <rtept lat="-31.8060955" lon="-64.9494885">
      <ele>965.00000</ele>
    </rtept>
    <rtept lat="-31.8061114" lon="-64.9494948">
      <ele>965.00000</ele>
    </rtept>
    <rtept lat="-31.8061274" lon="-64.9494979">
      <ele>965.00000</ele>
    </rtept>
    <rtept lat="-31.8061434" lon="-64.9495010">
      <ele>965.00000</ele>
    </rtept>
    <rtept lat="-31.8061673" lon="-64.9495073">
      <ele>965.00000</ele>
    </rtept>
    <rtept lat="-31.8061886" lon="-64.9495135">
      <ele>965.00000</ele>
    </rtept>
    <rtept lat="-31.8062126" lon="-64.9495198">
      <ele>965.00000</ele>
    </rtept>
    <rtept lat="-31.8062338" lon="-64.9495198">
      <ele>965.00000</ele>
    </rtept>
    <rtept lat="-31.8062418" lon="-64.9495198">
      <ele>965.00000</ele>
    </rtept>
    <rtept lat="-31.8062605" lon="-64.9495229">
      <ele>965.00000</ele>
    </rtept>
    <rtept lat="-31.8062844" lon="-64.9495385">
      <ele>965.00000</ele>
    </rtept>
    <rtept lat="-31.8063004" lon="-64.9495479">
      <ele>965.00000</ele>
    </rtept>
    <rtept lat="-31.8063163" lon="-64.9495542">
      <ele>965.00000</ele>
    </rtept>
    <rtept lat="-31.8063376" lon="-64.9495604">
      <ele>965.00000</ele>
    </rtept>
    <rtept lat="-31.8063589" lon="-64.9495636">
      <ele>965.00000</ele>
    </rtept>
    <rtept lat="-31.8063776" lon="-64.9495667">
      <ele>964.00000</ele>
    </rtept>
    <rtept lat="-31.8063935" lon="-64.9495667">
      <ele>964.00000</ele>
    </rtept>
    <rtept lat="-31.8064068" lon="-64.9495635">
      <ele>964.00000</ele>
    </rtept>
    <rtept lat="-31.8064361" lon="-64.9495635">
      <ele>964.00000</ele>
    </rtept>
    <rtept lat="-31.8064467" lon="-64.9495635">
      <ele>964.00000</ele>
    </rtept>
    <rtept lat="-31.8064654" lon="-64.9495667">
      <ele>964.00000</ele>
    </rtept>
    <rtept lat="-31.8064813" lon="-64.9495729">
      <ele>964.00000</ele>
    </rtept>
    <rtept lat="-31.8064973" lon="-64.9495792">
      <ele>964.00000</ele>
    </rtept>
    <rtept lat="-31.8065079" lon="-64.9495854">
      <ele>964.00000</ele>
    </rtept>
    <rtept lat="-31.8065213" lon="-64.9495917">
      <ele>964.00000</ele>
    </rtept>
    <rtept lat="-31.8065425" lon="-64.9496011">
      <ele>964.00000</ele>
    </rtept>
    <rtept lat="-31.8065585" lon="-64.9496105">
      <ele>964.00000</ele>
    </rtept>
    <rtept lat="-31.8065771" lon="-64.9496230">
      <ele>964.00000</ele>
    </rtept>
    <rtept lat="-31.8065825" lon="-64.9496261">
      <ele>964.00000</ele>
    </rtept>
    <rtept lat="-31.8065931" lon="-64.9496324">
      <ele>964.00000</ele>
    </rtept>
    <rtept lat="-31.8066064" lon="-64.9496355">
      <ele>964.00000</ele>
    </rtept>
    <rtept lat="-31.8066224" lon="-64.9496418">
      <ele>963.00000</ele>
    </rtept>
    <rtept lat="-31.8066463" lon="-64.9496480">
      <ele>963.00000</ele>
    </rtept>
    <rtept lat="-31.8066596" lon="-64.9496480">
      <ele>963.00000</ele>
    </rtept>
    <rtept lat="-31.8066676" lon="-64.9496574">
      <ele>963.00000</ele>
    </rtept>
    <rtept lat="-31.8066809" lon="-64.9496699">
      <ele>963.00000</ele>
    </rtept>
    <rtept lat="-31.8066889" lon="-64.9496856">
      <ele>963.00000</ele>
    </rtept>
    <rtept lat="-31.8066943" lon="-64.9496981">
      <ele>963.00000</ele>
    </rtept>
    <rtept lat="-31.8067022" lon="-64.9497231">
      <ele>964.00000</ele>
    </rtept>
    <rtept lat="-31.8067049" lon="-64.9497325">
      <ele>964.00000</ele>
    </rtept>
    <rtept lat="-31.8067129" lon="-64.9497544">
      <ele>964.00000</ele>
    </rtept>
    <rtept lat="-31.8067209" lon="-64.9497701">
      <ele>964.00000</ele>
    </rtept>
    <rtept lat="-31.8067315" lon="-64.9497889">
      <ele>964.00000</ele>
    </rtept>
    <rtept lat="-31.8067395" lon="-64.9498045">
      <ele>964.00000</ele>
    </rtept>
    <rtept lat="-31.8067475" lon="-64.9498202">
      <ele>964.00000</ele>
    </rtept>
    <rtept lat="-31.8067448" lon="-64.9498421">
      <ele>965.00000</ele>
    </rtept>
    <rtept lat="-31.8067475" lon="-64.9498515">
      <ele>965.00000</ele>
    </rtept>
    <rtept lat="-31.8067831" lon="-64.9499147">
      <ele>965.00000</ele>
    </rtept>
    <rtept lat="-31.8068311" lon="-64.9500305">
      <ele>966.00000</ele>
    </rtept>
    <rtept lat="-31.8068737" lon="-64.9501652">
      <ele>968.00000</ele>
    </rtept>
    <rtept lat="-31.8068524" lon="-64.9503217">
      <ele>969.00000</ele>
    </rtept>
    <rtept lat="-31.8068445" lon="-64.9503374">
      <ele>969.00000</ele>
    </rtept>
    <rtept lat="-31.8068259" lon="-64.9505441">
      <ele>969.00000</ele>
    </rtept>
    <rtept lat="-31.8068206" lon="-64.9505722">
      <ele>969.00000</ele>
    </rtept>
    <rtept lat="-31.8068046" lon="-64.9507413">
      <ele>970.00000</ele>
    </rtept>
    <rtept lat="-31.8068046" lon="-64.9507695">
      <ele>970.00000</ele>
    </rtept>
    <rtept lat="-31.8068047" lon="-64.9510545">
      <ele>972.00000</ele>
    </rtept>
    <rtept lat="-31.8068047" lon="-64.9510733">
      <ele>972.00000</ele>
    </rtept>
    <rtept lat="-31.8067995" lon="-64.9513551">
      <ele>973.00000</ele>
    </rtept>
    <rtept lat="-31.8067915" lon="-64.9515962">
      <ele>973.00000</ele>
    </rtept>
    <rtept lat="-31.8067703" lon="-64.9519531">
      <ele>971.00000</ele>
    </rtept>
    <rtept lat="-31.8067411" lon="-64.9523195">
      <ele>971.00000</ele>
    </rtept>
    <rtept lat="-31.8067358" lon="-64.9523414">
      <ele>971.00000</ele>
    </rtept>
    <rtept lat="-31.8067173" lon="-64.9526107">
      <ele>970.00000</ele>
    </rtept>
    <rtept lat="-31.8067173" lon="-64.9526264">
      <ele>970.00000</ele>
    </rtept>
    <rtept lat="-31.8066987" lon="-64.9529207">
      <ele>969.00000</ele>
    </rtept>
    <rtept lat="-31.8067014" lon="-64.9531197">
      <ele>968.00000</ele>
    </rtept>
    <rtept lat="-31.8067015" lon="-64.9535863">
      <ele>964.00000</ele>
    </rtept>
    <rtept lat="-31.8066963" lon="-64.9541562">
      <ele>962.00000</ele>
    </rtept>
    <rtept lat="-31.8066698" lon="-64.9545695">
      <ele>960.00000</ele>
    </rtept>
    <rtept lat="-31.8066698" lon="-64.9547353">
      <ele>960.00000</ele>
    </rtept>
    <rtept lat="-31.8066220" lon="-64.9552770">
      <ele>963.00000</ele>
    </rtept>
    <rtept lat="-31.8066220" lon="-64.9552895">
      <ele>963.00000</ele>
    </rtept>
    <rtept lat="-31.8066035" lon="-64.9556339">
      <ele>964.00000</ele>
    </rtept>
    <rtept lat="-31.8065822" lon="-64.9558688">
      <ele>961.00000</ele>
    </rtept>
    <rtept lat="-31.8065264" lon="-64.9560911">
      <ele>957.00000</ele>
    </rtept>
    <rtept lat="-31.8065264" lon="-64.9561005">
      <ele>957.00000</ele>
    </rtept>
    <rtept lat="-31.8064519" lon="-64.9563291">
      <ele>955.00000</ele>
    </rtept>
    <rtept lat="-31.8064059" lon="-64.9564758">
      <ele>954.00000</ele>
    </rtept>
    <rtept lat="-31.8063341" lon="-64.9567263">
      <ele>953.00000</ele>
    </rtept>
    <rtept lat="-31.8063049" lon="-64.9568954">
      <ele>953.00000</ele>
    </rtept>
    <rtept lat="-31.8062996" lon="-64.9569174">
      <ele>954.00000</ele>
    </rtept>
    <rtept lat="-31.8062969" lon="-64.9569361">
      <ele>953.00000</ele>
    </rtept>
    <rtept lat="-31.8062863" lon="-64.9569831">
      <ele>953.00000</ele>
    </rtept>
    <rtept lat="-31.8062810" lon="-64.9570176">
      <ele>953.00000</ele>
    </rtept>
    <rtept lat="-31.8062810" lon="-64.9570332">
      <ele>953.00000</ele>
    </rtept>
    <rtept lat="-31.8062783" lon="-64.9570833">
      <ele>953.00000</ele>
    </rtept>
    <rtept lat="-31.8062757" lon="-64.9570990">
      <ele>953.00000</ele>
    </rtept>
    <rtept lat="-31.8062757" lon="-64.9571178">
      <ele>952.00000</ele>
    </rtept>
    <rtept lat="-31.8062757" lon="-64.9571522">
      <ele>952.00000</ele>
    </rtept>
    <rtept lat="-31.8062704" lon="-64.9571773">
      <ele>952.00000</ele>
    </rtept>
    <rtept lat="-31.8062677" lon="-64.9572023">
      <ele>952.00000</ele>
    </rtept>
    <rtept lat="-31.8062624" lon="-64.9572211">
      <ele>952.00000</ele>
    </rtept>
    <rtept lat="-31.8062597" lon="-64.9572336">
      <ele>952.00000</ele>
    </rtept>
    <rtept lat="-31.8062225" lon="-64.9574528">
      <ele>952.00000</ele>
    </rtept>
    <rtept lat="-31.8062172" lon="-64.9574873">
      <ele>952.00000</ele>
    </rtept>
    <rtept lat="-31.8062119" lon="-64.9574998">
      <ele>952.00000</ele>
    </rtept>
    <rtept lat="-31.8061746" lon="-64.9576752">
      <ele>952.00000</ele>
    </rtept>
    <rtept lat="-31.8061720" lon="-64.9576845">
      <ele>952.00000</ele>
    </rtept>
    <rtept lat="-31.8060842" lon="-64.9578630">
      <ele>954.00000</ele>
    </rtept>
    <rtept lat="-31.8060119" lon="-64.9580044">
      <ele>954.00000</ele>
    </rtept>
    <rtept lat="-31.8059454" lon="-64.9581641">
      <ele>954.00000</ele>
    </rtept>
    <rtept lat="-31.8058603" lon="-64.9584053">
      <ele>952.00000</ele>
    </rtept>
    <rtept lat="-31.8057938" lon="-64.9585900">
      <ele>951.00000</ele>
    </rtept>
    <rtept lat="-31.8057673" lon="-64.9587967">
      <ele>948.00000</ele>
    </rtept>
    <rtept lat="-31.8057274" lon="-64.9590065">
      <ele>947.00000</ele>
    </rtept>
    <rtept lat="-31.8057008" lon="-64.9592758">
      <ele>945.00000</ele>
    </rtept>
    <rtept lat="-31.8056530" lon="-64.9595263">
      <ele>944.00000</ele>
    </rtept>
    <rtept lat="-31.8056101" lon="-64.9597369">
      <ele>943.00000</ele>
    </rtept>
    <rtept lat="-31.8055569" lon="-64.9599091">
      <ele>943.00000</ele>
    </rtept>
    <rtept lat="-31.8054824" lon="-64.9600719">
      <ele>944.00000</ele>
    </rtept>
    <rtept lat="-31.8053999" lon="-64.9602316">
      <ele>945.00000</ele>
    </rtept>
    <rtept lat="-31.8052855" lon="-64.9603851">
      <ele>947.00000</ele>
    </rtept>
    <rtept lat="-31.8051924" lon="-64.9605229">
      <ele>947.00000</ele>
    </rtept>
    <rtept lat="-31.8051206" lon="-64.9606450">
      <ele>946.00000</ele>
    </rtept>
    <rtept lat="-31.8050967" lon="-64.9607431">
      <ele>945.00000</ele>
    </rtept>
    <rtept lat="-31.8050318" lon="-64.9608449">
      <ele>944.00000</ele>
    </rtept>
    <rtept lat="-31.8050480" lon="-64.9609228">
      <ele>943.00000</ele>
    </rtept>
    <rtept lat="-31.8050480" lon="-64.9609482">
      <ele>943.00000</ele>
    </rtept>
    <rtept lat="-31.8050480" lon="-64.9609627">
      <ele>943.00000</ele>
    </rtept>
    <rtept lat="-31.8050418" lon="-64.9609991">
      <ele>942.00000</ele>
    </rtept>
    <rtept lat="-31.8050388" lon="-64.9610318">
      <ele>942.00000</ele>
    </rtept>
    <rtept lat="-31.8050326" lon="-64.9610536">
      <ele>942.00000</ele>
    </rtept>
    <rtept lat="-31.8050264" lon="-64.9610790">
      <ele>942.00000</ele>
    </rtept>
    <rtept lat="-31.8050172" lon="-64.9611154">
      <ele>941.00000</ele>
    </rtept>
    <rtept lat="-31.8050017" lon="-64.9611517">
      <ele>941.00000</ele>
    </rtept>
    <rtept lat="-31.8049955" lon="-64.9611699">
      <ele>941.00000</ele>
    </rtept>
    <rtept lat="-31.8049894" lon="-64.9611880">
      <ele>940.00000</ele>
    </rtept>
    <rtept lat="-31.8049739" lon="-64.9612280">
      <ele>940.00000</ele>
    </rtept>
    <rtept lat="-31.8049647" lon="-64.9612462">
      <ele>940.00000</ele>
    </rtept>
    <rtept lat="-31.8049523" lon="-64.9612607">
      <ele>939.00000</ele>
    </rtept>
    <rtept lat="-31.8049369" lon="-64.9612825">
      <ele>939.00000</ele>
    </rtept>
    <rtept lat="-31.8049245" lon="-64.9613043">
      <ele>939.00000</ele>
    </rtept>
    <rtept lat="-31.8049122" lon="-64.9613262">
      <ele>939.00000</ele>
    </rtept>
    <rtept lat="-31.8049060" lon="-64.9613516">
      <ele>939.00000</ele>
    </rtept>
    <rtept lat="-31.8048968" lon="-64.9613843">
      <ele>939.00000</ele>
    </rtept>
    <rtept lat="-31.8048875" lon="-64.9614206">
      <ele>939.00000</ele>
    </rtept>
    <rtept lat="-31.8048782" lon="-64.9614424">
      <ele>938.00000</ele>
    </rtept>
    <rtept lat="-31.8048751" lon="-64.9614570">
      <ele>938.00000</ele>
    </rtept>
    <rtept lat="-31.8048690" lon="-64.9614679">
      <ele>938.00000</ele>
    </rtept>
    <rtept lat="-31.8048628" lon="-64.9614788">
      <ele>938.00000</ele>
    </rtept>
    <rtept lat="-31.8048566" lon="-64.9614933">
      <ele>938.00000</ele>
    </rtept>
    <rtept lat="-31.8048474" lon="-64.9615115">
      <ele>938.00000</ele>
    </rtept>
    <rtept lat="-31.8048412" lon="-64.9615369">
      <ele>938.00000</ele>
    </rtept>
    <rtept lat="-31.8048350" lon="-64.9615515">
      <ele>938.00000</ele>
    </rtept>
    <rtept lat="-31.8048288" lon="-64.9615660">
      <ele>938.00000</ele>
    </rtept>
    <rtept lat="-31.8048258" lon="-64.9615842">
      <ele>937.00000</ele>
    </rtept>
    <rtept lat="-31.8048165" lon="-64.9615951">
      <ele>938.00000</ele>
    </rtept>
    <rtept lat="-31.8048072" lon="-64.9616205">
      <ele>937.00000</ele>
    </rtept>
    <rtept lat="-31.8047887" lon="-64.9616605">
      <ele>937.00000</ele>
    </rtept>
    <rtept lat="-31.8047764" lon="-64.9616859">
      <ele>937.00000</ele>
    </rtept>
    <rtept lat="-31.8047764" lon="-64.9617114">
      <ele>937.00000</ele>
    </rtept>
    <rtept lat="-31.8047764" lon="-64.9617441">
      <ele>937.00000</ele>
    </rtept>
    <rtept lat="-31.8047702" lon="-64.9617804">
      <ele>937.00000</ele>
    </rtept>
    <rtept lat="-31.8047579" lon="-64.9618240">
      <ele>937.00000</ele>
    </rtept>
    <rtept lat="-31.8047486" lon="-64.9618458">
      <ele>937.00000</ele>
    </rtept>
    <rtept lat="-31.8047393" lon="-64.9618822">
      <ele>937.00000</ele>
    </rtept>
    <rtept lat="-31.8047393" lon="-64.9618858">
      <ele>937.00000</ele>
    </rtept>
    <rtept lat="-31.8047362" lon="-64.9619221">
      <ele>936.00000</ele>
    </rtept>
    <rtept lat="-31.8047363" lon="-64.9619440">
      <ele>936.00000</ele>
    </rtept>
    <rtept lat="-31.8047363" lon="-64.9619585">
      <ele>936.00000</ele>
    </rtept>
    <rtept lat="-31.8047363" lon="-64.9619803">
      <ele>936.00000</ele>
    </rtept>
    <rtept lat="-31.8047363" lon="-64.9619948">
      <ele>936.00000</ele>
    </rtept>
    <rtept lat="-31.8047363" lon="-64.9620094">
      <ele>936.00000</ele>
    </rtept>
    <rtept lat="-31.8047301" lon="-64.9620275">
      <ele>937.00000</ele>
    </rtept>
    <rtept lat="-31.8047208" lon="-64.9620566">
      <ele>937.00000</ele>
    </rtept>
    <rtept lat="-31.8047085" lon="-64.9620784">
      <ele>937.00000</ele>
    </rtept>
    <rtept lat="-31.8046961" lon="-64.9621002">
      <ele>937.00000</ele>
    </rtept>
    <rtept lat="-31.8046838" lon="-64.9621220">
      <ele>938.00000</ele>
    </rtept>
    <rtept lat="-31.8046745" lon="-64.9621402">
      <ele>938.00000</ele>
    </rtept>
    <rtept lat="-31.8046591" lon="-64.9621729">
      <ele>938.00000</ele>
    </rtept>
    <rtept lat="-31.8046467" lon="-64.9621983">
      <ele>938.00000</ele>
    </rtept>
    <rtept lat="-31.8046344" lon="-64.9622310">
      <ele>938.00000</ele>
    </rtept>
    <rtept lat="-31.8046189" lon="-64.9622710">
      <ele>939.00000</ele>
    </rtept>
    <rtept lat="-31.8046128" lon="-64.9622856">
      <ele>939.00000</ele>
    </rtept>
    <rtept lat="-31.8046097" lon="-64.9623037">
      <ele>939.00000</ele>
    </rtept>
    <rtept lat="-31.8046004" lon="-64.9623401">
      <ele>939.00000</ele>
    </rtept>
    <rtept lat="-31.8045973" lon="-64.9623510">
      <ele>939.00000</ele>
    </rtept>
    <rtept lat="-31.8045912" lon="-64.9623800">
      <ele>939.00000</ele>
    </rtept>
    <rtept lat="-31.8045603" lon="-64.9624907">
      <ele>940.00000</ele>
    </rtept>
    <rtept lat="-31.8045572" lon="-64.9625089">
      <ele>940.00000</ele>
    </rtept>
    <rtept lat="-31.8045480" lon="-64.9625525">
      <ele>940.00000</ele>
    </rtept>
    <rtept lat="-31.8045449" lon="-64.9625852">
      <ele>940.00000</ele>
    </rtept>
    <rtept lat="-31.8045387" lon="-64.9626179">
      <ele>940.00000</ele>
    </rtept>
    <rtept lat="-31.8045356" lon="-64.9626470">
      <ele>940.00000</ele>
    </rtept>
    <rtept lat="-31.8045294" lon="-64.9626833">
      <ele>940.00000</ele>
    </rtept>
    <rtept lat="-31.8045264" lon="-64.9627015">
      <ele>940.00000</ele>
    </rtept>
    <rtept lat="-31.8045171" lon="-64.9627233">
      <ele>940.00000</ele>
    </rtept>
    <rtept lat="-31.8044955" lon="-64.9627669">
      <ele>940.00000</ele>
    </rtept>
    <rtept lat="-31.8044955" lon="-64.9627705">
      <ele>940.00000</ele>
    </rtept>
    <rtept lat="-31.8044924" lon="-64.9627960">
      <ele>940.00000</ele>
    </rtept>
    <rtept lat="-31.8044924" lon="-64.9628214">
      <ele>940.00000</ele>
    </rtept>
    <rtept lat="-31.8044924" lon="-64.9628541">
      <ele>940.00000</ele>
    </rtept>
    <rtept lat="-31.8044986" lon="-64.9628686">
      <ele>940.00000</ele>
    </rtept>
    <rtept lat="-31.8045017" lon="-64.9628795">
      <ele>940.00000</ele>
    </rtept>
    <rtept lat="-31.8045079" lon="-64.9629086">
      <ele>939.00000</ele>
    </rtept>
    <rtept lat="-31.8045110" lon="-64.9629231">
      <ele>939.00000</ele>
    </rtept>
    <rtept lat="-31.8045140" lon="-64.9629377">
      <ele>939.00000</ele>
    </rtept>
    <rtept lat="-31.8045202" lon="-64.9629631">
      <ele>939.00000</ele>
    </rtept>
    <rtept lat="-31.8045295" lon="-64.9630104">
      <ele>938.00000</ele>
    </rtept>
    <rtept lat="-31.8045326" lon="-64.9630394">
      <ele>938.00000</ele>
    </rtept>
    <rtept lat="-31.8045388" lon="-64.9630649">
      <ele>938.00000</ele>
    </rtept>
    <rtept lat="-31.8045449" lon="-64.9630830">
      <ele>938.00000</ele>
    </rtept>
    <rtept lat="-31.8045480" lon="-64.9631266">
      <ele>937.00000</ele>
    </rtept>
    <rtept lat="-31.8045480" lon="-64.9631339">
      <ele>937.00000</ele>
    </rtept>
    <rtept lat="-31.8045480" lon="-64.9631739">
      <ele>937.00000</ele>
    </rtept>
    <rtept lat="-31.8045481" lon="-64.9631957">
      <ele>937.00000</ele>
    </rtept>
    <rtept lat="-31.8045481" lon="-64.9632284">
      <ele>937.00000</ele>
    </rtept>
    <rtept lat="-31.8045481" lon="-64.9632393">
      <ele>937.00000</ele>
    </rtept>
    <rtept lat="-31.8045388" lon="-64.9632611">
      <ele>937.00000</ele>
    </rtept>
    <rtept lat="-31.8045234" lon="-64.9632865">
      <ele>938.00000</ele>
    </rtept>
    <rtept lat="-31.8045141" lon="-64.9633011">
      <ele>938.00000</ele>
    </rtept>
    <rtept lat="-31.8045017" lon="-64.9633301">
      <ele>938.00000</ele>
    </rtept>
    <rtept lat="-31.8044925" lon="-64.9633556">
      <ele>939.00000</ele>
    </rtept>
    <rtept lat="-31.8044894" lon="-64.9633810">
      <ele>939.00000</ele>
    </rtept>
    <rtept lat="-31.8044832" lon="-64.9633919">
      <ele>939.00000</ele>
    </rtept>
    <rtept lat="-31.8044832" lon="-64.9634065">
      <ele>939.00000</ele>
    </rtept>
    <rtept lat="-31.8044801" lon="-64.9634355">
      <ele>939.00000</ele>
    </rtept>
    <rtept lat="-31.8044801" lon="-64.9634501">
      <ele>939.00000</ele>
    </rtept>
    <rtept lat="-31.8044802" lon="-64.9634791">
      <ele>939.00000</ele>
    </rtept>
    <rtept lat="-31.8044832" lon="-64.9634937">
      <ele>939.00000</ele>
    </rtept>
    <rtept lat="-31.8044894" lon="-64.9635082">
      <ele>939.00000</ele>
    </rtept>
    <rtept lat="-31.8044956" lon="-64.9635445">
      <ele>938.00000</ele>
    </rtept>
    <rtept lat="-31.8045018" lon="-64.9635772">
      <ele>938.00000</ele>
    </rtept>
    <rtept lat="-31.8045049" lon="-64.9635990">
      <ele>938.00000</ele>
    </rtept>
    <rtept lat="-31.8045049" lon="-64.9636063">
      <ele>938.00000</ele>
    </rtept>
    <rtept lat="-31.8045111" lon="-64.9636318">
      <ele>938.00000</ele>
    </rtept>
    <rtept lat="-31.8045172" lon="-64.9636754">
      <ele>937.00000</ele>
    </rtept>
    <rtept lat="-31.8045172" lon="-64.9637044">
      <ele>937.00000</ele>
    </rtept>
    <rtept lat="-31.8045172" lon="-64.9637299">
      <ele>937.00000</ele>
    </rtept>
    <rtept lat="-31.8045172" lon="-64.9637589">
      <ele>936.00000</ele>
    </rtept>
    <rtept lat="-31.8045173" lon="-64.9637807">
      <ele>936.00000</ele>
    </rtept>
    <rtept lat="-31.8045142" lon="-64.9637880">
      <ele>936.00000</ele>
    </rtept>
    <rtept lat="-31.8045018" lon="-64.9638134">
      <ele>936.00000</ele>
    </rtept>
    <rtept lat="-31.8044895" lon="-64.9638244">
      <ele>936.00000</ele>
    </rtept>
    <rtept lat="-31.8044771" lon="-64.9638353">
      <ele>936.00000</ele>
    </rtept>
    <rtept lat="-31.8044617" lon="-64.9638607">
      <ele>936.00000</ele>
    </rtept>
    <rtept lat="-31.8044555" lon="-64.9638752">
      <ele>936.00000</ele>
    </rtept>
    <rtept lat="-31.8044493" lon="-64.9638970">
      <ele>936.00000</ele>
    </rtept>
    <rtept lat="-31.8044462" lon="-64.9639152">
      <ele>936.00000</ele>
    </rtept>
    <rtept lat="-31.8044462" lon="-64.9639261">
      <ele>936.00000</ele>
    </rtept>
    <rtept lat="-31.8044401" lon="-64.9639552">
      <ele>936.00000</ele>
    </rtept>
    <rtept lat="-31.8044401" lon="-64.9639806">
      <ele>935.00000</ele>
    </rtept>
    <rtept lat="-31.8044401" lon="-64.9639952">
      <ele>935.00000</ele>
    </rtept>
    <rtept lat="-31.8044370" lon="-64.9640242">
      <ele>935.00000</ele>
    </rtept>
    <rtept lat="-31.8044308" lon="-64.9640351">
      <ele>935.00000</ele>
    </rtept>
    <rtept lat="-31.8044308" lon="-64.9640642">
      <ele>934.00000</ele>
    </rtept>
    <rtept lat="-31.8044277" lon="-64.9640787">
      <ele>934.00000</ele>
    </rtept>
    <rtept lat="-31.8044185" lon="-64.9640933">
      <ele>934.00000</ele>
    </rtept>
    <rtept lat="-31.8044092" lon="-64.9641042">
      <ele>934.00000</ele>
    </rtept>
    <rtept lat="-31.8044030" lon="-64.9641187">
      <ele>934.00000</ele>
    </rtept>
    <rtept lat="-31.8043907" lon="-64.9641332">
      <ele>934.00000</ele>
    </rtept>
    <rtept lat="-31.8043691" lon="-64.9641551">
      <ele>934.00000</ele>
    </rtept>
    <rtept lat="-31.8043629" lon="-64.9641660">
      <ele>934.00000</ele>
    </rtept>
    <rtept lat="-31.8043413" lon="-64.9642023">
      <ele>934.00000</ele>
    </rtept>
    <rtept lat="-31.8043351" lon="-64.9642205">
      <ele>934.00000</ele>
    </rtept>
    <rtept lat="-31.8043228" lon="-64.9642532">
      <ele>934.00000</ele>
    </rtept>
    <rtept lat="-31.8042929" lon="-64.9643464">
      <ele>934.00000</ele>
    </rtept>
    <rtept lat="-31.8042929" lon="-64.9643573">
      <ele>934.00000</ele>
    </rtept>
    <rtept lat="-31.8042960" lon="-64.9643791">
      <ele>934.00000</ele>
    </rtept>
    <rtept lat="-31.8042991" lon="-64.9644118">
      <ele>933.00000</ele>
    </rtept>
    <rtept lat="-31.8042991" lon="-64.9644408">
      <ele>933.00000</ele>
    </rtept>
    <rtept lat="-31.8042868" lon="-64.9644663">
      <ele>933.00000</ele>
    </rtept>
    <rtept lat="-31.8042775" lon="-64.9644808">
      <ele>934.00000</ele>
    </rtept>
    <rtept lat="-31.8042651" lon="-64.9645063">
      <ele>934.00000</ele>
    </rtept>
    <rtept lat="-31.8042590" lon="-64.9645353">
      <ele>934.00000</ele>
    </rtept>
    <rtept lat="-31.8042559" lon="-64.9645499">
      <ele>934.00000</ele>
    </rtept>
    <rtept lat="-31.8042497" lon="-64.9645644">
      <ele>934.00000</ele>
    </rtept>
    <rtept lat="-31.8042343" lon="-64.9645862">
      <ele>934.00000</ele>
    </rtept>
    <rtept lat="-31.8042312" lon="-64.9645935">
      <ele>934.00000</ele>
    </rtept>
    <rtept lat="-31.8042219" lon="-64.9646153">
      <ele>935.00000</ele>
    </rtept>
    <rtept lat="-31.8042158" lon="-64.9646262">
      <ele>935.00000</ele>
    </rtept>
    <rtept lat="-31.8042158" lon="-64.9646843">
      <ele>935.00000</ele>
    </rtept>
    <rtept lat="-31.8042127" lon="-64.9646952">
      <ele>935.00000</ele>
    </rtept>
    <rtept lat="-31.8041972" lon="-64.9647134">
      <ele>935.00000</ele>
    </rtept>
    <rtept lat="-31.8041880" lon="-64.9647243">
      <ele>935.00000</ele>
    </rtept>
    <rtept lat="-31.8041664" lon="-64.9647316">
      <ele>936.00000</ele>
    </rtept>
    <rtept lat="-31.8041416" lon="-64.9647352">
      <ele>936.00000</ele>
    </rtept>
    <rtept lat="-31.8041108" lon="-64.9647389">
      <ele>936.00000</ele>
    </rtept>
    <rtept lat="-31.8040891" lon="-64.9647425">
      <ele>936.00000</ele>
    </rtept>
    <rtept lat="-31.8040737" lon="-64.9647498">
      <ele>937.00000</ele>
    </rtept>
    <rtept lat="-31.8040583" lon="-64.9647607">
      <ele>937.00000</ele>
    </rtept>
    <rtept lat="-31.8040459" lon="-64.9647643">
      <ele>937.00000</ele>
    </rtept>
    <rtept lat="-31.8040336" lon="-64.9647788">
      <ele>937.00000</ele>
    </rtept>
    <rtept lat="-31.8040212" lon="-64.9647934">
      <ele>937.00000</ele>
    </rtept>
    <rtept lat="-31.8040058" lon="-64.9648116">
      <ele>938.00000</ele>
    </rtept>
    <rtept lat="-31.8039934" lon="-64.9648297">
      <ele>938.00000</ele>
    </rtept>
    <rtept lat="-31.8039718" lon="-64.9648406">
      <ele>938.00000</ele>
    </rtept>
    <rtept lat="-31.8039625" lon="-64.9648406">
      <ele>938.00000</ele>
    </rtept>
    <rtept lat="-31.8039502" lon="-64.9648479">
      <ele>938.00000</ele>
    </rtept>
    <rtept lat="-31.8039224" lon="-64.9648479">
      <ele>938.00000</ele>
    </rtept>
    <rtept lat="-31.8039070" lon="-64.9648479">
      <ele>938.00000</ele>
    </rtept>
    <rtept lat="-31.8038884" lon="-64.9648479">
      <ele>939.00000</ele>
    </rtept>
    <rtept lat="-31.8038575" lon="-64.9648370">
      <ele>939.00000</ele>
    </rtept>
    <rtept lat="-31.8038359" lon="-64.9648261">
      <ele>939.00000</ele>
    </rtept>
    <rtept lat="-31.8038081" lon="-64.9648152">
      <ele>939.00000</ele>
    </rtept>
    <rtept lat="-31.8037865" lon="-64.9648043">
      <ele>939.00000</ele>
    </rtept>
    <rtept lat="-31.8037649" lon="-64.9647898">
      <ele>939.00000</ele>
    </rtept>
    <rtept lat="-31.8037494" lon="-64.9647825">
      <ele>939.00000</ele>
    </rtept>
    <rtept lat="-31.8037278" lon="-64.9647753">
      <ele>939.00000</ele>
    </rtept>
    <rtept lat="-31.8036846" lon="-64.9647644">
      <ele>939.00000</ele>
    </rtept>
    <rtept lat="-31.8036692" lon="-64.9647607">
      <ele>939.00000</ele>
    </rtept>
    <rtept lat="-31.8036475" lon="-64.9647571">
      <ele>939.00000</ele>
    </rtept>
    <rtept lat="-31.8036352" lon="-64.9647535">
      <ele>939.00000</ele>
    </rtept>
    <rtept lat="-31.8036166" lon="-64.9647462">
      <ele>939.00000</ele>
    </rtept>
    <rtept lat="-31.8035981" lon="-64.9647389">
      <ele>939.00000</ele>
    </rtept>
    <rtept lat="-31.8035858" lon="-64.9647280">
      <ele>939.00000</ele>
    </rtept>
    <rtept lat="-31.8035611" lon="-64.9647208">
      <ele>939.00000</ele>
    </rtept>
    <rtept lat="-31.8035456" lon="-64.9647135">
      <ele>939.00000</ele>
    </rtept>
    <rtept lat="-31.8035302" lon="-64.9647026">
      <ele>939.00000</ele>
    </rtept>
    <rtept lat="-31.8035055" lon="-64.9646954">
      <ele>939.00000</ele>
    </rtept>
    <rtept lat="-31.8034900" lon="-64.9646881">
      <ele>939.00000</ele>
    </rtept>
    <rtept lat="-31.8034715" lon="-64.9646845">
      <ele>939.00000</ele>
    </rtept>
    <rtept lat="-31.8034591" lon="-64.9646808">
      <ele>939.00000</ele>
    </rtept>
    <rtept lat="-31.8034375" lon="-64.9646772">
      <ele>939.00000</ele>
    </rtept>
    <rtept lat="-31.8034221" lon="-64.9646772">
      <ele>939.00000</ele>
    </rtept>
    <rtept lat="-31.8034159" lon="-64.9646772">
      <ele>939.00000</ele>
    </rtept>
    <rtept lat="-31.8033974" lon="-64.9646808">
      <ele>939.00000</ele>
    </rtept>
    <rtept lat="-31.8033788" lon="-64.9646917">
      <ele>939.00000</ele>
    </rtept>
    <rtept lat="-31.8033727" lon="-64.9646990">
      <ele>939.00000</ele>
    </rtept>
    <rtept lat="-31.8033603" lon="-64.9647063">
      <ele>939.00000</ele>
    </rtept>
    <rtept lat="-31.8033418" lon="-64.9647354">
      <ele>939.00000</ele>
    </rtept>
    <rtept lat="-31.8033387" lon="-64.9647426">
      <ele>939.00000</ele>
    </rtept>
    <rtept lat="-31.8033001" lon="-64.9648610">
      <ele>938.00000</ele>
    </rtept>
    <rtept lat="-31.8031710" lon="-64.9653549">
      <ele>937.00000</ele>
    </rtept>
    <rtept lat="-31.8031508" lon="-64.9654309">
      <ele>937.00000</ele>
    </rtept>
    <rtept lat="-31.8029935" lon="-64.9658251">
      <ele>935.00000</ele>
    </rtept>
    <rtept lat="-31.8029813" lon="-64.9658488">
      <ele>936.00000</ele>
    </rtept>
    <rtept lat="-31.8029612" lon="-64.9658916">
      <ele>936.00000</ele>
    </rtept>
    <rtept lat="-31.8027594" lon="-64.9662668">
      <ele>937.00000</ele>
    </rtept>
    <rtept lat="-31.8025819" lon="-64.9666515">
      <ele>935.00000</ele>
    </rtept>
    <rtept lat="-31.8023357" lon="-64.9670030">
      <ele>932.00000</ele>
    </rtept>
    <rtept lat="-31.8020543" lon="-64.9672381">
      <ele>931.00000</ele>
    </rtept>
    <rtept lat="-31.8018526" lon="-64.9673616">
      <ele>932.00000</ele>
    </rtept>
    <rtept lat="-31.8016225" lon="-64.9675279">
      <ele>932.00000</ele>
    </rtept>
    <rtept lat="-31.8015106" lon="-64.9676086">
      <ele>932.00000</ele>
    </rtept>
    <rtept lat="-31.8013169" lon="-64.9677606">
      <ele>931.00000</ele>
    </rtept>
    <rtept lat="-31.8010909" lon="-64.9680076">
      <ele>931.00000</ele>
    </rtept>
    <rtept lat="-31.8009537" lon="-64.9681596">
      <ele>932.00000</ele>
    </rtept>
    <rtept lat="-31.8008398" lon="-64.9682841">
      <ele>933.00000</ele>
    </rtept>
    <rtept lat="-31.8005130" lon="-64.9687780">
      <ele>931.00000</ele>
    </rtept>
    <rtept lat="-31.8002829" lon="-64.9691295">
      <ele>928.00000</ele>
    </rtept>
    <rtept lat="-31.8000852" lon="-64.9694477">
      <ele>926.00000</ele>
    </rtept>
    <rtept lat="-31.7999884" lon="-64.9697753">
      <ele>925.00000</ele>
    </rtept>
    <rtept lat="-31.7998697" lon="-64.9702512">
      <ele>926.00000</ele>
    </rtept>
    <rtept lat="-31.7997891" lon="-64.9708021">
      <ele>924.00000</ele>
    </rtept>
    <rtept lat="-31.7997164" lon="-64.9712010">
      <ele>922.00000</ele>
    </rtept>
    <rtept lat="-31.7996035" lon="-64.9719228">
      <ele>922.00000</ele>
    </rtept>
    <rtept lat="-31.7995067" lon="-64.9724404">
      <ele>921.00000</ele>
    </rtept>
    <rtept lat="-31.7994421" lon="-64.9728109">
      <ele>921.00000</ele>
    </rtept>
    <rtept lat="-31.7993735" lon="-64.9732478">
      <ele>922.00000</ele>
    </rtept>
    <rtept lat="-31.7992807" lon="-64.9737892">
      <ele>922.00000</ele>
    </rtept>
    <rtept lat="-31.7991476" lon="-64.9744065">
      <ele>922.00000</ele>
    </rtept>
    <rtept lat="-31.7990548" lon="-64.9749722">
      <ele>920.00000</ele>
    </rtept>
    <rtept lat="-31.7989378" lon="-64.9758128">
      <ele>921.00000</ele>
    </rtept>
    <rtept lat="-31.7988329" lon="-64.9762687">
      <ele>919.00000</ele>
    </rtept>
    <rtept lat="-31.7987683" lon="-64.9769572">
      <ele>915.00000</ele>
    </rtept>
    <rtept lat="-31.7988089" lon="-64.9770291">
      <ele>915.00000</ele>
    </rtept>
    <rtept lat="-31.7988614" lon="-64.9770291">
      <ele>914.00000</ele>
    </rtept>
    <rtept lat="-31.7989623" lon="-64.9770718">
      <ele>914.00000</ele>
    </rtept>
    <rtept lat="-31.7990551" lon="-64.9770623">
      <ele>914.00000</ele>
    </rtept>
    <rtept lat="-31.7991238" lon="-64.9770861">
      <ele>914.00000</ele>
    </rtept>
    <rtept lat="-31.7991439" lon="-64.9770956">
      <ele>914.00000</ele>
    </rtept>
    <rtept lat="-31.7991682" lon="-64.9771051">
      <ele>915.00000</ele>
    </rtept>
    <rtept lat="-31.7991883" lon="-64.9771146">
      <ele>915.00000</ele>
    </rtept>
    <rtept lat="-31.7991924" lon="-64.9771146">
      <ele>915.00000</ele>
    </rtept>
    <rtept lat="-31.7992206" lon="-64.9771241">
      <ele>915.00000</ele>
    </rtept>
    <rtept lat="-31.7992368" lon="-64.9771336">
      <ele>915.00000</ele>
    </rtept>
    <rtept lat="-31.7992570" lon="-64.9771431">
      <ele>915.00000</ele>
    </rtept>
    <rtept lat="-31.7992771" lon="-64.9771668">
      <ele>916.00000</ele>
    </rtept>
    <rtept lat="-31.7992892" lon="-64.9771858">
      <ele>916.00000</ele>
    </rtept>
    <rtept lat="-31.7992973" lon="-64.9772048">
      <ele>916.00000</ele>
    </rtept>
    <rtept lat="-31.7993135" lon="-64.9772475">
      <ele>916.00000</ele>
    </rtept>
    <rtept lat="-31.7993135" lon="-64.9772523">
      <ele>916.00000</ele>
    </rtept>
    <rtept lat="-31.7993135" lon="-64.9772760">
      <ele>916.00000</ele>
    </rtept>
    <rtept lat="-31.7993256" lon="-64.9773140">
      <ele>916.00000</ele>
    </rtept>
    <rtept lat="-31.7993336" lon="-64.9773378">
      <ele>916.00000</ele>
    </rtept>
    <rtept lat="-31.7993417" lon="-64.9773710">
      <ele>916.00000</ele>
    </rtept>
    <rtept lat="-31.7993498" lon="-64.9773900">
      <ele>916.00000</ele>
    </rtept>
    <rtept lat="-31.7993659" lon="-64.9774327">
      <ele>916.00000</ele>
    </rtept>
    <rtept lat="-31.7993780" lon="-64.9774660">
      <ele>916.00000</ele>
    </rtept>
    <rtept lat="-31.7993861" lon="-64.9774897">
      <ele>916.00000</ele>
    </rtept>
    <rtept lat="-31.7993982" lon="-64.9775277">
      <ele>916.00000</ele>
    </rtept>
    <rtept lat="-31.7994103" lon="-64.9775610">
      <ele>916.00000</ele>
    </rtept>
    <rtept lat="-31.7994184" lon="-64.9775847">
      <ele>916.00000</ele>
    </rtept>
    <rtept lat="-31.7994265" lon="-64.9776132">
      <ele>916.00000</ele>
    </rtept>
    <rtept lat="-31.7994346" lon="-64.9776464">
      <ele>915.00000</ele>
    </rtept>
    <rtept lat="-31.7994467" lon="-64.9776797">
      <ele>915.00000</ele>
    </rtept>
    <rtept lat="-31.7994547" lon="-64.9776987">
      <ele>915.00000</ele>
    </rtept>
    <rtept lat="-31.7994588" lon="-64.9777177">
      <ele>915.00000</ele>
    </rtept>
    <rtept lat="-31.7994668" lon="-64.9777414">
      <ele>915.00000</ele>
    </rtept>
    <rtept lat="-31.7994668" lon="-64.9777652">
      <ele>915.00000</ele>
    </rtept>
    <rtept lat="-31.7994830" lon="-64.9778031">
      <ele>915.00000</ele>
    </rtept>
    <rtept lat="-31.7994870" lon="-64.9778316">
      <ele>914.00000</ele>
    </rtept>
    <rtept lat="-31.7994991" lon="-64.9778696">
      <ele>914.00000</ele>
    </rtept>
    <rtept lat="-31.7995072" lon="-64.9779124">
      <ele>914.00000</ele>
    </rtept>
    <rtept lat="-31.7995193" lon="-64.9779409">
      <ele>914.00000</ele>
    </rtept>
    <rtept lat="-31.7995234" lon="-64.9779599">
      <ele>914.00000</ele>
    </rtept>
    <rtept lat="-31.7995355" lon="-64.9779931">
      <ele>914.00000</ele>
    </rtept>
    <rtept lat="-31.7995435" lon="-64.9780216">
      <ele>914.00000</ele>
    </rtept>
    <rtept lat="-31.7995476" lon="-64.9780501">
      <ele>914.00000</ele>
    </rtept>
    <rtept lat="-31.7995557" lon="-64.9780643">
      <ele>914.00000</ele>
    </rtept>
    <rtept lat="-31.7995597" lon="-64.9780833">
      <ele>914.00000</ele>
    </rtept>
    <rtept lat="-31.7995678" lon="-64.9781023">
      <ele>914.00000</ele>
    </rtept>
    <rtept lat="-31.7995758" lon="-64.9781213">
      <ele>914.00000</ele>
    </rtept>
    <rtept lat="-31.7995799" lon="-64.9781403">
      <ele>914.00000</ele>
    </rtept>
    <rtept lat="-31.7995920" lon="-64.9781736">
      <ele>914.00000</ele>
    </rtept>
    <rtept lat="-31.7996001" lon="-64.9781973">
      <ele>914.00000</ele>
    </rtept>
    <rtept lat="-31.7996081" lon="-64.9782210">
      <ele>914.00000</ele>
    </rtept>
    <rtept lat="-31.7996122" lon="-64.9782400">
      <ele>914.00000</ele>
    </rtept>
    <rtept lat="-31.7996243" lon="-64.9782733">
      <ele>914.00000</ele>
    </rtept>
    <rtept lat="-31.7996323" lon="-64.9782875">
      <ele>914.00000</ele>
    </rtept>
    <rtept lat="-31.7996364" lon="-64.9783018">
      <ele>914.00000</ele>
    </rtept>
    <rtept lat="-31.7996525" lon="-64.9783540">
      <ele>914.00000</ele>
    </rtept>
    <rtept lat="-31.7996606" lon="-64.9783683">
      <ele>914.00000</ele>
    </rtept>
    <rtept lat="-31.7997131" lon="-64.9784965">
      <ele>915.00000</ele>
    </rtept>
    <rtept lat="-31.7997446" lon="-64.9786148">
      <ele>916.00000</ele>
    </rtept>
    <rtept lat="-31.7997970" lon="-64.9786575">
      <ele>916.00000</ele>
    </rtept>
    <rtept lat="-31.7998132" lon="-64.9786670">
      <ele>916.00000</ele>
    </rtept>
    <rtept lat="-31.7998374" lon="-64.9786718">
      <ele>916.00000</ele>
    </rtept>
    <rtept lat="-31.7998656" lon="-64.9786860">
      <ele>916.00000</ele>
    </rtept>
    <rtept lat="-31.7998737" lon="-64.9786908">
      <ele>916.00000</ele>
    </rtept>
    <rtept lat="-31.7999060" lon="-64.9787003">
      <ele>916.00000</ele>
    </rtept>
    <rtept lat="-31.7999141" lon="-64.9787050">
      <ele>916.00000</ele>
    </rtept>
    <rtept lat="-31.7999342" lon="-64.9787098">
      <ele>916.00000</ele>
    </rtept>
    <rtept lat="-31.7999665" lon="-64.9787098">
      <ele>916.00000</ele>
    </rtept>
    <rtept lat="-31.7999948" lon="-64.9787098">
      <ele>916.00000</ele>
    </rtept>
    <rtept lat="-31.8000190" lon="-64.9787145">
      <ele>916.00000</ele>
    </rtept>
    <rtept lat="-31.8000392" lon="-64.9787288">
      <ele>916.00000</ele>
    </rtept>
    <rtept lat="-31.8000674" lon="-64.9787525">
      <ele>916.00000</ele>
    </rtept>
    <rtept lat="-31.8000795" lon="-64.9787810">
      <ele>915.00000</ele>
    </rtept>
    <rtept lat="-31.8000795" lon="-64.9787857">
      <ele>915.00000</ele>
    </rtept>
    <rtept lat="-31.8000795" lon="-64.9788570">
      <ele>915.00000</ele>
    </rtept>
    <rtept lat="-31.8000796" lon="-64.9788807">
      <ele>915.00000</ele>
    </rtept>
    <rtept lat="-31.8000674" lon="-64.9789092">
      <ele>915.00000</ele>
    </rtept>
    <rtept lat="-31.8000634" lon="-64.9789140">
      <ele>915.00000</ele>
    </rtept>
    <rtept lat="-31.8000594" lon="-64.9789330">
      <ele>914.00000</ele>
    </rtept>
    <rtept lat="-31.8000513" lon="-64.9789567">
      <ele>914.00000</ele>
    </rtept>
    <rtept lat="-31.8000392" lon="-64.9790089">
      <ele>913.00000</ele>
    </rtept>
    <rtept lat="-31.8000271" lon="-64.9790469">
      <ele>912.00000</ele>
    </rtept>
    <rtept lat="-31.8000230" lon="-64.9790659">
      <ele>912.00000</ele>
    </rtept>
    <rtept lat="-31.8000109" lon="-64.9791039">
      <ele>912.00000</ele>
    </rtept>
    <rtept lat="-31.8000029" lon="-64.9791372">
      <ele>911.00000</ele>
    </rtept>
    <rtept lat="-31.7999988" lon="-64.9791609">
      <ele>911.00000</ele>
    </rtept>
    <rtept lat="-31.7999908" lon="-64.9791846">
      <ele>910.00000</ele>
    </rtept>
    <rtept lat="-31.7999867" lon="-64.9792131">
      <ele>910.00000</ele>
    </rtept>
    <rtept lat="-31.7999787" lon="-64.9792321">
      <ele>910.00000</ele>
    </rtept>
    <rtept lat="-31.7999706" lon="-64.9792511">
      <ele>910.00000</ele>
    </rtept>
    <rtept lat="-31.7999665" lon="-64.9792701">
      <ele>910.00000</ele>
    </rtept>
    <rtept lat="-31.7999544" lon="-64.9792986">
      <ele>910.00000</ele>
    </rtept>
    <rtept lat="-31.7999504" lon="-64.9793176">
      <ele>910.00000</ele>
    </rtept>
    <rtept lat="-31.7999423" lon="-64.9793414">
      <ele>909.00000</ele>
    </rtept>
    <rtept lat="-31.7999343" lon="-64.9793651">
      <ele>909.00000</ele>
    </rtept>
    <rtept lat="-31.7999262" lon="-64.9793888">
      <ele>909.00000</ele>
    </rtept>
    <rtept lat="-31.7999222" lon="-64.9794126">
      <ele>909.00000</ele>
    </rtept>
    <rtept lat="-31.7999222" lon="-64.9794411">
      <ele>908.00000</ele>
    </rtept>
    <rtept lat="-31.7999222" lon="-64.9794553">
      <ele>908.00000</ele>
    </rtept>
    <rtept lat="-31.8000049" lon="-64.9795082">
      <ele>907.00000</ele>
    </rtept>
    <rtept lat="-31.8000735" lon="-64.9795509">
      <ele>906.00000</ele>
    </rtept>
    <rtept lat="-31.8001421" lon="-64.9795936">
      <ele>906.00000</ele>
    </rtept>
    <rtept lat="-31.8001704" lon="-64.9796031">
      <ele>906.00000</ele>
    </rtept>
    <rtept lat="-31.8002067" lon="-64.9796126">
      <ele>905.00000</ele>
    </rtept>
    <rtept lat="-31.8002228" lon="-64.9796221">
      <ele>905.00000</ele>
    </rtept>
    <rtept lat="-31.8002349" lon="-64.9796269">
      <ele>905.00000</ele>
    </rtept>
    <rtept lat="-31.8002551" lon="-64.9796411">
      <ele>905.00000</ele>
    </rtept>
    <rtept lat="-31.8002672" lon="-64.9796506">
      <ele>905.00000</ele>
    </rtept>
    <rtept lat="-31.8002874" lon="-64.9796601">
      <ele>905.00000</ele>
    </rtept>
    <rtept lat="-31.8003035" lon="-64.9796744">
      <ele>905.00000</ele>
    </rtept>
    <rtept lat="-31.8003197" lon="-64.9796839">
      <ele>905.00000</ele>
    </rtept>
    <rtept lat="-31.8003399" lon="-64.9797029">
      <ele>906.00000</ele>
    </rtept>
    <rtept lat="-31.8003600" lon="-64.9797124">
      <ele>906.00000</ele>
    </rtept>
    <rtept lat="-31.8003923" lon="-64.9797361">
      <ele>906.00000</ele>
    </rtept>
    <rtept lat="-31.8004085" lon="-64.9797409">
      <ele>906.00000</ele>
    </rtept>
    <rtept lat="-31.8004529" lon="-64.9797599">
      <ele>906.00000</ele>
    </rtept>
    <rtept lat="-31.8004690" lon="-64.9797646">
      <ele>906.00000</ele>
    </rtept>
    <rtept lat="-31.8004932" lon="-64.9797788">
      <ele>906.00000</ele>
    </rtept>
    <rtept lat="-31.8005215" lon="-64.9797931">
      <ele>906.00000</ele>
    </rtept>
    <rtept lat="-31.8005417" lon="-64.9798073">
      <ele>906.00000</ele>
    </rtept>
    <rtept lat="-31.8005578" lon="-64.9798168">
      <ele>906.00000</ele>
    </rtept>
    <rtept lat="-31.8005740" lon="-64.9798311">
      <ele>906.00000</ele>
    </rtept>
    <rtept lat="-31.8005901" lon="-64.9798406">
      <ele>906.00000</ele>
    </rtept>
    <rtept lat="-31.8006184" lon="-64.9798548">
      <ele>906.00000</ele>
    </rtept>
    <rtept lat="-31.8006305" lon="-64.9798691">
      <ele>906.00000</ele>
    </rtept>
    <rtept lat="-31.8006587" lon="-64.9798881">
      <ele>906.00000</ele>
    </rtept>
    <rtept lat="-31.8006708" lon="-64.9798976">
      <ele>906.00000</ele>
    </rtept>
    <rtept lat="-31.8006950" lon="-64.9799023">
      <ele>906.00000</ele>
    </rtept>
    <rtept lat="-31.8007112" lon="-64.9799023">
      <ele>906.00000</ele>
    </rtept>
    <rtept lat="-31.8007314" lon="-64.9799023">
      <ele>906.00000</ele>
    </rtept>
    <rtept lat="-31.8007515" lon="-64.9799071">
      <ele>906.00000</ele>
    </rtept>
    <rtept lat="-31.8007677" lon="-64.9799118">
      <ele>906.00000</ele>
    </rtept>
    <rtept lat="-31.8007838" lon="-64.9799213">
      <ele>906.00000</ele>
    </rtept>
    <rtept lat="-31.8008081" lon="-64.9799356">
      <ele>906.00000</ele>
    </rtept>
    <rtept lat="-31.8008282" lon="-64.9799498">
      <ele>906.00000</ele>
    </rtept>
    <rtept lat="-31.8008484" lon="-64.9799640">
      <ele>905.00000</ele>
    </rtept>
    <rtept lat="-31.8008686" lon="-64.9799735">
      <ele>905.00000</ele>
    </rtept>
    <rtept lat="-31.8008847" lon="-64.9799878">
      <ele>905.00000</ele>
    </rtept>
    <rtept lat="-31.8009009" lon="-64.9799973">
      <ele>905.00000</ele>
    </rtept>
    <rtept lat="-31.8009412" lon="-64.9800258">
      <ele>904.00000</ele>
    </rtept>
    <rtept lat="-31.8009655" lon="-64.9800353">
      <ele>904.00000</ele>
    </rtept>
    <rtept lat="-31.8010018" lon="-64.9800400">
      <ele>903.00000</ele>
    </rtept>
    <rtept lat="-31.8010220" lon="-64.9800400">
      <ele>903.00000</ele>
    </rtept>
    <rtept lat="-31.8010381" lon="-64.9800400">
      <ele>903.00000</ele>
    </rtept>
    <rtept lat="-31.8010704" lon="-64.9800495">
      <ele>902.00000</ele>
    </rtept>
    <rtept lat="-31.8010825" lon="-64.9800495">
      <ele>902.00000</ele>
    </rtept>
    <rtept lat="-31.8011148" lon="-64.9800543">
      <ele>902.00000</ele>
    </rtept>
    <rtept lat="-31.8011430" lon="-64.9800638">
      <ele>902.00000</ele>
    </rtept>
    <rtept lat="-31.8011673" lon="-64.9800685">
      <ele>901.00000</ele>
    </rtept>
    <rtept lat="-31.8011955" lon="-64.9800733">
      <ele>901.00000</ele>
    </rtept>
    <rtept lat="-31.8012117" lon="-64.9800780">
      <ele>901.00000</ele>
    </rtept>
    <rtept lat="-31.8012359" lon="-64.9800875">
      <ele>900.00000</ele>
    </rtept>
    <rtept lat="-31.8012641" lon="-64.9801018">
      <ele>900.00000</ele>
    </rtept>
    <rtept lat="-31.8012803" lon="-64.9801160">
      <ele>900.00000</ele>
    </rtept>
    <rtept lat="-31.8012964" lon="-64.9801303">
      <ele>900.00000</ele>
    </rtept>
    <rtept lat="-31.8013166" lon="-64.9801445">
      <ele>899.00000</ele>
    </rtept>
    <rtept lat="-31.8013327" lon="-64.9801587">
      <ele>899.00000</ele>
    </rtept>
    <rtept lat="-31.8013489" lon="-64.9801730">
      <ele>899.00000</ele>
    </rtept>
    <rtept lat="-31.8013650" lon="-64.9802015">
      <ele>899.00000</ele>
    </rtept>
    <rtept lat="-31.8013812" lon="-64.9802252">
      <ele>899.00000</ele>
    </rtept>
    <rtept lat="-31.8013933" lon="-64.9802395">
      <ele>899.00000</ele>
    </rtept>
    <rtept lat="-31.8014175" lon="-64.9802632">
      <ele>899.00000</ele>
    </rtept>
    <rtept lat="-31.8014296" lon="-64.9802822">
      <ele>899.00000</ele>
    </rtept>
    <rtept lat="-31.8014458" lon="-64.9803060">
      <ele>899.00000</ele>
    </rtept>
    <rtept lat="-31.8014579" lon="-64.9803250">
      <ele>898.00000</ele>
    </rtept>
    <rtept lat="-31.8014780" lon="-64.9803440">
      <ele>898.00000</ele>
    </rtept>
    <rtept lat="-31.8014821" lon="-64.9803535">
      <ele>898.00000</ele>
    </rtept>
    <rtept lat="-31.8015063" lon="-64.9803677">
      <ele>898.00000</ele>
    </rtept>
    <rtept lat="-31.8015224" lon="-64.9803772">
      <ele>898.00000</ele>
    </rtept>
    <rtept lat="-31.8015345" lon="-64.9804009">
      <ele>898.00000</ele>
    </rtept>
    <rtept lat="-31.8015386" lon="-64.9804057">
      <ele>898.00000</ele>
    </rtept>
    <rtept lat="-31.8015588" lon="-64.9804389">
      <ele>898.00000</ele>
    </rtept>
    <rtept lat="-31.8015709" lon="-64.9804532">
      <ele>898.00000</ele>
    </rtept>
    <rtept lat="-31.8015870" lon="-64.9804722">
      <ele>898.00000</ele>
    </rtept>
    <rtept lat="-31.8016072" lon="-64.9804912">
      <ele>898.00000</ele>
    </rtept>
    <rtept lat="-31.8015497" lon="-64.9805898">
      <ele>898.00000</ele>
    </rtept>
    <rtept lat="-31.8014932" lon="-64.9806848">
      <ele>897.00000</ele>
    </rtept>
    <rtept lat="-31.8014851" lon="-64.9807038">
      <ele>897.00000</ele>
    </rtept>
    <rtept lat="-31.8014649" lon="-64.9807561">
      <ele>897.00000</ele>
    </rtept>
    <rtept lat="-31.8014609" lon="-64.9807940">
      <ele>897.00000</ele>
    </rtept>
    <rtept lat="-31.8014568" lon="-64.9808225">
      <ele>897.00000</ele>
    </rtept>
    <rtept lat="-31.8014447" lon="-64.9808748">
      <ele>897.00000</ele>
    </rtept>
    <rtept lat="-31.8014367" lon="-64.9809413">
      <ele>897.00000</ele>
    </rtept>
    <rtept lat="-31.8014205" lon="-64.9809555">
      <ele>897.00000</ele>
    </rtept>
    <rtept lat="-31.8013923" lon="-64.9809745">
      <ele>897.00000</ele>
    </rtept>
    <rtept lat="-31.8013559" lon="-64.9809888">
      <ele>897.00000</ele>
    </rtept>
    <rtept lat="-31.8013398" lon="-64.9809935">
      <ele>897.00000</ele>
    </rtept>
    <rtept lat="-31.8013196" lon="-64.9810030">
      <ele>897.00000</ele>
    </rtept>
    <rtept lat="-31.8013035" lon="-64.9810172">
      <ele>897.00000</ele>
    </rtept>
    <rtept lat="-31.8012914" lon="-64.9810410">
      <ele>897.00000</ele>
    </rtept>
    <rtept lat="-31.8012873" lon="-64.9810505">
      <ele>897.00000</ele>
    </rtept>
    <rtept lat="-31.8012793" lon="-64.9810790">
      <ele>897.00000</ele>
    </rtept>
    <rtept lat="-31.8012712" lon="-64.9811122">
      <ele>897.00000</ele>
    </rtept>
    <rtept lat="-31.8012550" lon="-64.9811312">
      <ele>897.00000</ele>
    </rtept>
    <rtept lat="-31.8012470" lon="-64.9811360">
      <ele>897.00000</ele>
    </rtept>
    <rtept lat="-31.8012470" lon="-64.9811597">
      <ele>897.00000</ele>
    </rtept>
    <rtept lat="-31.8012510" lon="-64.9811930">
      <ele>897.00000</ele>
    </rtept>
    <rtept lat="-31.8012389" lon="-64.9812404">
      <ele>897.00000</ele>
    </rtept>
    <rtept lat="-31.8012308" lon="-64.9812547">
      <ele>897.00000</ele>
    </rtept>
    <rtept lat="-31.8012389" lon="-64.9813164">
      <ele>897.00000</ele>
    </rtept>
    <rtept lat="-31.8012389" lon="-64.9813354">
      <ele>897.00000</ele>
    </rtept>
    <rtept lat="-31.8012429" lon="-64.9813497">
      <ele>897.00000</ele>
    </rtept>
    <rtept lat="-31.8012591" lon="-64.9813829">
      <ele>897.00000</ele>
    </rtept>
    <rtept lat="-31.8012631" lon="-64.9814114">
      <ele>897.00000</ele>
    </rtept>
    <rtept lat="-31.8012631" lon="-64.9814494">
      <ele>897.00000</ele>
    </rtept>
    <rtept lat="-31.8012591" lon="-64.9814731">
      <ele>897.00000</ele>
    </rtept>
    <rtept lat="-31.8012429" lon="-64.9815064">
      <ele>897.00000</ele>
    </rtept>
    <rtept lat="-31.8012268" lon="-64.9815159">
      <ele>897.00000</ele>
    </rtept>
    <rtept lat="-31.8011985" lon="-64.9815396">
      <ele>897.00000</ele>
    </rtept>
    <rtept lat="-31.8011864" lon="-64.9815491">
      <ele>897.00000</ele>
    </rtept>
    <rtept lat="-31.8011622" lon="-64.9815539">
      <ele>897.00000</ele>
    </rtept>
    <rtept lat="-31.8011420" lon="-64.9815539">
      <ele>896.00000</ele>
    </rtept>
    <rtept lat="-31.8011219" lon="-64.9815539">
      <ele>896.00000</ele>
    </rtept>
    <rtept lat="-31.8010855" lon="-64.9815539">
      <ele>896.00000</ele>
    </rtept>
    <rtept lat="-31.8010654" lon="-64.9815586">
      <ele>896.00000</ele>
    </rtept>
    <rtept lat="-31.8010573" lon="-64.9815776">
      <ele>896.00000</ele>
    </rtept>
    <rtept lat="-31.8010411" lon="-64.9816251">
      <ele>897.00000</ele>
    </rtept>
    <rtept lat="-31.8010331" lon="-64.9816346">
      <ele>897.00000</ele>
    </rtept>
    <rtept lat="-31.8010129" lon="-64.9816441">
      <ele>897.00000</ele>
    </rtept>
    <rtept lat="-31.8009846" lon="-64.9816489">
      <ele>897.00000</ele>
    </rtept>
    <rtept lat="-31.8009604" lon="-64.9816489">
      <ele>897.00000</ele>
    </rtept>
    <rtept lat="-31.8009483" lon="-64.9816489">
      <ele>897.00000</ele>
    </rtept>
    <rtept lat="-31.8009160" lon="-64.9816584">
      <ele>897.00000</ele>
    </rtept>
    <rtept lat="-31.8008999" lon="-64.9816584">
      <ele>897.00000</ele>
    </rtept>
    <rtept lat="-31.8008676" lon="-64.9816584">
      <ele>897.00000</ele>
    </rtept>
    <rtept lat="-31.8008514" lon="-64.9816584">
      <ele>897.00000</ele>
    </rtept>
    <rtept lat="-31.8008272" lon="-64.9816584">
      <ele>898.00000</ele>
    </rtept>
    <rtept lat="-31.8008070" lon="-64.9816679">
      <ele>898.00000</ele>
    </rtept>
    <rtept lat="-31.8007788" lon="-64.9816868">
      <ele>898.00000</ele>
    </rtept>
    <rtept lat="-31.8007586" lon="-64.9817058">
      <ele>898.00000</ele>
    </rtept>
    <rtept lat="-31.8007505" lon="-64.9817106">
      <ele>898.00000</ele>
    </rtept>
    <rtept lat="-31.8007304" lon="-64.9817248">
      <ele>898.00000</ele>
    </rtept>
    <rtept lat="-31.8007061" lon="-64.9817391">
      <ele>899.00000</ele>
    </rtept>
    <rtept lat="-31.8006819" lon="-64.9817533">
      <ele>899.00000</ele>
    </rtept>
    <rtept lat="-31.8006577" lon="-64.9817628">
      <ele>899.00000</ele>
    </rtept>
    <rtept lat="-31.8005627" lon="-64.9818092">
      <ele>900.00000</ele>
    </rtept>
    <rtept lat="-31.8005466" lon="-64.9818234">
      <ele>900.00000</ele>
    </rtept>
    <rtept lat="-31.8005344" lon="-64.9818329">
      <ele>900.00000</ele>
    </rtept>
    <rtept lat="-31.8005183" lon="-64.9818567">
      <ele>900.00000</ele>
    </rtept>
    <rtept lat="-31.8005102" lon="-64.9818709">
      <ele>900.00000</ele>
    </rtept>
    <rtept lat="-31.8004981" lon="-64.9818947">
      <ele>900.00000</ele>
    </rtept>
    <rtept lat="-31.8004860" lon="-64.9819184">
      <ele>900.00000</ele>
    </rtept>
    <rtept lat="-31.8004618" lon="-64.9819422">
      <ele>900.00000</ele>
    </rtept>
    <rtept lat="-31.8004416" lon="-64.9819517">
      <ele>900.00000</ele>
    </rtept>
    <rtept lat="-31.8004255" lon="-64.9819564">
      <ele>900.00000</ele>
    </rtept>
    <rtept lat="-31.8004013" lon="-64.9819706">
      <ele>899.00000</ele>
    </rtept>
    <rtept lat="-31.8003932" lon="-64.9819754">
      <ele>899.00000</ele>
    </rtept>
    <rtept lat="-31.8003770" lon="-64.9819849">
      <ele>899.00000</ele>
    </rtept>
    <rtept lat="-31.8003407" lon="-64.9819991">
      <ele>899.00000</ele>
    </rtept>
    <rtept lat="-31.8003084" lon="-64.9820039">
      <ele>899.00000</ele>
    </rtept>
    <rtept lat="-31.8002963" lon="-64.9820039">
      <ele>899.00000</ele>
    </rtept>
    <rtept lat="-31.8002761" lon="-64.9820134">
      <ele>898.00000</ele>
    </rtept>
    <rtept lat="-31.8002479" lon="-64.9820181">
      <ele>898.00000</ele>
    </rtept>
    <rtept lat="-31.8002237" lon="-64.9820276">
      <ele>898.00000</ele>
    </rtept>
    <rtept lat="-31.8002075" lon="-64.9820276">
      <ele>897.00000</ele>
    </rtept>
    <rtept lat="-31.8001752" lon="-64.9820324">
      <ele>897.00000</ele>
    </rtept>
    <rtept lat="-31.8001430" lon="-64.9820371">
      <ele>897.00000</ele>
    </rtept>
    <rtept lat="-31.8001389" lon="-64.9820371">
      <ele>896.00000</ele>
    </rtept>
    <rtept lat="-31.8001187" lon="-64.9820466">
      <ele>896.00000</ele>
    </rtept>
    <rtept lat="-31.8000905" lon="-64.9820561">
      <ele>896.00000</ele>
    </rtept>
    <rtept lat="-31.8000663" lon="-64.9820609">
      <ele>895.00000</ele>
    </rtept>
    <rtept lat="-31.8000420" lon="-64.9820704">
      <ele>895.00000</ele>
    </rtept>
    <rtept lat="-31.8000178" lon="-64.9820799">
      <ele>895.00000</ele>
    </rtept>
    <rtept lat="-31.7999855" lon="-64.9820894">
      <ele>894.00000</ele>
    </rtept>
    <rtept lat="-31.7999734" lon="-64.9820941">
      <ele>894.00000</ele>
    </rtept>
    <rtept lat="-31.7999533" lon="-64.9821036">
      <ele>894.00000</ele>
    </rtept>
    <rtept lat="-31.7999371" lon="-64.9821036">
      <ele>894.00000</ele>
    </rtept>
    <rtept lat="-31.7999169" lon="-64.9821131">
      <ele>894.00000</ele>
    </rtept>
    <rtept lat="-31.7998968" lon="-64.9821226">
      <ele>894.00000</ele>
    </rtept>
    <rtept lat="-31.7998645" lon="-64.9821511">
      <ele>894.00000</ele>
    </rtept>
    <rtept lat="-31.7998604" lon="-64.9821511">
      <ele>894.00000</ele>
    </rtept>
    <rtept lat="-31.7998443" lon="-64.9821654">
      <ele>894.00000</ele>
    </rtept>
    <rtept lat="-31.7998160" lon="-64.9821891">
      <ele>893.00000</ele>
    </rtept>
    <rtept lat="-31.7997958" lon="-64.9822033">
      <ele>893.00000</ele>
    </rtept>
    <rtept lat="-31.7997837" lon="-64.9822128">
      <ele>893.00000</ele>
    </rtept>
    <rtept lat="-31.7997676" lon="-64.9822223">
      <ele>893.00000</ele>
    </rtept>
    <rtept lat="-31.7997474" lon="-64.9822318">
      <ele>893.00000</ele>
    </rtept>
    <rtept lat="-31.7997232" lon="-64.9822461">
      <ele>893.00000</ele>
    </rtept>
    <rtept lat="-31.7997071" lon="-64.9822461">
      <ele>893.00000</ele>
    </rtept>
    <rtept lat="-31.7996909" lon="-64.9822508">
      <ele>893.00000</ele>
    </rtept>
    <rtept lat="-31.7996707" lon="-64.9822556">
      <ele>893.00000</ele>
    </rtept>
    <rtept lat="-31.7996263" lon="-64.9822651">
      <ele>893.00000</ele>
    </rtept>
    <rtept lat="-31.7995981" lon="-64.9822793">
      <ele>893.00000</ele>
    </rtept>
    <rtept lat="-31.7995739" lon="-64.9822936">
      <ele>893.00000</ele>
    </rtept>
    <rtept lat="-31.7995416" lon="-64.9823173">
      <ele>893.00000</ele>
    </rtept>
    <rtept lat="-31.7995295" lon="-64.9823221">
      <ele>893.00000</ele>
    </rtept>
    <rtept lat="-31.7994972" lon="-64.9823458">
      <ele>893.00000</ele>
    </rtept>
    <rtept lat="-31.7994770" lon="-64.9823601">
      <ele>893.00000</ele>
    </rtept>
    <rtept lat="-31.7994609" lon="-64.9823743">
      <ele>893.00000</ele>
    </rtept>
    <rtept lat="-31.7994407" lon="-64.9823885">
      <ele>893.00000</ele>
    </rtept>
    <rtept lat="-31.7994124" lon="-64.9824075">
      <ele>893.00000</ele>
    </rtept>
    <rtept lat="-31.7993922" lon="-64.9824218">
      <ele>893.00000</ele>
    </rtept>
    <rtept lat="-31.7993721" lon="-64.9824360">
      <ele>893.00000</ele>
    </rtept>
    <rtept lat="-31.7993559" lon="-64.9824503">
      <ele>893.00000</ele>
    </rtept>
    <rtept lat="-31.7993317" lon="-64.9824693">
      <ele>893.00000</ele>
    </rtept>
    <rtept lat="-31.7993156" lon="-64.9824883">
      <ele>893.00000</ele>
    </rtept>
    <rtept lat="-31.7993034" lon="-64.9825215">
      <ele>893.00000</ele>
    </rtept>
    <rtept lat="-31.7992994" lon="-64.9825358">
      <ele>893.00000</ele>
    </rtept>
    <rtept lat="-31.7992833" lon="-64.9825690">
      <ele>893.00000</ele>
    </rtept>
    <rtept lat="-31.7992671" lon="-64.9825832">
      <ele>893.00000</ele>
    </rtept>
    <rtept lat="-31.7992510" lon="-64.9826117">
      <ele>893.00000</ele>
    </rtept>
    <rtept lat="-31.7992389" lon="-64.9826307">
      <ele>893.00000</ele>
    </rtept>
    <rtept lat="-31.7992268" lon="-64.9826450">
      <ele>893.00000</ele>
    </rtept>
    <rtept lat="-31.7992147" lon="-64.9826592">
      <ele>893.00000</ele>
    </rtept>
    <rtept lat="-31.7991985" lon="-64.9826877">
      <ele>893.00000</ele>
    </rtept>
    <rtept lat="-31.7991904" lon="-64.9827020">
      <ele>893.00000</ele>
    </rtept>
    <rtept lat="-31.7991783" lon="-64.9827210">
      <ele>893.00000</ele>
    </rtept>
    <rtept lat="-31.7991662" lon="-64.9827542">
      <ele>893.00000</ele>
    </rtept>
    <rtept lat="-31.7991622" lon="-64.9827637">
      <ele>893.00000</ele>
    </rtept>
    <rtept lat="-31.7991460" lon="-64.9828017">
      <ele>893.00000</ele>
    </rtept>
    <rtept lat="-31.7991218" lon="-64.9828302">
      <ele>893.00000</ele>
    </rtept>
    <rtept lat="-31.7991057" lon="-64.9828587">
      <ele>893.00000</ele>
    </rtept>
    <rtept lat="-31.7991016" lon="-64.9828872">
      <ele>893.00000</ele>
    </rtept>
    <rtept lat="-31.7990976" lon="-64.9829062">
      <ele>894.00000</ele>
    </rtept>
    <rtept lat="-31.7990774" lon="-64.9829489">
      <ele>894.00000</ele>
    </rtept>
    <rtept lat="-31.7990734" lon="-64.9829537">
      <ele>894.00000</ele>
    </rtept>
    <rtept lat="-31.7990572" lon="-64.9829821">
      <ele>894.00000</ele>
    </rtept>
    <rtept lat="-31.7990371" lon="-64.9830106">
      <ele>895.00000</ele>
    </rtept>
    <rtept lat="-31.7990209" lon="-64.9830296">
      <ele>895.00000</ele>
    </rtept>
    <rtept lat="-31.7990048" lon="-64.9830439">
      <ele>895.00000</ele>
    </rtept>
    <rtept lat="-31.7989806" lon="-64.9830676">
      <ele>895.00000</ele>
    </rtept>
    <rtept lat="-31.7989765" lon="-64.9830866">
      <ele>895.00000</ele>
    </rtept>
    <rtept lat="-31.7989725" lon="-64.9830961">
      <ele>895.00000</ele>
    </rtept>
    <rtept lat="-31.7989725" lon="-64.9831341">
      <ele>896.00000</ele>
    </rtept>
    <rtept lat="-31.7989765" lon="-64.9831579">
      <ele>896.00000</ele>
    </rtept>
    <rtept lat="-31.7989886" lon="-64.9832006">
      <ele>896.00000</ele>
    </rtept>
    <rtept lat="-31.7990007" lon="-64.9832196">
      <ele>896.00000</ele>
    </rtept>
    <rtept lat="-31.7990007" lon="-64.9832386">
      <ele>896.00000</ele>
    </rtept>
    <rtept lat="-31.7989927" lon="-64.9832671">
      <ele>896.00000</ele>
    </rtept>
    <rtept lat="-31.7989806" lon="-64.9832861">
      <ele>897.00000</ele>
    </rtept>
    <rtept lat="-31.7989644" lon="-64.9833098">
      <ele>897.00000</ele>
    </rtept>
    <rtept lat="-31.7989563" lon="-64.9833241">
      <ele>897.00000</ele>
    </rtept>
    <rtept lat="-31.7989483" lon="-64.9833431">
      <ele>897.00000</ele>
    </rtept>
    <rtept lat="-31.7989321" lon="-64.9833573">
      <ele>897.00000</ele>
    </rtept>
    <rtept lat="-31.7989281" lon="-64.9833668">
      <ele>897.00000</ele>
    </rtept>
    <rtept lat="-31.7989160" lon="-64.9834190">
      <ele>897.00000</ele>
    </rtept>
    <rtept lat="-31.7988958" lon="-64.9834570">
      <ele>897.00000</ele>
    </rtept>
    <rtept lat="-31.7988877" lon="-64.9834713">
      <ele>896.00000</ele>
    </rtept>
    <rtept lat="-31.7988675" lon="-64.9834998">
      <ele>896.00000</ele>
    </rtept>
    <rtept lat="-31.7988554" lon="-64.9835188">
      <ele>896.00000</ele>
    </rtept>
    <rtept lat="-31.7988393" lon="-64.9835473">
      <ele>896.00000</ele>
    </rtept>
    <rtept lat="-31.7988353" lon="-64.9835473">
      <ele>896.00000</ele>
    </rtept>
    <rtept lat="-31.7987543" lon="-64.9836262">
      <ele>895.00000</ele>
    </rtept>
    <rtept lat="-31.7987462" lon="-64.9836452">
      <ele>895.00000</ele>
    </rtept>
    <rtept lat="-31.7987260" lon="-64.9836642">
      <ele>894.00000</ele>
    </rtept>
    <rtept lat="-31.7987099" lon="-64.9836832">
      <ele>894.00000</ele>
    </rtept>
    <rtept lat="-31.7986938" lon="-64.9836927">
      <ele>894.00000</ele>
    </rtept>
    <rtept lat="-31.7986897" lon="-64.9836927">
      <ele>894.00000</ele>
    </rtept>
    <rtept lat="-31.7986695" lon="-64.9837070">
      <ele>894.00000</ele>
    </rtept>
    <rtept lat="-31.7986574" lon="-64.9837212">
      <ele>893.00000</ele>
    </rtept>
    <rtept lat="-31.7986332" lon="-64.9837545">
      <ele>893.00000</ele>
    </rtept>
    <rtept lat="-31.7986292" lon="-64.9837545">
      <ele>893.00000</ele>
    </rtept>
    <rtept lat="-31.7986050" lon="-64.9837735">
      <ele>893.00000</ele>
    </rtept>
    <rtept lat="-31.7985928" lon="-64.9837830">
      <ele>893.00000</ele>
    </rtept>
    <rtept lat="-31.7985686" lon="-64.9838020">
      <ele>893.00000</ele>
    </rtept>
    <rtept lat="-31.7985525" lon="-64.9838114">
      <ele>893.00000</ele>
    </rtept>
    <rtept lat="-31.7985404" lon="-64.9838257">
      <ele>893.00000</ele>
    </rtept>
    <rtept lat="-31.7985323" lon="-64.9838304">
      <ele>893.00000</ele>
    </rtept>
    <rtept lat="-31.7985444" lon="-64.9838732">
      <ele>893.00000</ele>
    </rtept>
    <rtept lat="-31.7985565" lon="-64.9838969">
      <ele>893.00000</ele>
    </rtept>
    <rtept lat="-31.7985565" lon="-64.9839254">
      <ele>893.00000</ele>
    </rtept>
    <rtept lat="-31.7985565" lon="-64.9839349">
      <ele>893.00000</ele>
    </rtept>
    <rtept lat="-31.7985565" lon="-64.9839682">
      <ele>893.00000</ele>
    </rtept>
    <rtept lat="-31.7985565" lon="-64.9840014">
      <ele>892.00000</ele>
    </rtept>
    <rtept lat="-31.7985924" lon="-64.9840607">
      <ele>892.00000</ele>
    </rtept>
    <rtept lat="-31.7985924" lon="-64.9840797">
      <ele>892.00000</ele>
    </rtept>
    <rtept lat="-31.7985883" lon="-64.9840892">
      <ele>892.00000</ele>
    </rtept>
    <rtept lat="-31.7985762" lon="-64.9841320">
      <ele>892.00000</ele>
    </rtept>
    <rtept lat="-31.7985681" lon="-64.9841652">
      <ele>892.00000</ele>
    </rtept>
    <rtept lat="-31.7985601" lon="-64.9841984">
      <ele>892.00000</ele>
    </rtept>
    <rtept lat="-31.7985601" lon="-64.9842127">
      <ele>892.00000</ele>
    </rtept>
    <rtept lat="-31.7985601" lon="-64.9842412">
      <ele>892.00000</ele>
    </rtept>
    <rtept lat="-31.7985601" lon="-64.9842649">
      <ele>892.00000</ele>
    </rtept>
    <rtept lat="-31.7985601" lon="-64.9843029">
      <ele>892.00000</ele>
    </rtept>
    <rtept lat="-31.7985601" lon="-64.9843172">
      <ele>892.00000</ele>
    </rtept>
    <rtept lat="-31.7985601" lon="-64.9843504">
      <ele>892.00000</ele>
    </rtept>
    <rtept lat="-31.7985601" lon="-64.9843552">
      <ele>892.00000</ele>
    </rtept>
    <rtept lat="-31.7985641" lon="-64.9843789">
      <ele>892.00000</ele>
    </rtept>
    <rtept lat="-31.7985641" lon="-64.9843979">
      <ele>892.00000</ele>
    </rtept>
    <rtept lat="-31.7985560" lon="-64.9844216">
      <ele>892.00000</ele>
    </rtept>
    <rtept lat="-31.7985358" lon="-64.9844501">
      <ele>892.00000</ele>
    </rtept>
    <rtept lat="-31.7985318" lon="-64.9844691">
      <ele>892.00000</ele>
    </rtept>
    <rtept lat="-31.7985237" lon="-64.9844834">
      <ele>892.00000</ele>
    </rtept>
    <rtept lat="-31.7985116" lon="-64.9845166">
      <ele>892.00000</ele>
    </rtept>
    <rtept lat="-31.7985036" lon="-64.9845451">
      <ele>892.00000</ele>
    </rtept>
    <rtept lat="-31.7984753" lon="-64.9845879">
      <ele>892.00000</ele>
    </rtept>
    <rtept lat="-31.7984753" lon="-64.9845973">
      <ele>892.00000</ele>
    </rtept>
    <rtept lat="-31.7984592" lon="-64.9845973">
      <ele>892.00000</ele>
    </rtept>
    <rtept lat="-31.7984430" lon="-64.9846068">
      <ele>892.00000</ele>
    </rtept>
    <rtept lat="-31.7984107" lon="-64.9846258">
      <ele>892.00000</ele>
    </rtept>
    <rtept lat="-31.7984067" lon="-64.9846306">
      <ele>892.00000</ele>
    </rtept>
    <rtept lat="-31.7983986" lon="-64.9846543">
      <ele>892.00000</ele>
    </rtept>
    <rtept lat="-31.7983946" lon="-64.9846733">
      <ele>892.00000</ele>
    </rtept>
    <rtept lat="-31.7983865" lon="-64.9847113">
      <ele>892.00000</ele>
    </rtept>
    <rtept lat="-31.7983825" lon="-64.9847351">
      <ele>892.00000</ele>
    </rtept>
    <rtept lat="-31.7983704" lon="-64.9847588">
      <ele>892.00000</ele>
    </rtept>
    <rtept lat="-31.7983663" lon="-64.9847683">
      <ele>892.00000</ele>
    </rtept>
    <rtept lat="-31.7983663" lon="-64.9848063">
      <ele>892.00000</ele>
    </rtept>
    <rtept lat="-31.7983663" lon="-64.9848253">
      <ele>892.00000</ele>
    </rtept>
    <rtept lat="-31.7983704" lon="-64.9848443">
      <ele>892.00000</ele>
    </rtept>
    <rtept lat="-31.7983663" lon="-64.9848538">
      <ele>892.00000</ele>
    </rtept>
    <rtept lat="-31.7983461" lon="-64.9848965">
      <ele>892.00000</ele>
    </rtept>
    <rtept lat="-31.7983381" lon="-64.9849108">
      <ele>892.00000</ele>
    </rtept>
    <rtept lat="-31.7983219" lon="-64.9849393">
      <ele>892.00000</ele>
    </rtept>
    <rtept lat="-31.7983098" lon="-64.9849867">
      <ele>892.00000</ele>
    </rtept>
    <rtept lat="-31.7982937" lon="-64.9850152">
      <ele>892.00000</ele>
    </rtept>
    <rtept lat="-31.7982856" lon="-64.9850342">
      <ele>892.00000</ele>
    </rtept>
    <rtept lat="-31.7982654" lon="-64.9850485">
      <ele>892.00000</ele>
    </rtept>
    <rtept lat="-31.7982533" lon="-64.9850627">
      <ele>892.00000</ele>
    </rtept>
    <rtept lat="-31.7982372" lon="-64.9851055">
      <ele>892.00000</ele>
    </rtept>
    <rtept lat="-31.7982291" lon="-64.9851292">
      <ele>892.00000</ele>
    </rtept>
    <rtept lat="-31.7982291" lon="-64.9851530">
      <ele>892.00000</ele>
    </rtept>
    <rtept lat="-31.7982291" lon="-64.9851577">
      <ele>892.00000</ele>
    </rtept>
    <rtept lat="-31.7982291" lon="-64.9851862">
      <ele>892.00000</ele>
    </rtept>
    <rtept lat="-31.7982291" lon="-64.9852004">
      <ele>892.00000</ele>
    </rtept>
    <rtept lat="-31.7982291" lon="-64.9852289">
      <ele>892.00000</ele>
    </rtept>
    <rtept lat="-31.7982291" lon="-64.9852669">
      <ele>892.00000</ele>
    </rtept>
    <rtept lat="-31.7982210" lon="-64.9853287">
      <ele>891.00000</ele>
    </rtept>
    <rtept lat="-31.7982008" lon="-64.9853619">
      <ele>891.00000</ele>
    </rtept>
    <rtept lat="-31.7981928" lon="-64.9853714">
      <ele>891.00000</ele>
    </rtept>
    <rtept lat="-31.7981645" lon="-64.9853856">
      <ele>891.00000</ele>
    </rtept>
    <rtept lat="-31.7981443" lon="-64.9853951">
      <ele>891.00000</ele>
    </rtept>
    <rtept lat="-31.7981120" lon="-64.9853999">
      <ele>891.00000</ele>
    </rtept>
    <rtept lat="-31.7980838" lon="-64.9854094">
      <ele>891.00000</ele>
    </rtept>
    <rtept lat="-31.7980717" lon="-64.9854141">
      <ele>891.00000</ele>
    </rtept>
    <rtept lat="-31.7980515" lon="-64.9854284">
      <ele>891.00000</ele>
    </rtept>
    <rtept lat="-31.7980192" lon="-64.9854474">
      <ele>891.00000</ele>
    </rtept>
    <rtept lat="-31.7980152" lon="-64.9854569">
      <ele>891.00000</ele>
    </rtept>
    <rtept lat="-31.7980031" lon="-64.9854806">
      <ele>891.00000</ele>
    </rtept>
    <rtept lat="-31.7979990" lon="-64.9854996">
      <ele>891.00000</ele>
    </rtept>
    <rtept lat="-31.7979990" lon="-64.9855281">
      <ele>891.00000</ele>
    </rtept>
    <rtept lat="-31.7979990" lon="-64.9855613">
      <ele>890.00000</ele>
    </rtept>
    <rtept lat="-31.7980111" lon="-64.9855946">
      <ele>890.00000</ele>
    </rtept>
    <rtept lat="-31.7980111" lon="-64.9855993">
      <ele>890.00000</ele>
    </rtept>
    <rtept lat="-31.7980111" lon="-64.9856183">
      <ele>890.00000</ele>
    </rtept>
    <rtept lat="-31.7980111" lon="-64.9856421">
      <ele>890.00000</ele>
    </rtept>
    <rtept lat="-31.7980111" lon="-64.9856753">
      <ele>890.00000</ele>
    </rtept>
    <rtept lat="-31.7979950" lon="-64.9857133">
      <ele>890.00000</ele>
    </rtept>
    <rtept lat="-31.7979869" lon="-64.9857370">
      <ele>890.00000</ele>
    </rtept>
    <rtept lat="-31.7979788" lon="-64.9857560">
      <ele>890.00000</ele>
    </rtept>
    <rtept lat="-31.7979667" lon="-64.9857988">
      <ele>889.00000</ele>
    </rtept>
    <rtept lat="-31.7979546" lon="-64.9858130">
      <ele>889.00000</ele>
    </rtept>
    <rtept lat="-31.7979425" lon="-64.9858320">
      <ele>889.00000</ele>
    </rtept>
    <rtept lat="-31.7979264" lon="-64.9858558">
      <ele>889.00000</ele>
    </rtept>
    <rtept lat="-31.7978981" lon="-64.9858795">
      <ele>889.00000</ele>
    </rtept>
    <rtept lat="-31.7978739" lon="-64.9858938">
      <ele>889.00000</ele>
    </rtept>
    <rtept lat="-31.7978618" lon="-64.9859127">
      <ele>889.00000</ele>
    </rtept>
    <rtept lat="-31.7978577" lon="-64.9859365">
      <ele>889.00000</ele>
    </rtept>
    <rtept lat="-31.7978537" lon="-64.9859412">
      <ele>889.00000</ele>
    </rtept>
    <rtept lat="-31.7978537" lon="-64.9859745">
      <ele>888.00000</ele>
    </rtept>
    <rtept lat="-31.7978537" lon="-64.9860030">
      <ele>888.00000</ele>
    </rtept>
    <rtept lat="-31.7978497" lon="-64.9860315">
      <ele>888.00000</ele>
    </rtept>
    <rtept lat="-31.7978456" lon="-64.9860505">
      <ele>888.00000</ele>
    </rtept>
    <rtept lat="-31.7978456" lon="-64.9860837">
      <ele>888.00000</ele>
    </rtept>
    <rtept lat="-31.7978456" lon="-64.9861169">
      <ele>888.00000</ele>
    </rtept>
    <rtept lat="-31.7978456" lon="-64.9861359">
      <ele>888.00000</ele>
    </rtept>
    <rtept lat="-31.7978456" lon="-64.9861407">
      <ele>888.00000</ele>
    </rtept>
    <rtept lat="-31.7978456" lon="-64.9861692">
      <ele>888.00000</ele>
    </rtept>
    <rtept lat="-31.7978577" lon="-64.9861929">
      <ele>888.00000</ele>
    </rtept>
    <rtept lat="-31.7978779" lon="-64.9862214">
      <ele>887.00000</ele>
    </rtept>
    <rtept lat="-31.7978860" lon="-64.9862357">
      <ele>887.00000</ele>
    </rtept>
    <rtept lat="-31.7978860" lon="-64.9862452">
      <ele>887.00000</ele>
    </rtept>
    <rtept lat="-31.7978860" lon="-64.9862879">
      <ele>887.00000</ele>
    </rtept>
    <rtept lat="-31.7978739" lon="-64.9863354">
      <ele>887.00000</ele>
    </rtept>
    <rtept lat="-31.7978698" lon="-64.9863734">
      <ele>887.00000</ele>
    </rtept>
    <rtept lat="-31.7978698" lon="-64.9863829">
      <ele>887.00000</ele>
    </rtept>
    <rtept lat="-31.7978860" lon="-64.9864066">
      <ele>886.00000</ele>
    </rtept>
    <rtept lat="-31.7978900" lon="-64.9864256">
      <ele>886.00000</ele>
    </rtept>
    <rtept lat="-31.7978940" lon="-64.9864826">
      <ele>886.00000</ele>
    </rtept>
    <rtept lat="-31.7978900" lon="-64.9865206">
      <ele>886.00000</ele>
    </rtept>
    <rtept lat="-31.7978819" lon="-64.9865443">
      <ele>886.00000</ele>
    </rtept>
    <rtept lat="-31.7978819" lon="-64.9865586">
      <ele>886.00000</ele>
    </rtept>
    <rtept lat="-31.7978658" lon="-64.9866346">
      <ele>886.00000</ele>
    </rtept>
    <rtept lat="-31.7978658" lon="-64.9866583">
      <ele>885.00000</ele>
    </rtept>
    <rtept lat="-31.7978618" lon="-64.9866678">
      <ele>885.00000</ele>
    </rtept>
    <rtept lat="-31.7978537" lon="-64.9867010">
      <ele>885.00000</ele>
    </rtept>
    <rtept lat="-31.7978537" lon="-64.9867248">
      <ele>885.00000</ele>
    </rtept>
    <rtept lat="-31.7978496" lon="-64.9867438">
      <ele>885.00000</ele>
    </rtept>
    <rtept lat="-31.7978496" lon="-64.9867723">
      <ele>885.00000</ele>
    </rtept>
    <rtept lat="-31.7978537" lon="-64.9868340">
      <ele>885.00000</ele>
    </rtept>
    <rtept lat="-31.7978537" lon="-64.9868530">
      <ele>885.00000</ele>
    </rtept>
    <rtept lat="-31.7978577" lon="-64.9868720">
      <ele>885.00000</ele>
    </rtept>
    <rtept lat="-31.7978617" lon="-64.9869052">
      <ele>885.00000</ele>
    </rtept>
    <rtept lat="-31.7978617" lon="-64.9869242">
      <ele>885.00000</ele>
    </rtept>
    <rtept lat="-31.7978698" lon="-64.9869622">
      <ele>885.00000</ele>
    </rtept>
    <rtept lat="-31.7978698" lon="-64.9869765">
      <ele>885.00000</ele>
    </rtept>
    <rtept lat="-31.7978738" lon="-64.9869955">
      <ele>885.00000</ele>
    </rtept>
    <rtept lat="-31.7978819" lon="-64.9870335">
      <ele>885.00000</ele>
    </rtept>
    <rtept lat="-31.7978860" lon="-64.9870667">
      <ele>885.00000</ele>
    </rtept>
    <rtept lat="-31.7978940" lon="-64.9871237">
      <ele>886.00000</ele>
    </rtept>
    <rtept lat="-31.7979021" lon="-64.9871569">
      <ele>886.00000</ele>
    </rtept>
    <rtept lat="-31.7979021" lon="-64.9871902">
      <ele>886.00000</ele>
    </rtept>
    <rtept lat="-31.7979061" lon="-64.9872187">
      <ele>886.00000</ele>
    </rtept>
    <rtept lat="-31.7979223" lon="-64.9872472">
      <ele>886.00000</ele>
    </rtept>
    <rtept lat="-31.7979182" lon="-64.9872757">
      <ele>886.00000</ele>
    </rtept>
    <rtept lat="-31.7979182" lon="-64.9872852">
      <ele>886.00000</ele>
    </rtept>
    <rtept lat="-31.7979263" lon="-64.9873374">
      <ele>886.00000</ele>
    </rtept>
    <rtept lat="-31.7979303" lon="-64.9873659">
      <ele>886.00000</ele>
    </rtept>
    <rtept lat="-31.7979344" lon="-64.9873754">
      <ele>886.00000</ele>
    </rtept>
    <rtept lat="-31.7979424" lon="-64.9874039">
      <ele>886.00000</ele>
    </rtept>
    <rtept lat="-31.7979465" lon="-64.9874181">
      <ele>887.00000</ele>
    </rtept>
    <rtept lat="-31.7979505" lon="-64.9874419">
      <ele>887.00000</ele>
    </rtept>
    <rtept lat="-31.7979505" lon="-64.9874656">
      <ele>887.00000</ele>
    </rtept>
    <rtept lat="-31.7979505" lon="-64.9875083">
      <ele>887.00000</ele>
    </rtept>
    <rtept lat="-31.7979505" lon="-64.9875321">
      <ele>887.00000</ele>
    </rtept>
    <rtept lat="-31.7979505" lon="-64.9875938">
      <ele>886.00000</ele>
    </rtept>
    <rtept lat="-31.7979505" lon="-64.9876413">
      <ele>886.00000</ele>
    </rtept>
    <rtept lat="-31.7979505" lon="-64.9876651">
      <ele>886.00000</ele>
    </rtept>
    <rtept lat="-31.7979465" lon="-64.9876983">
      <ele>886.00000</ele>
    </rtept>
    <rtept lat="-31.7979424" lon="-64.9877173">
      <ele>886.00000</ele>
    </rtept>
    <rtept lat="-31.7979344" lon="-64.9877410">
      <ele>886.00000</ele>
    </rtept>
    <rtept lat="-31.7979263" lon="-64.9877648">
      <ele>886.00000</ele>
    </rtept>
    <rtept lat="-31.7979182" lon="-64.9877885">
      <ele>885.00000</ele>
    </rtept>
    <rtept lat="-31.7979142" lon="-64.9878075">
      <ele>885.00000</ele>
    </rtept>
    <rtept lat="-31.7979142" lon="-64.9878360">
      <ele>885.00000</ele>
    </rtept>
    <rtept lat="-31.7979142" lon="-64.9878693">
      <ele>885.00000</ele>
    </rtept>
    <rtept lat="-31.7979142" lon="-64.9878883">
      <ele>885.00000</ele>
    </rtept>
    <rtept lat="-31.7979021" lon="-64.9879547">
      <ele>884.00000</ele>
    </rtept>
    <rtept lat="-31.7979021" lon="-64.9879832">
      <ele>884.00000</ele>
    </rtept>
    <rtept lat="-31.7979020" lon="-64.9880117">
      <ele>884.00000</ele>
    </rtept>
    <rtept lat="-31.7979020" lon="-64.9880260">
      <ele>884.00000</ele>
    </rtept>
    <rtept lat="-31.7978980" lon="-64.9881118">
      <ele>884.00000</ele>
    </rtept>
    <rtept lat="-31.7978657" lon="-64.9882970">
      <ele>883.00000</ele>
    </rtept>
    <rtept lat="-31.7977809" lon="-64.9884300">
      <ele>882.00000</ele>
    </rtept>
    <rtept lat="-31.7977648" lon="-64.9884727">
      <ele>882.00000</ele>
    </rtept>
    <rtept lat="-31.7977567" lon="-64.9884964">
      <ele>882.00000</ele>
    </rtept>
    <rtept lat="-31.7977446" lon="-64.9885297">
      <ele>882.00000</ele>
    </rtept>
    <rtept lat="-31.7977406" lon="-64.9885392">
      <ele>883.00000</ele>
    </rtept>
    <rtept lat="-31.7977285" lon="-64.9885582">
      <ele>883.00000</ele>
    </rtept>
    <rtept lat="-31.7977204" lon="-64.9885819">
      <ele>883.00000</ele>
    </rtept>
    <rtept lat="-31.7977123" lon="-64.9886009">
      <ele>883.00000</ele>
    </rtept>
    <rtept lat="-31.7977002" lon="-64.9886199">
      <ele>883.00000</ele>
    </rtept>
    <rtept lat="-31.7976841" lon="-64.9886484">
      <ele>883.00000</ele>
    </rtept>
    <rtept lat="-31.7976720" lon="-64.9886721">
      <ele>884.00000</ele>
    </rtept>
    <rtept lat="-31.7976679" lon="-64.9886864">
      <ele>884.00000</ele>
    </rtept>
    <rtept lat="-31.7976599" lon="-64.9887054">
      <ele>884.00000</ele>
    </rtept>
    <rtept lat="-31.7976518" lon="-64.9887529">
      <ele>884.00000</ele>
    </rtept>
    <rtept lat="-31.7976518" lon="-64.9887766">
      <ele>885.00000</ele>
    </rtept>
    <rtept lat="-31.7976437" lon="-64.9888146">
      <ele>885.00000</ele>
    </rtept>
    <rtept lat="-31.7976356" lon="-64.9888526">
      <ele>885.00000</ele>
    </rtept>
    <rtept lat="-31.7976235" lon="-64.9888953">
      <ele>886.00000</ele>
    </rtept>
    <rtept lat="-31.7976235" lon="-64.9889096">
      <ele>886.00000</ele>
    </rtept>
    <rtept lat="-31.7976235" lon="-64.9889381">
      <ele>886.00000</ele>
    </rtept>
    <rtept lat="-31.7976235" lon="-64.9889428">
      <ele>886.00000</ele>
    </rtept>
    <rtept lat="-31.7976235" lon="-64.9889713">
      <ele>886.00000</ele>
    </rtept>
    <rtept lat="-31.7976235" lon="-64.9890046">
      <ele>886.00000</ele>
    </rtept>
    <rtept lat="-31.7976235" lon="-64.9890141">
      <ele>886.00000</ele>
    </rtept>
    <rtept lat="-31.7976235" lon="-64.9890378">
      <ele>887.00000</ele>
    </rtept>
    <rtept lat="-31.7976235" lon="-64.9890710">
      <ele>887.00000</ele>
    </rtept>
    <rtept lat="-31.7976195" lon="-64.9891090">
      <ele>887.00000</ele>
    </rtept>
    <rtept lat="-31.7976114" lon="-64.9891328">
      <ele>887.00000</ele>
    </rtept>
    <rtept lat="-31.7976033" lon="-64.9891708">
      <ele>887.00000</ele>
    </rtept>
    <rtept lat="-31.7975952" lon="-64.9891945">
      <ele>887.00000</ele>
    </rtept>
    <rtept lat="-31.7975872" lon="-64.9892325">
      <ele>887.00000</ele>
    </rtept>
    <rtept lat="-31.7975831" lon="-64.9892515">
      <ele>887.00000</ele>
    </rtept>
    <rtept lat="-31.7975791" lon="-64.9892752">
      <ele>887.00000</ele>
    </rtept>
    <rtept lat="-31.7975751" lon="-64.9893180">
      <ele>887.00000</ele>
    </rtept>
    <rtept lat="-31.7975751" lon="-64.9893370">
      <ele>887.00000</ele>
    </rtept>
    <rtept lat="-31.7975751" lon="-64.9893655">
      <ele>887.00000</ele>
    </rtept>
    <rtept lat="-31.7975750" lon="-64.9894272">
      <ele>886.00000</ele>
    </rtept>
    <rtept lat="-31.7975750" lon="-64.9894604">
      <ele>886.00000</ele>
    </rtept>
    <rtept lat="-31.7975750" lon="-64.9894984">
      <ele>886.00000</ele>
    </rtept>
    <rtept lat="-31.7975750" lon="-64.9895269">
      <ele>885.00000</ele>
    </rtept>
    <rtept lat="-31.7975387" lon="-64.9898223">
      <ele>882.00000</ele>
    </rtept>
    <rtept lat="-31.7975156" lon="-64.9903034">
      <ele>882.00000</ele>
    </rtept>
    <rtept lat="-31.7975156" lon="-64.9903371">
      <ele>881.00000</ele>
    </rtept>
    <rtept lat="-31.7975156" lon="-64.9904609">
      <ele>881.00000</ele>
    </rtept>
    <rtept lat="-31.7975156" lon="-64.9905059">
      <ele>881.00000</ele>
    </rtept>
    <rtept lat="-31.7974965" lon="-64.9905734">
      <ele>880.00000</ele>
    </rtept>
    <rtept lat="-31.7974773" lon="-64.9906747">
      <ele>880.00000</ele>
    </rtept>
    <rtept lat="-31.7974773" lon="-64.9907197">
      <ele>880.00000</ele>
    </rtept>
    <rtept lat="-31.7974773" lon="-64.9907984">
      <ele>880.00000</ele>
    </rtept>
    <rtept lat="-31.7974678" lon="-64.9908547">
      <ele>879.00000</ele>
    </rtept>
    <rtept lat="-31.7974486" lon="-64.9909447">
      <ele>879.00000</ele>
    </rtept>
    <rtept lat="-31.7974295" lon="-64.9910010">
      <ele>879.00000</ele>
    </rtept>
    <rtept lat="-31.7974199" lon="-64.9910460">
      <ele>879.00000</ele>
    </rtept>
    <rtept lat="-31.7974008" lon="-64.9911585">
      <ele>879.00000</ele>
    </rtept>
    <rtept lat="-31.7973912" lon="-64.9911922">
      <ele>879.00000</ele>
    </rtept>
    <rtept lat="-31.7973625" lon="-64.9912597">
      <ele>880.00000</ele>
    </rtept>
    <rtept lat="-31.7973243" lon="-64.9913272">
      <ele>880.00000</ele>
    </rtept>
    <rtept lat="-31.7973052" lon="-64.9914060">
      <ele>880.00000</ele>
    </rtept>
    <rtept lat="-31.7972860" lon="-64.9914510">
      <ele>880.00000</ele>
    </rtept>
    <rtept lat="-31.7972286" lon="-64.9915298">
      <ele>880.00000</ele>
    </rtept>
    <rtept lat="-31.7971904" lon="-64.9915635">
      <ele>880.00000</ele>
    </rtept>
    <rtept lat="-31.7971617" lon="-64.9915973">
      <ele>880.00000</ele>
    </rtept>
    <rtept lat="-31.7971043" lon="-64.9916648">
      <ele>880.00000</ele>
    </rtept>
    <rtept lat="-31.7970661" lon="-64.9917323">
      <ele>881.00000</ele>
    </rtept>
    <rtept lat="-31.7970469" lon="-64.9917998">
      <ele>881.00000</ele>
    </rtept>
    <rtept lat="-31.7970087" lon="-64.9918898">
      <ele>881.00000</ele>
    </rtept>
    <rtept lat="-31.7969991" lon="-64.9919348">
      <ele>881.00000</ele>
    </rtept>
    <rtept lat="-31.7969895" lon="-64.9920473">
      <ele>881.00000</ele>
    </rtept>
    <rtept lat="-31.7969704" lon="-64.9921148">
      <ele>881.00000</ele>
    </rtept>
    <rtept lat="-31.7969608" lon="-64.9921823">
      <ele>881.00000</ele>
    </rtept>
    <rtept lat="-31.7969608" lon="-64.9922498">
      <ele>880.00000</ele>
    </rtept>
    <rtept lat="-31.7969608" lon="-64.9923623">
      <ele>880.00000</ele>
    </rtept>
    <rtept lat="-31.7969608" lon="-64.9924636">
      <ele>879.00000</ele>
    </rtept>
    <rtept lat="-31.7969512" lon="-64.9925198">
      <ele>878.00000</ele>
    </rtept>
    <rtept lat="-31.7969321" lon="-64.9925986">
      <ele>878.00000</ele>
    </rtept>
    <rtept lat="-31.7969225" lon="-64.9926661">
      <ele>878.00000</ele>
    </rtept>
    <rtept lat="-31.7969034" lon="-64.9927449">
      <ele>878.00000</ele>
    </rtept>
    <rtept lat="-31.7968938" lon="-64.9928349">
      <ele>878.00000</ele>
    </rtept>
    <rtept lat="-31.7968843" lon="-64.9928799">
      <ele>878.00000</ele>
    </rtept>
    <rtept lat="-31.7968843" lon="-64.9929924">
      <ele>878.00000</ele>
    </rtept>
    <rtept lat="-31.7968842" lon="-64.9930599">
      <ele>879.00000</ele>
    </rtept>
    <rtept lat="-31.7968842" lon="-64.9931274">
      <ele>879.00000</ele>
    </rtept>
    <rtept lat="-31.7968747" lon="-64.9932512">
      <ele>879.00000</ele>
    </rtept>
    <rtept lat="-31.7968555" lon="-64.9933299">
      <ele>879.00000</ele>
    </rtept>
    <rtept lat="-31.7968364" lon="-64.9934199">
      <ele>879.00000</ele>
    </rtept>
    <rtept lat="-31.7968268" lon="-64.9934537">
      <ele>879.00000</ele>
    </rtept>
    <rtept lat="-31.7968077" lon="-64.9935325">
      <ele>879.00000</ele>
    </rtept>
    <rtept lat="-31.7967981" lon="-64.9936337">
      <ele>879.00000</ele>
    </rtept>
    <rtept lat="-31.7967886" lon="-64.9936900">
      <ele>879.00000</ele>
    </rtept>
    <rtept lat="-31.7967694" lon="-64.9937462">
      <ele>879.00000</ele>
    </rtept>
    <rtept lat="-31.7967694" lon="-64.9938025">
      <ele>879.00000</ele>
    </rtept>
    <rtept lat="-31.7967599" lon="-64.9938700">
      <ele>879.00000</ele>
    </rtept>
    <rtept lat="-31.7967503" lon="-64.9939600">
      <ele>879.00000</ele>
    </rtept>
    <rtept lat="-31.7967407" lon="-64.9940163">
      <ele>878.00000</ele>
    </rtept>
    <rtept lat="-31.7967120" lon="-64.9941625">
      <ele>878.00000</ele>
    </rtept>
    <rtept lat="-31.7967024" lon="-64.9941850">
      <ele>877.00000</ele>
    </rtept>
    <rtept lat="-31.7966833" lon="-64.9942638">
      <ele>877.00000</ele>
    </rtept>
    <rtept lat="-31.7966833" lon="-64.9942750">
      <ele>877.00000</ele>
    </rtept>
    <rtept lat="-31.7966642" lon="-64.9943313">
      <ele>876.00000</ele>
    </rtept>
    <rtept lat="-31.7965207" lon="-64.9946352">
      <ele>876.00000</ele>
    </rtept>
    <rtept lat="-31.7964920" lon="-64.9946802">
      <ele>876.00000</ele>
    </rtept>
    <rtept lat="-31.7964729" lon="-64.9947590">
      <ele>876.00000</ele>
    </rtept>
    <rtept lat="-31.7964346" lon="-64.9949052">
      <ele>877.00000</ele>
    </rtept>
    <rtept lat="-31.7964155" lon="-64.9949952">
      <ele>877.00000</ele>
    </rtept>
    <rtept lat="-31.7964059" lon="-64.9950627">
      <ele>878.00000</ele>
    </rtept>
    <rtept lat="-31.7963772" lon="-64.9951752">
      <ele>878.00000</ele>
    </rtept>
    <rtept lat="-31.7963772" lon="-64.9951977">
      <ele>878.00000</ele>
    </rtept>
    <rtept lat="-31.7963485" lon="-64.9952765">
      <ele>879.00000</ele>
    </rtept>
    <rtept lat="-31.7963294" lon="-64.9953215">
      <ele>879.00000</ele>
    </rtept>
    <rtept lat="-31.7963103" lon="-64.9954003">
      <ele>879.00000</ele>
    </rtept>
    <rtept lat="-31.7962720" lon="-64.9954790">
      <ele>879.00000</ele>
    </rtept>
    <rtept lat="-31.7962337" lon="-64.9955690">
      <ele>878.00000</ele>
    </rtept>
    <rtept lat="-31.7961955" lon="-64.9956703">
      <ele>878.00000</ele>
    </rtept>
    <rtept lat="-31.7961859" lon="-64.9957378">
      <ele>878.00000</ele>
    </rtept>
    <rtept lat="-31.7961859" lon="-64.9957940">
      <ele>878.00000</ele>
    </rtept>
    <rtept lat="-31.7961859" lon="-64.9958953">
      <ele>877.00000</ele>
    </rtept>
    <rtept lat="-31.7962146" lon="-64.9960641">
      <ele>876.00000</ele>
    </rtept>
    <rtept lat="-31.7962337" lon="-64.9961541">
      <ele>875.00000</ele>
    </rtept>
    <rtept lat="-31.7962623" lon="-64.9962553">
      <ele>875.00000</ele>
    </rtept>
    <rtept lat="-31.7962910" lon="-64.9963229">
      <ele>875.00000</ele>
    </rtept>
    <rtept lat="-31.7963006" lon="-64.9963904">
      <ele>875.00000</ele>
    </rtept>
    <rtept lat="-31.7963101" lon="-64.9964354">
      <ele>875.00000</ele>
    </rtept>
    <rtept lat="-31.7963197" lon="-64.9964916">
      <ele>875.00000</ele>
    </rtept>
    <rtept lat="-31.7963388" lon="-64.9965254">
      <ele>875.00000</ele>
    </rtept>
    <rtept lat="-31.7963675" lon="-64.9966154">
      <ele>875.00000</ele>
    </rtept>
    <rtept lat="-31.7964057" lon="-64.9966604">
      <ele>876.00000</ele>
    </rtept>
    <rtept lat="-31.7964535" lon="-64.9967167">
      <ele>876.00000</ele>
    </rtept>
    <rtept lat="-31.7964918" lon="-64.9967729">
      <ele>876.00000</ele>
    </rtept>
    <rtept lat="-31.7965013" lon="-64.9968067">
      <ele>876.00000</ele>
    </rtept>
    <rtept lat="-31.7965492" lon="-64.9968967">
      <ele>877.00000</ele>
    </rtept>
    <rtept lat="-31.7966065" lon="-64.9969192">
      <ele>877.00000</ele>
    </rtept>
    <rtept lat="-31.7966448" lon="-64.9969530">
      <ele>877.00000</ele>
    </rtept>
    <rtept lat="-31.7966926" lon="-64.9970205">
      <ele>877.00000</ele>
    </rtept>
    <rtept lat="-31.7967213" lon="-64.9970430">
      <ele>877.00000</ele>
    </rtept>
    <rtept lat="-31.7967499" lon="-64.9970768">
      <ele>877.00000</ele>
    </rtept>
    <rtept lat="-31.7968169" lon="-64.9971668">
      <ele>877.00000</ele>
    </rtept>
    <rtept lat="-31.7968456" lon="-64.9972118">
      <ele>876.00000</ele>
    </rtept>
    <rtept lat="-31.7968934" lon="-64.9972343">
      <ele>876.00000</ele>
    </rtept>
    <rtept lat="-31.7969412" lon="-64.9972906">
      <ele>876.00000</ele>
    </rtept>
    <rtept lat="-31.7969890" lon="-64.9974143">
      <ele>874.00000</ele>
    </rtept>
    <rtept lat="-31.7970368" lon="-64.9974256">
      <ele>874.00000</ele>
    </rtept>
    <rtept lat="-31.7970655" lon="-64.9974481">
      <ele>874.00000</ele>
    </rtept>
    <rtept lat="-31.7970942" lon="-64.9975044">
      <ele>873.00000</ele>
    </rtept>
    <rtept lat="-31.7971133" lon="-64.9975381">
      <ele>873.00000</ele>
    </rtept>
    <rtept lat="-31.7971419" lon="-64.9976281">
      <ele>872.00000</ele>
    </rtept>
    <rtept lat="-31.7971802" lon="-64.9976957">
      <ele>872.00000</ele>
    </rtept>
    <rtept lat="-31.7972089" lon="-64.9977182">
      <ele>872.00000</ele>
    </rtept>
    <rtept lat="-31.7972376" lon="-64.9977294">
      <ele>872.00000</ele>
    </rtept>
    <rtept lat="-31.7972758" lon="-64.9978082">
      <ele>871.00000</ele>
    </rtept>
    <rtept lat="-31.7972949" lon="-64.9978645">
      <ele>871.00000</ele>
    </rtept>
    <rtept lat="-31.7972949" lon="-64.9978982">
      <ele>871.00000</ele>
    </rtept>
    <rtept lat="-31.7973045" lon="-64.9979657">
      <ele>871.00000</ele>
    </rtept>
    <rtept lat="-31.7973331" lon="-64.9980670">
      <ele>871.00000</ele>
    </rtept>
    <rtept lat="-31.7973714" lon="-64.9980895">
      <ele>871.00000</ele>
    </rtept>
    <rtept lat="-31.7974288" lon="-64.9980895">
      <ele>871.00000</ele>
    </rtept>
    <rtept lat="-31.7974766" lon="-64.9981008">
      <ele>871.00000</ele>
    </rtept>
    <rtept lat="-31.7975340" lon="-64.9981233">
      <ele>871.00000</ele>
    </rtept>
    <rtept lat="-31.7975626" lon="-64.9981458">
      <ele>871.00000</ele>
    </rtept>
    <rtept lat="-31.7976296" lon="-64.9981795">
      <ele>872.00000</ele>
    </rtept>
    <rtept lat="-31.7976678" lon="-64.9981908">
      <ele>872.00000</ele>
    </rtept>
    <rtept lat="-31.7977252" lon="-64.9981908">
      <ele>872.00000</ele>
    </rtept>
    <rtept lat="-31.7977730" lon="-64.9981908">
      <ele>872.00000</ele>
    </rtept>
    <rtept lat="-31.7978208" lon="-64.9981908">
      <ele>872.00000</ele>
    </rtept>
    <rtept lat="-31.7978591" lon="-64.9981908">
      <ele>873.00000</ele>
    </rtept>
    <rtept lat="-31.7978973" lon="-64.9981908">
      <ele>873.00000</ele>
    </rtept>
    <rtept lat="-31.7979643" lon="-64.9981909">
      <ele>874.00000</ele>
    </rtept>
    <rtept lat="-31.7980025" lon="-64.9981909">
      <ele>874.00000</ele>
    </rtept>
    <rtept lat="-31.7980408" lon="-64.9982021">
      <ele>875.00000</ele>
    </rtept>
    <rtept lat="-31.7980695" lon="-64.9982246">
      <ele>875.00000</ele>
    </rtept>
    <rtept lat="-31.7981173" lon="-64.9982246">
      <ele>875.00000</ele>
    </rtept>
    <rtept lat="-31.7981460" lon="-64.9982246">
      <ele>876.00000</ele>
    </rtept>
    <rtept lat="-31.7982225" lon="-64.9982247">
      <ele>876.00000</ele>
    </rtept>
    <rtept lat="-31.7982511" lon="-64.9982247">
      <ele>877.00000</ele>
    </rtept>
    <rtept lat="-31.7982798" lon="-64.9982697">
      <ele>877.00000</ele>
    </rtept>
    <rtept lat="-31.7983563" lon="-64.9982922">
      <ele>877.00000</ele>
    </rtept>
    <rtept lat="-31.7984233" lon="-64.9982922">
      <ele>877.00000</ele>
    </rtept>
    <rtept lat="-31.7984520" lon="-64.9982922">
      <ele>877.00000</ele>
    </rtept>
    <rtept lat="-31.7984998" lon="-64.9982810">
      <ele>877.00000</ele>
    </rtept>
    <rtept lat="-31.7985571" lon="-64.9982472">
      <ele>876.00000</ele>
    </rtept>
    <rtept lat="-31.7986050" lon="-64.9982247">
      <ele>876.00000</ele>
    </rtept>
    <rtept lat="-31.7986623" lon="-64.9982135">
      <ele>875.00000</ele>
    </rtept>
    <rtept lat="-31.7986815" lon="-64.9982022">
      <ele>875.00000</ele>
    </rtept>
    <rtept lat="-31.7987484" lon="-64.9981798">
      <ele>873.00000</ele>
    </rtept>
    <rtept lat="-31.7988058" lon="-64.9981573">
      <ele>873.00000</ele>
    </rtept>
    <rtept lat="-31.7988536" lon="-64.9981573">
      <ele>872.00000</ele>
    </rtept>
    <rtept lat="-31.7989205" lon="-64.9981573">
      <ele>872.00000</ele>
    </rtept>
    <rtept lat="-31.7989588" lon="-64.9981460">
      <ele>872.00000</ele>
    </rtept>
    <rtept lat="-31.7990162" lon="-64.9981235">
      <ele>872.00000</ele>
    </rtept>
    <rtept lat="-31.7990736" lon="-64.9980898">
      <ele>872.00000</ele>
    </rtept>
    <rtept lat="-31.7991309" lon="-64.9980673">
      <ele>872.00000</ele>
    </rtept>
    <rtept lat="-31.7991596" lon="-64.9980336">
      <ele>872.00000</ele>
    </rtept>
    <rtept lat="-31.7991883" lon="-64.9979886">
      <ele>872.00000</ele>
    </rtept>
    <rtept lat="-31.7992170" lon="-64.9979661">
      <ele>872.00000</ele>
    </rtept>
    <rtept lat="-31.7992648" lon="-64.9979323">
      <ele>873.00000</ele>
    </rtept>
    <rtept lat="-31.7993126" lon="-64.9979098">
      <ele>873.00000</ele>
    </rtept>
    <rtept lat="-31.7993605" lon="-64.9978873">
      <ele>874.00000</ele>
    </rtept>
    <rtept lat="-31.7994083" lon="-64.9978873">
      <ele>874.00000</ele>
    </rtept>
    <rtept lat="-31.7994465" lon="-64.9978873">
      <ele>874.00000</ele>
    </rtept>
    <rtept lat="-31.7995326" lon="-64.9978874">
      <ele>874.00000</ele>
    </rtept>
    <rtept lat="-31.7995804" lon="-64.9978874">
      <ele>874.00000</ele>
    </rtept>
    <rtept lat="-31.7996282" lon="-64.9978874">
      <ele>874.00000</ele>
    </rtept>
    <rtept lat="-31.7996569" lon="-64.9978874">
      <ele>874.00000</ele>
    </rtept>
    <rtept lat="-31.7997047" lon="-64.9979324">
      <ele>874.00000</ele>
    </rtept>
    <rtept lat="-31.7997238" lon="-64.9979887">
      <ele>874.00000</ele>
    </rtept>
    <rtept lat="-31.7997334" lon="-64.9980449">
      <ele>874.00000</ele>
    </rtept>
    <rtept lat="-31.7998099" lon="-64.9981124">
      <ele>874.00000</ele>
    </rtept>
    <rtept lat="-31.7998577" lon="-64.9980899">
      <ele>874.00000</ele>
    </rtept>
    <rtept lat="-31.7998003" lon="-64.9983343">
      <ele>876.00000</ele>
    </rtept>
    <rtept lat="-31.7996377" lon="-64.9987056">
      <ele>875.00000</ele>
    </rtept>
    <rtept lat="-31.7993411" lon="-64.9992681">
      <ele>877.00000</ele>
    </rtept>
    <rtept lat="-31.7991307" lon="-64.9997519">
      <ele>883.00000</ele>
    </rtept>
    <rtept lat="-31.7988342" lon="-65.0001682">
      <ele>882.00000</ele>
    </rtept>
    <rtept lat="-31.7984038" lon="-65.0006744">
      <ele>878.00000</ele>
    </rtept>
    <rtept lat="-31.7980308" lon="-65.0010906">
      <ele>875.00000</ele>
    </rtept>
    <rtept lat="-31.7979160" lon="-65.0013719">
      <ele>876.00000</ele>
    </rtept>
    <rtept lat="-31.7977629" lon="-65.0020694">
      <ele>879.00000</ele>
    </rtept>
    <rtept lat="-31.7976576" lon="-65.0025307">
      <ele>882.00000</ele>
    </rtept>
    <rtept lat="-31.7975428" lon="-65.0030933">
      <ele>886.00000</ele>
    </rtept>
    <rtept lat="-31.7974217" lon="-65.0030944">
      <ele>886.00000</ele>
    </rtept>
    <rtept lat="-31.7972929" lon="-65.0030470">
      <ele>886.00000</ele>
    </rtept>
    <rtept lat="-31.7971842" lon="-65.0030233">
      <ele>886.00000</ele>
    </rtept>
    <rtept lat="-31.7971037" lon="-65.0030090">
      <ele>886.00000</ele>
    </rtept>
    <rtept lat="-31.7970514" lon="-65.0029759">
      <ele>886.00000</ele>
    </rtept>
    <rtept lat="-31.7970030" lon="-65.0030043">
      <ele>886.00000</ele>
    </rtept>
  </rte>
</gpx>

